date,location_id,location_name,mean
2020-02-01,523,Alabama,0.0
2020-02-02,523,Alabama,0.0
2020-02-03,523,Alabama,0.0
2020-02-04,523,Alabama,0.0
2020-02-05,523,Alabama,0.0
2020-02-06,523,Alabama,0.0
2020-02-07,523,Alabama,0.0
2020-02-08,523,Alabama,0.0
2020-02-09,523,Alabama,0.0
2020-02-10,523,Alabama,0.0
2020-02-11,523,Alabama,0.0
2020-02-12,523,Alabama,0.0
2020-02-13,523,Alabama,0.0
2020-02-14,523,Alabama,0.0
2020-02-15,523,Alabama,0.0
2020-02-16,523,Alabama,0.0
2020-02-17,523,Alabama,0.0
2020-02-18,523,Alabama,0.0
2020-02-19,523,Alabama,0.0
2020-02-20,523,Alabama,0.0
2020-02-21,523,Alabama,0.0
2020-02-22,523,Alabama,16.21170704557687
2020-02-23,523,Alabama,7.2688797675457035
2020-02-24,523,Alabama,4.412224321634196
2020-02-25,523,Alabama,3.2290190405617345
2020-02-26,523,Alabama,2.605668912346732
2020-02-27,523,Alabama,2.1162564126685903
2020-02-28,523,Alabama,1.8468075393969818
2020-02-29,523,Alabama,1.6883147758285415
2020-03-01,523,Alabama,1.5885670720440725
2020-03-02,523,Alabama,1.5187646913863826
2020-03-03,523,Alabama,1.4640165213339387
2020-03-04,523,Alabama,1.417683448721592
2020-03-05,523,Alabama,1.3759157595030325
2020-03-06,523,Alabama,1.3365124710882068
2020-03-07,523,Alabama,1.2970440769724219
2020-03-08,523,Alabama,1.256897208252078
2020-03-09,523,Alabama,1.2163230263270715
2020-03-10,523,Alabama,1.1750594387240563
2020-03-11,523,Alabama,1.1333022227306082
2020-03-12,523,Alabama,1.0911509534134032
2020-03-13,523,Alabama,1.0489872085575394
2020-03-14,523,Alabama,1.0066297825528496
2020-03-15,523,Alabama,0.9638421811402293
2020-03-16,523,Alabama,0.9215812468202437
2020-03-17,523,Alabama,0.8798676529663692
2020-03-18,523,Alabama,0.838744535126636
2020-03-19,523,Alabama,0.7984675000803414
2020-03-20,523,Alabama,0.7595279865715043
2020-03-21,523,Alabama,0.7221776289884916
2020-03-22,523,Alabama,0.6865930478409817
2020-03-23,523,Alabama,0.6535325194049014
2020-03-24,523,Alabama,0.6230403123450187
2020-03-25,523,Alabama,0.5952836045887043
2020-03-26,523,Alabama,0.5704963412110534
2020-03-27,523,Alabama,0.5488067753608046
2020-03-28,523,Alabama,0.530440687354108
2020-03-29,523,Alabama,0.5152062620706424
2020-03-30,523,Alabama,0.5030284277232283
2020-03-31,523,Alabama,0.4938830912254238
2020-04-01,523,Alabama,0.48765599890686134
2020-04-02,523,Alabama,0.4840925657819921
2020-04-03,523,Alabama,0.4829153806866651
2020-04-04,523,Alabama,0.48380757839806743
2020-04-05,523,Alabama,0.4864152739796767
2020-04-06,523,Alabama,0.49031395054537563
2020-04-07,523,Alabama,0.4949705408855978
2020-04-08,523,Alabama,0.500042007516121
2020-04-09,523,Alabama,0.505152829293008
2020-04-10,523,Alabama,0.5099012920612359
2020-04-11,523,Alabama,0.5139367975813502
2020-04-12,523,Alabama,0.5168709628295398
2020-04-13,523,Alabama,0.518530459979538
2020-04-14,523,Alabama,0.5187943596980846
2020-04-15,523,Alabama,0.5175712422712392
2020-04-16,523,Alabama,0.5148093875028581
2020-04-17,523,Alabama,0.5105901174667197
2020-04-18,523,Alabama,0.5050693880524232
2020-04-19,523,Alabama,0.49841374248507436
2020-04-20,523,Alabama,0.4908214533846201
2020-04-21,523,Alabama,0.482515538200428
2020-04-22,523,Alabama,0.4735569995222019
2020-04-23,523,Alabama,0.4645731151037235
2020-04-24,523,Alabama,0.45564133052414874
2020-04-25,523,Alabama,0.4468501568938144
2020-04-26,523,Alabama,0.43832161574776857
2020-04-27,523,Alabama,0.4302053750375244
2020-04-28,523,Alabama,0.42267051182693294
2020-04-29,523,Alabama,0.4158954499942332
2020-04-30,523,Alabama,0.4100630718243987
2020-05-01,523,Alabama,0.4052284793365876
2020-05-02,523,Alabama,0.40141423978816915
2020-05-03,523,Alabama,0.3986702762400965
2020-05-04,523,Alabama,0.3970321949060905
2020-05-05,523,Alabama,0.3965212578112836
2020-05-06,523,Alabama,0.397139789026756
2020-05-07,523,Alabama,0.39886158243602715
2020-05-08,523,Alabama,0.40162542559764014
2020-05-09,523,Alabama,0.40544143750561773
2020-05-10,523,Alabama,0.4099714857861098
2020-05-11,523,Alabama,0.4151027933809525
2020-05-12,523,Alabama,0.4207113594917525
2020-05-13,523,Alabama,0.42663347132047613
2020-05-14,523,Alabama,0.43267227547902654
2020-05-15,523,Alabama,0.43860417031791404
2020-05-16,523,Alabama,0.44418908204177326
2020-05-17,523,Alabama,0.4491824576126218
2020-05-18,523,Alabama,0.4534199384604042
2020-05-19,523,Alabama,0.456799221808219
2020-05-20,523,Alabama,0.4592437663301675
2020-05-21,523,Alabama,0.46071219489593535
2020-05-22,523,Alabama,0.4612131118881359
2020-05-23,523,Alabama,0.46082237522577885
2020-05-24,523,Alabama,0.45968318248209067
2020-05-25,523,Alabama,0.4579989234555722
2020-05-26,523,Alabama,0.45595581560783743
2020-05-27,523,Alabama,0.4539303375229992
2020-05-28,523,Alabama,0.45209804807732545
2020-05-29,523,Alabama,0.4505957224368939
2020-05-30,523,Alabama,0.4495607183134131
2020-05-31,523,Alabama,0.4491296944823007
2020-06-01,523,Alabama,0.44943722117562823
2020-06-02,523,Alabama,0.45059682446936744
2020-06-03,523,Alabama,0.45263644079600307
2020-06-04,523,Alabama,0.4555720223170497
2020-06-05,523,Alabama,0.459391143477083
2020-06-06,523,Alabama,0.46404794789649817
2020-06-07,523,Alabama,0.4694640749291681
2020-06-08,523,Alabama,0.47553074884991486
2020-06-09,523,Alabama,0.48220008339880394
2020-06-10,523,Alabama,0.4892245736157723
2020-06-11,523,Alabama,0.4964778974175463
2020-06-12,523,Alabama,0.5038893912385773
2020-06-13,523,Alabama,0.5113889541938693
2020-06-14,523,Alabama,0.5189071704812562
2020-06-15,523,Alabama,0.5263736963169964
2020-06-16,523,Alabama,0.5337133104992074
2020-06-17,523,Alabama,0.5408443792509134
2020-06-18,523,Alabama,0.5476787637138592
2020-06-19,523,Alabama,0.5541199418493485
2020-06-20,523,Alabama,0.5600937804849383
2020-06-21,523,Alabama,0.5654833331428984
2020-06-22,523,Alabama,0.5701630867847766
2020-06-23,523,Alabama,0.5741006807719831
2020-06-24,523,Alabama,0.577247650432858
2020-06-25,523,Alabama,0.5795419056293617
2020-06-26,523,Alabama,0.5809078896759368
2020-06-27,523,Alabama,0.5813119143049341
2020-06-28,523,Alabama,0.5806421394646529
2020-06-29,523,Alabama,0.5788706497385784
2020-06-30,523,Alabama,0.5760458454893616
2020-07-01,523,Alabama,0.5722023032104208
2020-07-02,523,Alabama,0.567367166333315
2020-07-03,523,Alabama,0.5615682687197937
2020-07-04,523,Alabama,0.5548277905507236
2020-07-05,523,Alabama,0.5472877197488155
2020-07-06,523,Alabama,0.5390334853303569
2020-07-07,523,Alabama,0.5301338701117874
2020-07-08,523,Alabama,0.5206724483437098
2020-07-09,523,Alabama,0.5107462620849144
2020-07-10,523,Alabama,0.5004726437580966
2020-07-11,523,Alabama,0.48994947240183306
2020-07-12,523,Alabama,0.47941386452880835
2020-07-13,523,Alabama,0.4689683833424282
2020-07-14,523,Alabama,0.4587316423629693
2020-07-15,523,Alabama,0.44886305087708334
2020-07-16,523,Alabama,0.4395573850961827
2020-07-17,523,Alabama,0.43098649973864006
2020-07-18,523,Alabama,0.42335217839603895
2020-07-19,523,Alabama,0.41676752227729524
2020-07-20,523,Alabama,0.4113539738173667
2020-07-21,523,Alabama,0.40723018839374364
2020-07-22,523,Alabama,0.4045122580923315
2020-07-23,523,Alabama,0.40325526633413883
2020-07-24,523,Alabama,0.403460301071669
2020-07-25,523,Alabama,0.40515945894652633
2020-07-26,523,Alabama,0.40833119218547703
2020-07-27,523,Alabama,0.4128787728471691
2020-07-28,523,Alabama,0.4186869992436846
2020-07-29,523,Alabama,0.42542987533652593
2020-07-30,523,Alabama,0.4327990314776988
2020-07-31,523,Alabama,0.44055393939873244
2020-08-01,523,Alabama,0.44839813156164754
2020-08-02,523,Alabama,0.4559901649048068
2020-08-03,523,Alabama,0.4629542827388239
2020-08-04,523,Alabama,0.46892459294610334
2020-08-05,523,Alabama,0.47360003349887797
2020-08-06,523,Alabama,0.47677929130753993
2020-08-07,523,Alabama,0.4783512394750543
2020-08-08,523,Alabama,0.4782696890135478
2020-08-09,523,Alabama,0.4765649346779561
2020-08-10,523,Alabama,0.47335206426797355
2020-08-11,523,Alabama,0.4688028693362956
2020-08-12,523,Alabama,0.4632519624631322
2020-08-13,523,Alabama,0.45697884342395095
2020-08-14,523,Alabama,0.4502308374387953
2020-08-15,523,Alabama,0.44327827519950563
2020-08-16,523,Alabama,0.4363868889374096
2020-08-17,523,Alabama,0.42980597404255566
2020-08-18,523,Alabama,0.42371815138992935
2020-08-19,523,Alabama,0.41825600033889826
2020-08-20,523,Alabama,0.4135595206823005
2020-08-21,523,Alabama,0.4097740184133825
2020-08-22,523,Alabama,0.4070096675346911
2020-08-23,523,Alabama,0.4053433859599137
2020-08-24,523,Alabama,0.40484134138899214
2020-08-25,523,Alabama,0.40555263325755464
2020-08-26,523,Alabama,0.40750584652894495
2020-08-27,523,Alabama,0.41070742384308423
2020-08-28,523,Alabama,0.415156001775843
2020-08-29,523,Alabama,0.4208691884982292
2020-08-30,523,Alabama,0.4278593319755758
2020-08-31,523,Alabama,0.436128242700094
2020-09-01,523,Alabama,0.44551081916688173
2020-09-02,523,Alabama,0.45558908887668426
2020-09-03,523,Alabama,0.46611070887173406
2020-09-04,523,Alabama,0.47669870893148303
2020-09-05,523,Alabama,0.4869168560378941
2020-09-06,523,Alabama,0.49639911641705714
2020-09-07,523,Alabama,0.5048726652983239
2020-09-08,523,Alabama,0.5121830722488221
2020-09-09,523,Alabama,0.5174428088790425
2020-09-10,523,Alabama,0.5216503138973743
2020-09-11,523,Alabama,0.5250120778916773
2020-09-12,523,Alabama,0.5276478600831422
2020-09-13,523,Alabama,0.5295160472757463
2020-09-14,523,Alabama,0.5318868029435153
2020-09-15,523,Alabama,0.5337846080633761
2020-09-16,523,Alabama,0.5351571856271375
2020-09-17,523,Alabama,0.5361548188011339
2020-09-18,523,Alabama,0.5376005729584601
2020-09-19,523,Alabama,0.5395068721314003
2020-09-20,523,Alabama,0.5414132593096799
2020-09-21,523,Alabama,0.5432718347992241
2020-02-01,524,Alaska,0.0
2020-02-02,524,Alaska,0.0
2020-02-03,524,Alaska,0.0
2020-02-04,524,Alaska,0.0
2020-02-05,524,Alaska,0.0
2020-02-06,524,Alaska,0.0
2020-02-07,524,Alaska,0.0
2020-02-08,524,Alaska,0.0
2020-02-09,524,Alaska,0.0
2020-02-10,524,Alaska,0.0
2020-02-11,524,Alaska,0.0
2020-02-12,524,Alaska,0.0
2020-02-13,524,Alaska,0.0
2020-02-14,524,Alaska,0.0
2020-02-15,524,Alaska,0.0
2020-02-16,524,Alaska,0.0
2020-02-17,524,Alaska,0.0
2020-02-18,524,Alaska,0.0
2020-02-19,524,Alaska,5.136494034166586
2020-02-20,524,Alaska,5.264417275742346
2020-02-21,524,Alaska,3.8177547445702844
2020-02-22,524,Alaska,2.8979726142979136
2020-02-23,524,Alaska,2.3449648756390746
2020-02-24,524,Alaska,1.9004545180443904
2020-02-25,524,Alaska,1.6490886097881825
2020-02-26,524,Alaska,1.4967467708500612
2020-02-27,524,Alaska,1.3969025140755125
2020-02-28,524,Alaska,1.325594316765996
2020-02-29,524,Alaska,1.26975939216912
2020-03-01,524,Alaska,1.2223518093629997
2020-03-02,524,Alaska,1.1797899603191082
2020-03-03,524,Alaska,1.140020881997766
2020-03-04,524,Alaska,1.1010824105354726
2020-03-05,524,Alaska,1.0621060878518023
2020-03-06,524,Alaska,1.0228261203345081
2020-03-07,524,Alaska,0.9827857825985139
2020-03-08,524,Alaska,0.9420887715594368
2020-03-09,524,Alaska,0.8996156915519996
2020-03-10,524,Alaska,0.8559393745700925
2020-03-11,524,Alaska,0.8111666195825981
2020-03-12,524,Alaska,0.7651335217622908
2020-03-13,524,Alaska,0.7179101133598067
2020-03-14,524,Alaska,0.6701717922154748
2020-03-15,524,Alaska,0.6221287662154777
2020-03-16,524,Alaska,0.5742063232433574
2020-03-17,524,Alaska,0.5269540280424816
2020-03-18,524,Alaska,0.48090354011340836
2020-03-19,524,Alaska,0.43666883668169876
2020-03-20,524,Alaska,0.3948789734409144
2020-03-21,524,Alaska,0.35586198862167867
2020-03-22,524,Alaska,0.31999415438211704
2020-03-23,524,Alaska,0.28749605040467624
2020-03-24,524,Alaska,0.2583762848284554
2020-03-25,524,Alaska,0.23263043369907985
2020-03-26,524,Alaska,0.21012530383395617
2020-03-27,524,Alaska,0.19069414860659092
2020-03-28,524,Alaska,0.17415089239482323
2020-03-29,524,Alaska,0.16017572740399863
2020-03-30,524,Alaska,0.1486625656186916
2020-03-31,524,Alaska,0.139457908490843
2020-04-01,524,Alaska,0.1323559631283289
2020-04-02,524,Alaska,0.1271820059134678
2020-04-03,524,Alaska,0.1237061701813616
2020-04-04,524,Alaska,0.1218794219707532
2020-04-05,524,Alaska,0.12163749420100037
2020-04-06,524,Alaska,0.12288899549717075
2020-04-07,524,Alaska,0.12555395377206263
2020-04-08,524,Alaska,0.12962779340777167
2020-04-09,524,Alaska,0.135118432685249
2020-04-10,524,Alaska,0.14201602115808565
2020-04-11,524,Alaska,0.15027135975725803
2020-04-12,524,Alaska,0.15977486199000207
2020-04-13,524,Alaska,0.17041796930407344
2020-04-14,524,Alaska,0.18194590735428554
2020-04-15,524,Alaska,0.19402432549137505
2020-04-16,524,Alaska,0.20628602459414724
2020-04-17,524,Alaska,0.21832255044490562
2020-04-18,524,Alaska,0.22977688619578884
2020-04-19,524,Alaska,0.2401979100653094
2020-04-20,524,Alaska,0.24922426431168074
2020-04-21,524,Alaska,0.25661667208973227
2020-04-22,524,Alaska,0.26226500748897885
2020-04-23,524,Alaska,0.2661459937812909
2020-04-24,524,Alaska,0.268279703001099
2020-04-25,524,Alaska,0.26886091140004204
2020-04-26,524,Alaska,0.2682258950313234
2020-04-27,524,Alaska,0.266858518586435
2020-04-28,524,Alaska,0.26519156410536177
2020-04-29,524,Alaska,0.26364816573231203
2020-04-30,524,Alaska,0.2626961219898045
2020-05-01,524,Alaska,0.26279916596544584
2020-05-02,524,Alaska,0.26435978688246003
2020-05-03,524,Alaska,0.2677032538282384
2020-05-04,524,Alaska,0.27315310926105685
2020-05-05,524,Alaska,0.2810471142628199
2020-05-06,524,Alaska,0.2916392665735515
2020-05-07,524,Alaska,0.30537944473179857
2020-05-08,524,Alaska,0.3224416301397595
2020-05-09,524,Alaska,0.34287669188052805
2020-05-10,524,Alaska,0.3665806866027534
2020-05-11,524,Alaska,0.393269961433223
2020-05-12,524,Alaska,0.42248350457276024
2020-05-13,524,Alaska,0.45353327542974525
2020-05-14,524,Alaska,0.48570805290439734
2020-05-15,524,Alaska,0.5179043205504996
2020-05-16,524,Alaska,0.5490185642324703
2020-05-17,524,Alaska,0.5781080761444474
2020-05-18,524,Alaska,0.6045196125944463
2020-05-19,524,Alaska,0.6274675601080368
2020-05-20,524,Alaska,0.6464515850427336
2020-05-21,524,Alaska,0.6613403707190038
2020-05-22,524,Alaska,0.6721894981438138
2020-05-23,524,Alaska,0.6791575475620517
2020-05-24,524,Alaska,0.6824313616215664
2020-05-25,524,Alaska,0.6822180537008333
2020-05-26,524,Alaska,0.6786711363124133
2020-05-27,524,Alaska,0.6722074409686647
2020-05-28,524,Alaska,0.6630651885025024
2020-05-29,524,Alaska,0.6512832028405777
2020-05-30,524,Alaska,0.6371542055805346
2020-05-31,524,Alaska,0.6208981451185099
2020-06-01,524,Alaska,0.6026676376595531
2020-06-02,524,Alaska,0.5827228883901725
2020-06-03,524,Alaska,0.5615054910662874
2020-06-04,524,Alaska,0.5393364867262227
2020-06-05,524,Alaska,0.5168297779188563
2020-06-06,524,Alaska,0.4945177746938811
2020-06-07,524,Alaska,0.47268089723357015
2020-06-08,524,Alaska,0.45163149231244726
2020-06-09,524,Alaska,0.4316861948570261
2020-06-10,524,Alaska,0.4130300061191277
2020-06-11,524,Alaska,0.39598459500803285
2020-06-12,524,Alaska,0.3805106796017826
2020-06-13,524,Alaska,0.36660383313283174
2020-06-14,524,Alaska,0.35432944665933225
2020-06-15,524,Alaska,0.34380087088303646
2020-06-16,524,Alaska,0.3350879472204951
2020-06-17,524,Alaska,0.32822777142876786
2020-06-18,524,Alaska,0.32325958353699913
2020-06-19,524,Alaska,0.3202314174773632
2020-06-20,524,Alaska,0.3191906042431227
2020-06-21,524,Alaska,0.32025574253333655
2020-06-22,524,Alaska,0.3233078930567732
2020-06-23,524,Alaska,0.3283626036144475
2020-06-24,524,Alaska,0.33548412420654616
2020-06-25,524,Alaska,0.34470488864170096
2020-06-26,524,Alaska,0.3560085986559538
2020-06-27,524,Alaska,0.36929930196458227
2020-06-28,524,Alaska,0.3843604351954517
2020-06-29,524,Alaska,0.40081650502779015
2020-06-30,524,Alaska,0.4181306537392188
2020-07-01,524,Alaska,0.43563802270069574
2020-07-02,524,Alaska,0.4526033847999638
2020-07-03,524,Alaska,0.4682325018530591
2020-07-04,524,Alaska,0.48170783813803564
2020-07-05,524,Alaska,0.4921860122870582
2020-07-06,524,Alaska,0.49915162278721653
2020-07-07,524,Alaska,0.5022541568219939
2020-07-08,524,Alaska,0.5013092275056612
2020-07-09,524,Alaska,0.4964212325877847
2020-07-10,524,Alaska,0.48798672152959754
2020-07-11,524,Alaska,0.4765165938636052
2020-07-12,524,Alaska,0.4626499296750621
2020-07-13,524,Alaska,0.44722362942454175
2020-07-14,524,Alaska,0.43092341699044756
2020-07-15,524,Alaska,0.4144540955342803
2020-07-16,524,Alaska,0.3985528363121287
2020-07-17,524,Alaska,0.3839258765432426
2020-07-18,524,Alaska,0.37090353264406817
2020-07-19,524,Alaska,0.3598671959806955
2020-07-20,524,Alaska,0.35122727898513584
2020-07-21,524,Alaska,0.34532799038105744
2020-07-22,524,Alaska,0.34238758323190394
2020-07-23,524,Alaska,0.3425663161345362
2020-07-24,524,Alaska,0.3459925408420163
2020-07-25,524,Alaska,0.3527297509371173
2020-07-26,524,Alaska,0.3627472124955462
2020-07-27,524,Alaska,0.3758065778800159
2020-07-28,524,Alaska,0.3915611551085032
2020-07-29,524,Alaska,0.40942625466416066
2020-07-30,524,Alaska,0.4285882415376419
2020-07-31,524,Alaska,0.4478984181977172
2020-08-01,524,Alaska,0.4662410146306729
2020-08-02,524,Alaska,0.4823642322568615
2020-08-03,524,Alaska,0.49504023836510574
2020-08-04,524,Alaska,0.5030785243583418
2020-08-05,524,Alaska,0.5059258157867154
2020-08-06,524,Alaska,0.5032611903676311
2020-08-07,524,Alaska,0.49506163283777266
2020-08-08,524,Alaska,0.48183957257050164
2020-08-09,524,Alaska,0.4644220212649553
2020-08-10,524,Alaska,0.44382718793035264
2020-08-11,524,Alaska,0.42120571325397516
2020-08-12,524,Alaska,0.3977920525111465
2020-08-13,524,Alaska,0.3745620765080429
2020-08-14,524,Alaska,0.35242178758818277
2020-08-15,524,Alaska,0.33216835634937564
2020-08-16,524,Alaska,0.3142118177348277
2020-08-17,524,Alaska,0.29890631150924707
2020-08-18,524,Alaska,0.2865612333149075
2020-08-19,524,Alaska,0.2773594915939824
2020-08-20,524,Alaska,0.2715233807868236
2020-08-21,524,Alaska,0.26935664717598223
2020-08-22,524,Alaska,0.2712798194921256
2020-08-23,524,Alaska,0.27769454918946
2020-08-24,524,Alaska,0.28920672784943696
2020-08-25,524,Alaska,0.3064188829424681
2020-08-26,524,Alaska,0.32981144531298373
2020-08-27,524,Alaska,0.3595574361004762
2020-08-28,524,Alaska,0.39528211996432616
2020-08-29,524,Alaska,0.43583764653373686
2020-08-30,524,Alaska,0.4790913469237179
2020-08-31,524,Alaska,0.5217289902710538
2020-09-01,524,Alaska,0.5596122879199784
2020-09-02,524,Alaska,0.5881912394829246
2020-09-03,524,Alaska,0.6037098920419942
2020-09-04,524,Alaska,0.6046855281459452
2020-09-05,524,Alaska,0.5921409649730995
2020-09-06,524,Alaska,0.5700855003100672
2020-09-07,524,Alaska,0.5431375253012726
2020-09-08,524,Alaska,0.5153581614115604
2020-09-09,524,Alaska,0.49101181213225237
2020-09-10,524,Alaska,0.471534919914591
2020-09-11,524,Alaska,0.45710114694248966
2020-09-12,524,Alaska,0.447156215618495
2020-09-13,524,Alaska,0.44089404166130486
2020-09-14,524,Alaska,0.43805037724352164
2020-09-15,524,Alaska,0.437157240608896
2020-09-16,524,Alaska,0.43741840390473474
2020-09-17,524,Alaska,0.43837748482497185
2020-09-18,524,Alaska,0.4397434792420839
2020-09-19,524,Alaska,0.44124235791686994
2020-09-20,524,Alaska,0.44261903262235147
2020-09-21,524,Alaska,0.4435845489170137
2020-02-01,525,Arizona,7.894498255590064e+16
2020-02-02,525,Arizona,3.103006493524413
2020-02-03,525,Arizona,1.3393491478410962
2020-02-04,525,Arizona,0.8307723184128194
2020-02-05,525,Arizona,0.6095504344655303
2020-02-06,525,Arizona,0.49476156399837784
2020-02-07,525,Arizona,0.43015635571062827
2020-02-08,525,Arizona,0.39354918770231495
2020-02-09,525,Arizona,0.3746483830763634
2020-02-10,525,Arizona,0.36829269598141895
2020-02-11,525,Arizona,0.3717190391016778
2020-02-12,525,Arizona,0.383444408766733
2020-02-13,525,Arizona,0.40275261721643557
2020-02-14,525,Arizona,0.42932032215591887
2020-02-15,525,Arizona,0.4630537812126938
2020-02-16,525,Arizona,0.5040382834440397
2020-02-17,525,Arizona,0.5522599918990702
2020-02-18,525,Arizona,0.6077748651593781
2020-02-19,525,Arizona,0.6706267332922553
2020-02-20,525,Arizona,0.7401383651761442
2020-02-21,525,Arizona,0.8166652336009593
2020-02-22,525,Arizona,0.8979562408278293
2020-02-23,525,Arizona,0.982541381124847
2020-02-24,525,Arizona,1.066956529540483
2020-02-25,525,Arizona,1.149350746396161
2020-02-26,525,Arizona,1.2267017945855512
2020-02-27,525,Arizona,1.2957208350278713
2020-02-28,525,Arizona,1.356189079223909
2020-02-29,525,Arizona,1.4047792368980558
2020-03-01,525,Arizona,1.4408605128762613
2020-03-02,525,Arizona,1.4628388701911172
2020-03-03,525,Arizona,1.4713364347225153
2020-03-04,525,Arizona,1.468014590294221
2020-03-05,525,Arizona,1.4528186996305745
2020-03-06,525,Arizona,1.4287138207809313
2020-03-07,525,Arizona,1.39590924330105
2020-03-08,525,Arizona,1.355232607804815
2020-03-09,525,Arizona,1.3084478757916762
2020-03-10,525,Arizona,1.257190352787028
2020-03-11,525,Arizona,1.2026762039326544
2020-03-12,525,Arizona,1.1463908495966493
2020-03-13,525,Arizona,1.0885986090278896
2020-03-14,525,Arizona,1.030923025834925
2020-03-15,525,Arizona,0.9739260619197047
2020-03-16,525,Arizona,0.9181310825798853
2020-03-17,525,Arizona,0.8646251135043239
2020-03-18,525,Arizona,0.8139265287426417
2020-03-19,525,Arizona,0.7666369970457674
2020-03-20,525,Arizona,0.723213326893165
2020-03-21,525,Arizona,0.6837479933971289
2020-03-22,525,Arizona,0.6483990575574072
2020-03-23,525,Arizona,0.6172348036860055
2020-03-24,525,Arizona,0.5904536772369869
2020-03-25,525,Arizona,0.567744697002393
2020-03-26,525,Arizona,0.5489855891594824
2020-03-27,525,Arizona,0.5341047831757114
2020-03-28,525,Arizona,0.5229528415134671
2020-03-29,525,Arizona,0.5152257789685749
2020-03-30,525,Arizona,0.5106259367096897
2020-03-31,525,Arizona,0.5088911503136533
2020-04-01,525,Arizona,0.5096518592764028
2020-04-02,525,Arizona,0.5125443161502792
2020-04-03,525,Arizona,0.5173058501404169
2020-04-04,525,Arizona,0.5236820706666975
2020-04-05,525,Arizona,0.5314140429468556
2020-04-06,525,Arizona,0.5402255536448629
2020-04-07,525,Arizona,0.5500332834707335
2020-04-08,525,Arizona,0.5601198675046719
2020-04-09,525,Arizona,0.5702267530673958
2020-04-10,525,Arizona,0.580110270310696
2020-04-11,525,Arizona,0.5894533953338594
2020-04-12,525,Arizona,0.5978740286078541
2020-04-13,525,Arizona,0.6049399103809961
2020-04-14,525,Arizona,0.6101892455151238
2020-04-15,525,Arizona,0.6134676899201004
2020-04-16,525,Arizona,0.6140274454338062
2020-04-17,525,Arizona,0.6119363207401861
2020-04-18,525,Arizona,0.6073038949567828
2020-04-19,525,Arizona,0.6002436973516513
2020-04-20,525,Arizona,0.5909174445559874
2020-04-21,525,Arizona,0.5795705857643467
2020-04-22,525,Arizona,0.566539364005136
2020-04-23,525,Arizona,0.5522296585026243
2020-04-24,525,Arizona,0.5374327268743162
2020-04-25,525,Arizona,0.5224750316988929
2020-04-26,525,Arizona,0.5076994053399501
2020-04-27,525,Arizona,0.49345437386072144
2020-04-28,525,Arizona,0.48002863023342157
2020-04-29,525,Arizona,0.46767772617085324
2020-04-30,525,Arizona,0.45650468320811477
2020-05-01,525,Arizona,0.4465817546189707
2020-05-02,525,Arizona,0.4380008941570033
2020-05-03,525,Arizona,0.43086640695565015
2020-05-04,525,Arizona,0.4252226927625978
2020-05-05,525,Arizona,0.42106428844984206
2020-05-06,525,Arizona,0.4184036893911084
2020-05-07,525,Arizona,0.41724212739746935
2020-05-08,525,Arizona,0.41757405822359184
2020-05-09,525,Arizona,0.4194554130344687
2020-05-10,525,Arizona,0.4227763746059033
2020-05-11,525,Arizona,0.42758162641258796
2020-05-12,525,Arizona,0.4339354261962547
2020-05-13,525,Arizona,0.44187560916872
2020-05-14,525,Arizona,0.45138359748050316
2020-05-15,525,Arizona,0.4623521569816131
2020-05-16,525,Arizona,0.47457278519871116
2020-05-17,525,Arizona,0.48772908945873217
2020-05-18,525,Arizona,0.5016450278715084
2020-05-19,525,Arizona,0.5154740282212308
2020-05-20,525,Arizona,0.5289212000966721
2020-05-21,525,Arizona,0.5416926498291705
2020-05-22,525,Arizona,0.5534912547928695
2020-05-23,525,Arizona,0.5640227981189029
2020-05-24,525,Arizona,0.5730083455454289
2020-05-25,525,Arizona,0.5801983251882784
2020-05-26,525,Arizona,0.5853495713990672
2020-05-27,525,Arizona,0.5883658407767656
2020-05-28,525,Arizona,0.5897487614874245
2020-05-29,525,Arizona,0.5896349673543568
2020-05-30,525,Arizona,0.5882601322190354
2020-05-31,525,Arizona,0.5859356297233219
2020-06-01,525,Arizona,0.583022822214825
2020-06-02,525,Arizona,0.5799126578898872
2020-06-03,525,Arizona,0.5770026618225782
2020-06-04,525,Arizona,0.5745897567730921
2020-06-05,525,Arizona,0.573046377916434
2020-06-06,525,Arizona,0.5727838894400199
2020-06-07,525,Arizona,0.5738479167774712
2020-06-08,525,Arizona,0.5763038237126059
2020-06-09,525,Arizona,0.580218145087858
2020-06-10,525,Arizona,0.5856399080651951
2020-06-11,525,Arizona,0.5925923743902032
2020-06-12,525,Arizona,0.6010620704177261
2020-06-13,525,Arizona,0.6111205153713181
2020-06-14,525,Arizona,0.6223272667501623
2020-06-15,525,Arizona,0.6342310744571769
2020-06-16,525,Arizona,0.6466201671788979
2020-06-17,525,Arizona,0.6592247062296219
2020-06-18,525,Arizona,0.6717255162539272
2020-06-19,525,Arizona,0.6837589534307781
2020-06-20,525,Arizona,0.6949183410467882
2020-06-21,525,Arizona,0.7047602509254819
2020-06-22,525,Arizona,0.7129780132110831
2020-06-23,525,Arizona,0.7189952212641052
2020-06-24,525,Arizona,0.7226641899675017
2020-06-25,525,Arizona,0.7239633315704272
2020-06-26,525,Arizona,0.7228338463011089
2020-06-27,525,Arizona,0.7192035097217456
2020-06-28,525,Arizona,0.7130431209529974
2020-06-29,525,Arizona,0.704514299156553
2020-06-30,525,Arizona,0.6938737946730036
2020-07-01,525,Arizona,0.68139980657229
2020-07-02,525,Arizona,0.6673947778346395
2020-07-03,525,Arizona,0.6521883929905506
2020-07-04,525,Arizona,0.6361025309349763
2020-07-05,525,Arizona,0.6195870921165356
2020-07-06,525,Arizona,0.6029383477303649
2020-07-07,525,Arizona,0.5864347951884643
2020-07-08,525,Arizona,0.5703968912538174
2020-07-09,525,Arizona,0.5551383796036862
2020-07-10,525,Arizona,0.5409062220990658
2020-07-11,525,Arizona,0.5278387426923814
2020-07-12,525,Arizona,0.5160971506387944
2020-07-13,525,Arizona,0.5058333628934238
2020-07-14,525,Arizona,0.4971306315326836
2020-07-15,525,Arizona,0.4900317615295275
2020-07-16,525,Arizona,0.48456248275270075
2020-07-17,525,Arizona,0.4807467430848735
2020-07-18,525,Arizona,0.47849931939084916
2020-07-19,525,Arizona,0.477738579625445
2020-07-20,525,Arizona,0.4784123674574576
2020-07-21,525,Arizona,0.48040805486246424
2020-07-22,525,Arizona,0.48354174282544976
2020-07-23,525,Arizona,0.48760671919564175
2020-07-24,525,Arizona,0.49227248143598534
2020-07-25,525,Arizona,0.49730724231366813
2020-07-26,525,Arizona,0.502461832599416
2020-07-27,525,Arizona,0.5074486078973179
2020-07-28,525,Arizona,0.511956153605702
2020-07-29,525,Arizona,0.5157118734531597
2020-07-30,525,Arizona,0.5184916274066657
2020-07-31,525,Arizona,0.5201344389957092
2020-08-01,525,Arizona,0.5205153707077629
2020-08-02,525,Arizona,0.519557919309898
2020-08-03,525,Arizona,0.5172226450334423
2020-08-04,525,Arizona,0.5136052809636293
2020-08-05,525,Arizona,0.5088163783843438
2020-08-06,525,Arizona,0.5029777966676164
2020-08-07,525,Arizona,0.49628527101580544
2020-08-08,525,Arizona,0.4890070814634447
2020-08-09,525,Arizona,0.48142171427991676
2020-08-10,525,Arizona,0.47387818971291495
2020-08-11,525,Arizona,0.46659967078163284
2020-08-12,525,Arizona,0.4598208290930853
2020-08-13,525,Arizona,0.4537829199983177
2020-08-14,525,Arizona,0.44872094477695385
2020-08-15,525,Arizona,0.4447972365953653
2020-08-16,525,Arizona,0.44216402706185753
2020-08-17,525,Arizona,0.4409622829736471
2020-08-18,525,Arizona,0.44131162345757396
2020-08-19,525,Arizona,0.44334237550157235
2020-08-20,525,Arizona,0.4471596407366131
2020-08-21,525,Arizona,0.4525633352520632
2020-08-22,525,Arizona,0.45962029383185243
2020-08-23,525,Arizona,0.46834346283682154
2020-08-24,525,Arizona,0.4786841680041879
2020-08-25,525,Arizona,0.49053577399670134
2020-08-26,525,Arizona,0.5037358299767005
2020-08-27,525,Arizona,0.5180672336449108
2020-08-28,525,Arizona,0.5332583489122277
2020-08-29,525,Arizona,0.5491026442394606
2020-08-30,525,Arizona,0.5653061938108994
2020-08-31,525,Arizona,0.5814791060417541
2020-09-01,525,Arizona,0.5973523176239736
2020-09-02,525,Arizona,0.6125617819803418
2020-09-03,525,Arizona,0.6267177808253036
2020-09-04,525,Arizona,0.6394358073666877
2020-09-05,525,Arizona,0.6504366203023403
2020-09-06,525,Arizona,0.6596826817826927
2020-09-07,525,Arizona,0.6672971869170482
2020-09-08,525,Arizona,0.6733280799455803
2020-09-09,525,Arizona,0.6769412708080276
2020-09-10,525,Arizona,0.6801285595685866
2020-09-11,525,Arizona,0.6825430331124716
2020-09-12,525,Arizona,0.6850289651309865
2020-09-13,525,Arizona,0.6876965204792791
2020-09-14,525,Arizona,0.6919999480070352
2020-09-15,525,Arizona,0.696494286177177
2020-09-16,525,Arizona,0.7007137063652221
2020-09-17,525,Arizona,0.7045883938127486
2020-09-18,525,Arizona,0.7087757086774735
2020-09-19,525,Arizona,0.7132544599033154
2020-09-20,525,Arizona,0.7170955271464114
2020-09-21,525,Arizona,0.72047366565527
2020-02-01,526,Arkansas,0.0
2020-02-02,526,Arkansas,0.0
2020-02-03,526,Arkansas,0.0
2020-02-04,526,Arkansas,0.0
2020-02-05,526,Arkansas,0.0
2020-02-06,526,Arkansas,0.0
2020-02-07,526,Arkansas,0.0
2020-02-08,526,Arkansas,0.0
2020-02-09,526,Arkansas,0.0
2020-02-10,526,Arkansas,0.0
2020-02-11,526,Arkansas,0.0
2020-02-12,526,Arkansas,0.0
2020-02-13,526,Arkansas,0.0
2020-02-14,526,Arkansas,0.0
2020-02-15,526,Arkansas,0.0
2020-02-16,526,Arkansas,0.0
2020-02-17,526,Arkansas,0.0
2020-02-18,526,Arkansas,0.0
2020-02-19,526,Arkansas,7.596808016841772
2020-02-20,526,Arkansas,6.009246558838625
2020-02-21,526,Arkansas,3.910610710900116
2020-02-22,526,Arkansas,2.8206464825474917
2020-02-23,526,Arkansas,2.248368771559484
2020-02-24,526,Arkansas,1.7866954875333183
2020-02-25,526,Arkansas,1.5294315577989601
2020-02-26,526,Arkansas,1.3762838640941304
2020-02-27,526,Arkansas,1.2789199731291163
2020-02-28,526,Arkansas,1.2116387989496953
2020-02-29,526,Arkansas,1.1612177942743762
2020-03-01,526,Arkansas,1.1198708754067397
2020-03-02,526,Arkansas,1.0837023871040252
2020-03-03,526,Arkansas,1.0503003651084224
2020-03-04,526,Arkansas,1.018391060303881
2020-03-05,526,Arkansas,0.9869584366003236
2020-03-06,526,Arkansas,0.9556163284164668
2020-03-07,526,Arkansas,0.9242340257363635
2020-03-08,526,Arkansas,0.892664701816839
2020-03-09,526,Arkansas,0.8611953254036485
2020-03-10,526,Arkansas,0.8299579095449937
2020-03-11,526,Arkansas,0.799011536276601
2020-03-12,526,Arkansas,0.7686811981148373
2020-03-13,526,Arkansas,0.7391093567712417
2020-03-14,526,Arkansas,0.7102753987864149
2020-03-15,526,Arkansas,0.6823785579500071
2020-03-16,526,Arkansas,0.655565291979668
2020-03-17,526,Arkansas,0.6298385024923557
2020-03-18,526,Arkansas,0.6054229151457399
2020-03-19,526,Arkansas,0.5825979933348568
2020-03-20,526,Arkansas,0.5613916727647185
2020-03-21,526,Arkansas,0.5419241873210593
2020-03-22,526,Arkansas,0.5243710905497602
2020-03-23,526,Arkansas,0.5088246959037738
2020-03-24,526,Arkansas,0.4955554183895777
2020-03-25,526,Arkansas,0.48447798803264025
2020-03-26,526,Arkansas,0.47552868738941656
2020-03-27,526,Arkansas,0.4687000952887631
2020-03-28,526,Arkansas,0.4640031330829802
2020-03-29,526,Arkansas,0.46134965086580215
2020-03-30,526,Arkansas,0.4605619975795788
2020-03-31,526,Arkansas,0.46144021981894917
2020-04-01,526,Arkansas,0.46373254908133366
2020-04-02,526,Arkansas,0.46712033860702684
2020-04-03,526,Arkansas,0.4712519029409818
2020-04-04,526,Arkansas,0.475593783424836
2020-04-05,526,Arkansas,0.47976200719938994
2020-04-06,526,Arkansas,0.48335516519702926
2020-04-07,526,Arkansas,0.4859457502919435
2020-04-08,526,Arkansas,0.4871586825278318
2020-04-09,526,Arkansas,0.48663863020577525
2020-04-10,526,Arkansas,0.4842784120712536
2020-04-11,526,Arkansas,0.4799935836631841
2020-04-12,526,Arkansas,0.47374210919916543
2020-04-13,526,Arkansas,0.4656559274148648
2020-04-14,526,Arkansas,0.45596388070732624
2020-04-15,526,Arkansas,0.4449345824339455
2020-04-16,526,Arkansas,0.432901727609462
2020-04-17,526,Arkansas,0.4201158348863034
2020-04-18,526,Arkansas,0.4072733336585828
2020-04-19,526,Arkansas,0.39466767819900683
2020-04-20,526,Arkansas,0.38252196808032596
2020-04-21,526,Arkansas,0.3710925382812344
2020-04-22,526,Arkansas,0.36065251112170615
2020-04-23,526,Arkansas,0.35148015765286006
2020-04-24,526,Arkansas,0.3437909705261689
2020-04-25,526,Arkansas,0.3376581549982572
2020-04-26,526,Arkansas,0.33317721448399823
2020-04-27,526,Arkansas,0.3304333377023884
2020-04-28,526,Arkansas,0.32949493205543046
2020-04-29,526,Arkansas,0.33040604462953
2020-04-30,526,Arkansas,0.3332063558265923
2020-05-01,526,Arkansas,0.3378895881297352
2020-05-02,526,Arkansas,0.34436760829987045
2020-05-03,526,Arkansas,0.35267413006444676
2020-05-04,526,Arkansas,0.36281768811460635
2020-05-05,526,Arkansas,0.3747712732808962
2020-05-06,526,Arkansas,0.38845661059097375
2020-05-07,526,Arkansas,0.40372775729727817
2020-05-08,526,Arkansas,0.42035494085720376
2020-05-09,526,Arkansas,0.43816627425837507
2020-05-10,526,Arkansas,0.45656205763438795
2020-05-11,526,Arkansas,0.4751279670562123
2020-05-12,526,Arkansas,0.49344128370029444
2020-05-13,526,Arkansas,0.5110439690327382
2020-05-14,526,Arkansas,0.5274659381674431
2020-05-15,526,Arkansas,0.5422438085761151
2020-05-16,526,Arkansas,0.554934059777273
2020-05-17,526,Arkansas,0.5653349423040765
2020-05-18,526,Arkansas,0.572918987401676
2020-05-19,526,Arkansas,0.5774520101202055
2020-05-20,526,Arkansas,0.5791820223288929
2020-05-21,526,Arkansas,0.578378479819195
2020-05-22,526,Arkansas,0.5753313585185207
2020-05-23,526,Arkansas,0.5703472607363331
2020-05-24,526,Arkansas,0.563729965229255
2020-05-25,526,Arkansas,0.5557517189084238
2020-05-26,526,Arkansas,0.5466746936881048
2020-05-27,526,Arkansas,0.5370352944373896
2020-05-28,526,Arkansas,0.5269608967424543
2020-05-29,526,Arkansas,0.516559483513566
2020-05-30,526,Arkansas,0.5059250034363693
2020-05-31,526,Arkansas,0.49514346107629803
2020-06-01,526,Arkansas,0.48430291129853886
2020-06-02,526,Arkansas,0.47350228665921673
2020-06-03,526,Arkansas,0.46271138052285277
2020-06-04,526,Arkansas,0.4522795773025526
2020-06-05,526,Arkansas,0.4422974446092543
2020-06-06,526,Arkansas,0.43278929135578814
2020-06-07,526,Arkansas,0.4238242058674222
2020-06-08,526,Arkansas,0.41550257485192443
2020-06-09,526,Arkansas,0.40794447419982216
2020-06-10,526,Arkansas,0.40128222674202435
2020-06-11,526,Arkansas,0.3956532966021528
2020-06-12,526,Arkansas,0.391117728159161
2020-06-13,526,Arkansas,0.3877025380989177
2020-06-14,526,Arkansas,0.3854500238682906
2020-06-15,526,Arkansas,0.38440440490309236
2020-06-16,526,Arkansas,0.3846084203506403
2020-06-17,526,Arkansas,0.3860952385761526
2020-06-18,526,Arkansas,0.38887915001090856
2020-06-19,526,Arkansas,0.3929475720593383
2020-06-20,526,Arkansas,0.39834208775651764
2020-06-21,526,Arkansas,0.4048428777551898
2020-06-22,526,Arkansas,0.41239593209970793
2020-06-23,526,Arkansas,0.42094510695498977
2020-06-24,526,Arkansas,0.43041897145767805
2020-06-25,526,Arkansas,0.44073125497934723
2020-06-26,526,Arkansas,0.45177444639241177
2020-06-27,526,Arkansas,0.4634143604663166
2020-06-28,526,Arkansas,0.47548554926569087
2020-06-29,526,Arkansas,0.48777787746321605
2020-06-30,526,Arkansas,0.5000256752557776
2020-07-01,526,Arkansas,0.5119332225833738
2020-07-02,526,Arkansas,0.5231374473854279
2020-07-03,526,Arkansas,0.5333123904120012
2020-07-04,526,Arkansas,0.5421541705648925
2020-07-05,526,Arkansas,0.5493427243355005
2020-07-06,526,Arkansas,0.5546160141135704
2020-07-07,526,Arkansas,0.5576842292222584
2020-07-08,526,Arkansas,0.5584981120525675
2020-07-09,526,Arkansas,0.5570064419055952
2020-07-10,526,Arkansas,0.553188034050947
2020-07-11,526,Arkansas,0.5471641242141058
2020-07-12,526,Arkansas,0.5391902936845331
2020-07-13,526,Arkansas,0.5295984751756208
2020-07-14,526,Arkansas,0.5187977983473275
2020-07-15,526,Arkansas,0.5072678098362192
2020-07-16,526,Arkansas,0.4955959198222669
2020-07-17,526,Arkansas,0.48414572149555085
2020-07-18,526,Arkansas,0.4733179772728303
2020-07-19,526,Arkansas,0.4635041482715324
2020-07-20,526,Arkansas,0.455066342451267
2020-07-21,526,Arkansas,0.44824991771838224
2020-07-22,526,Arkansas,0.44319787578436914
2020-07-23,526,Arkansas,0.44006649378168683
2020-07-24,526,Arkansas,0.4390060801912487
2020-07-25,526,Arkansas,0.44006852478344843
2020-07-26,526,Arkansas,0.44323899675027895
2020-07-27,526,Arkansas,0.44844442613238855
2020-07-28,526,Arkansas,0.4555248107826245
2020-07-29,526,Arkansas,0.4642545583215918
2020-07-30,526,Arkansas,0.4741718636923894
2020-07-31,526,Arkansas,0.4848797225328092
2020-08-01,526,Arkansas,0.4959394996977058
2020-08-02,526,Arkansas,0.5068311570810861
2020-08-03,526,Arkansas,0.5170444898280122
2020-08-04,526,Arkansas,0.525947849949007
2020-08-05,526,Arkansas,0.5331463480242221
2020-08-06,526,Arkansas,0.5383101414130488
2020-08-07,526,Arkansas,0.5411217667038218
2020-08-08,526,Arkansas,0.5413454368409294
2020-08-09,526,Arkansas,0.5389214305266732
2020-08-10,526,Arkansas,0.534001981919485
2020-08-11,526,Arkansas,0.5268491022333155
2020-08-12,526,Arkansas,0.5178022369636813
2020-08-13,526,Arkansas,0.5072164605982395
2020-08-14,526,Arkansas,0.4955910548001377
2020-08-15,526,Arkansas,0.4832782347979235
2020-08-16,526,Arkansas,0.47056622949062304
2020-08-17,526,Arkansas,0.4577551086608657
2020-08-18,526,Arkansas,0.44510454072774647
2020-08-19,526,Arkansas,0.432924806850024
2020-08-20,526,Arkansas,0.42138577797497273
2020-08-21,526,Arkansas,0.41069006825218207
2020-08-22,526,Arkansas,0.4010771710355804
2020-08-23,526,Arkansas,0.39276021865244476
2020-08-24,526,Arkansas,0.3859090974118279
2020-08-25,526,Arkansas,0.3806318228949335
2020-08-26,526,Arkansas,0.37702429914709773
2020-08-27,526,Arkansas,0.37521831346822876
2020-08-28,526,Arkansas,0.3752297922488184
2020-08-29,526,Arkansas,0.37697177361035206
2020-08-30,526,Arkansas,0.3805498356307146
2020-08-31,526,Arkansas,0.3860333243177473
2020-09-01,526,Arkansas,0.39337620217251723
2020-09-02,526,Arkansas,0.40235307375971685
2020-09-03,526,Arkansas,0.4125818949851346
2020-09-04,526,Arkansas,0.4235749056533045
2020-09-05,526,Arkansas,0.4348281284933498
2020-09-06,526,Arkansas,0.44564516714723934
2020-09-07,526,Arkansas,0.4557264087761265
2020-09-08,526,Arkansas,0.4648968207285309
2020-09-09,526,Arkansas,0.47211429404823674
2020-09-10,526,Arkansas,0.4782409241638229
2020-09-11,526,Arkansas,0.4835080466479242
2020-09-12,526,Arkansas,0.48782831216949396
2020-09-13,526,Arkansas,0.4916291492560946
2020-09-14,526,Arkansas,0.49582439380419613
2020-09-15,526,Arkansas,0.49935059297086154
2020-09-16,526,Arkansas,0.5022282138052284
2020-09-17,526,Arkansas,0.504184323282457
2020-09-18,526,Arkansas,0.5057702294891256
2020-09-19,526,Arkansas,0.507055708853396
2020-09-20,526,Arkansas,0.5078103433141057
2020-09-21,526,Arkansas,0.5080758184216857
2020-02-01,527,California,2.465756595187162e+17
2020-02-02,527,California,5.860682802753943
2020-02-03,527,California,2.2120826991778166
2020-02-04,527,California,1.3110144551676406
2020-02-05,527,California,0.9523316408413239
2020-02-06,527,California,0.7780672904179208
2020-02-07,527,California,0.685818209807246
2020-02-08,527,California,0.6371686935262827
2020-02-09,527,California,0.6147308743953012
2020-02-10,527,California,0.6099309332250019
2020-02-11,527,California,0.6176402637492462
2020-02-12,527,California,0.6349263221575466
2020-02-13,527,California,0.6603395959635883
2020-02-14,527,California,0.6920496594609963
2020-02-15,527,California,0.7291919798937028
2020-02-16,527,California,0.7715971344647002
2020-02-17,527,California,0.8181972658588695
2020-02-18,527,California,0.8683312054990489
2020-02-19,527,California,0.9202978544091588
2020-02-20,527,California,0.9731094171478226
2020-02-21,527,California,1.024602443890499
2020-02-22,527,California,1.0744336633537235
2020-02-23,527,California,1.120081282966356
2020-02-24,527,California,1.1600349192300192
2020-02-25,527,California,1.192407576009983
2020-02-26,527,California,1.216640244831551
2020-02-27,527,California,1.2334141224193602
2020-02-28,527,California,1.2416735791929012
2020-02-29,527,California,1.2414923624579777
2020-03-01,527,California,1.2330229165965085
2020-03-02,527,California,1.2175030863800327
2020-03-03,527,California,1.19642013826366
2020-03-04,527,California,1.1712251124747375
2020-03-05,527,California,1.1431008369499849
2020-03-06,527,California,1.1131464368399233
2020-03-07,527,California,1.0823533761211626
2020-03-08,527,California,1.051425199635203
2020-03-09,527,California,1.0209797521823336
2020-03-10,527,California,0.9914330978572509
2020-03-11,527,California,0.9629978470563252
2020-03-12,527,California,0.9359649731683134
2020-03-13,527,California,0.9104724365997394
2020-03-14,527,California,0.886618803663041
2020-03-15,527,California,0.8640316845243816
2020-03-16,527,California,0.8426795518714846
2020-03-17,527,California,0.8226156866814712
2020-03-18,527,California,0.8037370108062761
2020-03-19,527,California,0.7858642993109072
2020-03-20,527,California,0.7687909821590823
2020-03-21,527,California,0.7524359446216837
2020-03-22,527,California,0.7365463062433759
2020-03-23,527,California,0.7211479279374271
2020-03-24,527,California,0.7062105792541574
2020-03-25,527,California,0.6916756972187629
2020-03-26,527,California,0.6774792504305092
2020-03-27,527,California,0.6635414915258095
2020-03-28,527,California,0.6499384742884476
2020-03-29,527,California,0.636700128692468
2020-03-30,527,California,0.6238169119654695
2020-03-31,527,California,0.611306794336873
2020-04-01,527,California,0.5992093608798864
2020-04-02,527,California,0.5875821477222722
2020-04-03,527,California,0.5763598397836558
2020-04-04,527,California,0.5658633204787833
2020-04-05,527,California,0.5560175673351619
2020-04-06,527,California,0.54678652895931
2020-04-07,527,California,0.5381642641826628
2020-04-08,527,California,0.5301688069698527
2020-04-09,527,California,0.5228344675762375
2020-04-10,527,California,0.5162056339215599
2020-04-11,527,California,0.5103115463435413
2020-04-12,527,California,0.5051286302114638
2020-04-13,527,California,0.5006317118770802
2020-04-14,527,California,0.4967988015496542
2020-04-15,527,California,0.4936109872895727
2020-04-16,527,California,0.49104905241942226
2020-04-17,527,California,0.4890897042222944
2020-04-18,527,California,0.4876986116648339
2020-04-19,527,California,0.48688611884476973
2020-04-20,527,California,0.4865740021798953
2020-04-21,527,California,0.4865177782968322
2020-04-22,527,California,0.4866930921446905
2020-04-23,527,California,0.48707056682947936
2020-04-24,527,California,0.4876161422622754
2020-04-25,527,California,0.48829312960401033
2020-04-26,527,California,0.4890630561827826
2020-04-27,527,California,0.4898856600839669
2020-04-28,527,California,0.4907189201967091
2020-04-29,527,California,0.4915210779679704
2020-04-30,527,California,0.49225205045520676
2020-05-01,527,California,0.4928767572463962
2020-05-02,527,California,0.4933507413445908
2020-05-03,527,California,0.4937087502947395
2020-05-04,527,California,0.49403505986923074
2020-05-05,527,California,0.4943331918697094
2020-05-06,527,California,0.4946118485563145
2020-05-07,527,California,0.4948838096723624
2020-05-08,527,California,0.49516540062247044
2020-05-09,527,California,0.4954748021248795
2020-05-10,527,California,0.49583006034566196
2020-05-11,527,California,0.4962488024985759
2020-05-12,527,California,0.4967477664200038
2020-05-13,527,California,0.4973393066225094
2020-05-14,527,California,0.4980298206487788
2020-05-15,527,California,0.49883046265859105
2020-05-16,527,California,0.4997199481765414
2020-05-17,527,California,0.5006487970379542
2020-05-18,527,California,0.5016077588664514
2020-05-19,527,California,0.5025866064156722
2020-05-20,527,California,0.5035750187108219
2020-05-21,527,California,0.5045625167833622
2020-05-22,527,California,0.5055391981224705
2020-05-23,527,California,0.5064961430883158
2020-05-24,527,California,0.5074279858385986
2020-05-25,527,California,0.5083361260380774
2020-05-26,527,California,0.5092299636128367
2020-05-27,527,California,0.5101314162389754
2020-05-28,527,California,0.511036840299783
2020-05-29,527,California,0.5120142689886238
2020-05-30,527,California,0.5132422470334529
2020-05-31,527,California,0.514749995490501
2020-06-01,527,California,0.5165729727668034
2020-06-02,527,California,0.5187518352888657
2020-06-03,527,California,0.5213320110344541
2020-06-04,527,California,0.5243625864693955
2020-06-05,527,California,0.5278939390895554
2020-06-06,527,California,0.5319744458810969
2020-06-07,527,California,0.5366470011071648
2020-06-08,527,California,0.5419440997824442
2020-06-09,527,California,0.5478794916089902
2020-06-10,527,California,0.5543796713531345
2020-06-11,527,California,0.5613654967107004
2020-06-12,527,California,0.5687428079171887
2020-06-13,527,California,0.5763842472842683
2020-06-14,527,California,0.5841368450740725
2020-06-15,527,California,0.5918379846925941
2020-06-16,527,California,0.5992900351879117
2020-06-17,527,California,0.6063763639758507
2020-06-18,527,California,0.6129765502884834
2020-06-19,527,California,0.6189727518351053
2020-06-20,527,California,0.6242737194173652
2020-06-21,527,California,0.628812650108255
2020-06-22,527,California,0.6325767260956868
2020-06-23,527,California,0.635576875601771
2020-06-24,527,California,0.637843288847875
2020-06-25,527,California,0.6393641827278254
2020-06-26,527,California,0.6402560245246914
2020-06-27,527,California,0.6407870281027407
2020-06-28,527,California,0.6410084214185993
2020-06-29,527,California,0.6409885642915709
2020-06-30,527,California,0.6408058411785237
2020-07-01,527,California,0.6405417649482461
2020-07-02,527,California,0.640278233731736
2020-07-03,527,California,0.6400928280201732
2020-07-04,527,California,0.640056190098131
2020-07-05,527,California,0.6402261235026878
2020-07-06,527,California,0.6407226644909051
2020-07-07,527,California,0.6413998585056273
2020-07-08,527,California,0.6421376632276808
2020-07-09,527,California,0.6429278184671958
2020-07-10,527,California,0.6437408356747145
2020-07-11,527,California,0.644527552921576
2020-07-12,527,California,0.6452210755218882
2020-07-13,527,California,0.6457403895168496
2020-07-14,527,California,0.6459965445555717
2020-07-15,527,California,0.6458973890958908
2020-07-16,527,California,0.6453534216539425
2020-07-17,527,California,0.6442081454187434
2020-07-18,527,California,0.6425907456632531
2020-07-19,527,California,0.6405224764129447
2020-07-20,527,California,0.6379887956453577
2020-07-21,527,California,0.6349974736442615
2020-07-22,527,California,0.6315814267705449
2020-07-23,527,California,0.6277952695764759
2020-07-24,527,California,0.6237133608915131
2020-07-25,527,California,0.6194275533909808
2020-07-26,527,California,0.6150461273634709
2020-07-27,527,California,0.6106925927164716
2020-07-28,527,California,0.6064209577430026
2020-07-29,527,California,0.6024238129441656
2020-07-30,527,California,0.5987339495722516
2020-07-31,527,California,0.5953816281821591
2020-08-01,527,California,0.592400140946002
2020-08-02,527,California,0.58982240226719
2020-08-03,527,California,0.5876762905059115
2020-08-04,527,California,0.5859814532656997
2020-08-05,527,California,0.5847465387205892
2020-08-06,527,California,0.5839682352843941
2020-08-07,527,California,0.5836475673101886
2020-08-08,527,California,0.5837658540807593
2020-08-09,527,California,0.5841342512452838
2020-08-10,527,California,0.5847379098479708
2020-08-11,527,California,0.5855529066963356
2020-08-12,527,California,0.5865470228118976
2020-08-13,527,California,0.5876816917246926
2020-08-14,527,California,0.5889119780147675
2020-08-15,527,California,0.5901869029050568
2020-08-16,527,California,0.5914511405424207
2020-08-17,527,California,0.5926485542821525
2020-08-18,527,California,0.5937015826884766
2020-08-19,527,California,0.5946268106294355
2020-08-20,527,California,0.5954922972801773
2020-08-21,527,California,0.5962928159315073
2020-08-22,527,California,0.5970367634285114
2020-08-23,527,California,0.5977507180355585
2020-08-24,527,California,0.5984824895049019
2020-08-25,527,California,0.5992980696092375
2020-08-26,527,California,0.6002773944328105
2020-08-27,527,California,0.6015168687616167
2020-08-28,527,California,0.6031272210353682
2020-08-29,527,California,0.6053308948275083
2020-08-30,527,California,0.6080730864278936
2020-08-31,527,California,0.6113344086594116
2020-09-01,527,California,0.6151597953552571
2020-09-02,527,California,0.6195523301404381
2020-09-03,527,California,0.6244720342097139
2020-09-04,527,California,0.6297512161009682
2020-09-05,527,California,0.6351602826808538
2020-09-06,527,California,0.6404948386845035
2020-09-07,527,California,0.6456047277883677
2020-09-08,527,California,0.6503520557932883
2020-09-09,527,California,0.6548425380214836
2020-09-10,527,California,0.6591859193271632
2020-09-11,527,California,0.6639428956572853
2020-09-12,527,California,0.6688142224198609
2020-09-13,527,California,0.674459207434667
2020-09-14,527,California,0.6808482079819871
2020-09-15,527,California,0.6877232131537501
2020-09-16,527,California,0.6949888461503119
2020-09-17,527,California,0.7023124399614662
2020-09-18,527,California,0.7102456448329916
2020-09-19,527,California,0.7184982566651126
2020-09-20,527,California,0.7265610020765398
2020-09-21,527,California,0.7338848731937991
2020-02-01,528,Colorado,0.0
2020-02-02,528,Colorado,0.0
2020-02-03,528,Colorado,0.0
2020-02-04,528,Colorado,0.0
2020-02-05,528,Colorado,0.0
2020-02-06,528,Colorado,0.0
2020-02-07,528,Colorado,0.0
2020-02-08,528,Colorado,0.0
2020-02-09,528,Colorado,0.0
2020-02-10,528,Colorado,0.0
2020-02-11,528,Colorado,0.0
2020-02-12,528,Colorado,0.0
2020-02-13,528,Colorado,0.0
2020-02-14,528,Colorado,0.0
2020-02-15,528,Colorado,14.20363195832576
2020-02-16,528,Colorado,7.1216425958359615
2020-02-17,528,Colorado,4.19611060491258
2020-02-18,528,Colorado,2.9208873473781445
2020-02-19,528,Colorado,2.270739255166674
2020-02-20,528,Colorado,1.715364013304873
2020-02-21,528,Colorado,1.4215005736699173
2020-02-22,528,Colorado,1.2583571031287664
2020-02-23,528,Colorado,1.1644891027648885
2020-02-24,528,Colorado,1.1099098142359605
2020-02-25,528,Colorado,1.0790298934394185
2020-02-26,528,Colorado,1.0625348494695677
2020-02-27,528,Colorado,1.0548189142862134
2020-02-28,528,Colorado,1.0525997228299424
2020-02-29,528,Colorado,1.0533118498081424
2020-03-01,528,Colorado,1.0550825485994941
2020-03-02,528,Colorado,1.0568544017473742
2020-03-03,528,Colorado,1.057553522103934
2020-03-04,528,Colorado,1.0562863782980048
2020-03-05,528,Colorado,1.052692169047999
2020-03-06,528,Colorado,1.046602683154967
2020-03-07,528,Colorado,1.0375609993601078
2020-03-08,528,Colorado,1.0254028236101427
2020-03-09,528,Colorado,1.0102024405090606
2020-03-10,528,Colorado,0.9921816893617036
2020-03-11,528,Colorado,0.9717547618444994
2020-03-12,528,Colorado,0.9495608914881715
2020-03-13,528,Colorado,0.925881750555795
2020-03-14,528,Colorado,0.9013719255395894
2020-03-15,528,Colorado,0.8766800013816055
2020-03-16,528,Colorado,0.8521816432162723
2020-03-17,528,Colorado,0.8281035374569925
2020-03-18,528,Colorado,0.8047572641898237
2020-03-19,528,Colorado,0.7824289433197327
2020-03-20,528,Colorado,0.7612147297356741
2020-03-21,528,Colorado,0.7411079630762281
2020-03-22,528,Colorado,0.722075960715076
2020-03-23,528,Colorado,0.7039203589366165
2020-03-24,528,Colorado,0.6865979516741371
2020-03-25,528,Colorado,0.6699923329502396
2020-03-26,528,Colorado,0.6539437027641131
2020-03-27,528,Colorado,0.6382777134346475
2020-03-28,528,Colorado,0.622811691613703
2020-03-29,528,Colorado,0.6074770156352377
2020-03-30,528,Colorado,0.5922656697313992
2020-03-31,528,Colorado,0.577141536322482
2020-04-01,528,Colorado,0.5621153860818804
2020-04-02,528,Colorado,0.5472446671403015
2020-04-03,528,Colorado,0.5326380352872934
2020-04-04,528,Colorado,0.5184080071642546
2020-04-05,528,Colorado,0.5048380492238914
2020-04-06,528,Colorado,0.49206278900090106
2020-04-07,528,Colorado,0.4802032885398547
2020-04-08,528,Colorado,0.4694314925516017
2020-04-09,528,Colorado,0.45994836840160847
2020-04-10,528,Colorado,0.4519121047246588
2020-04-11,528,Colorado,0.44541874959983385
2020-04-12,528,Colorado,0.4405107791993572
2020-04-13,528,Colorado,0.4372172275411425
2020-04-14,528,Colorado,0.4355366757505861
2020-04-15,528,Colorado,0.4355299511075018
2020-04-16,528,Colorado,0.4368009193733853
2020-04-17,528,Colorado,0.43920948345361965
2020-04-18,528,Colorado,0.44259721952865333
2020-04-19,528,Colorado,0.4467300287173281
2020-04-20,528,Colorado,0.45130047642360654
2020-04-21,528,Colorado,0.4559319755617592
2020-04-22,528,Colorado,0.4601984059385788
2020-04-23,528,Colorado,0.46374934477877605
2020-04-24,528,Colorado,0.4661482937351959
2020-04-25,528,Colorado,0.4672059666598462
2020-04-26,528,Colorado,0.4667672864471947
2020-04-27,528,Colorado,0.46472947925606223
2020-04-28,528,Colorado,0.46105452323514545
2020-04-29,528,Colorado,0.45578491124693105
2020-04-30,528,Colorado,0.44903398265577493
2020-05-01,528,Colorado,0.44110556235450393
2020-05-02,528,Colorado,0.43228305854665483
2020-05-03,528,Colorado,0.4228032682488766
2020-05-04,528,Colorado,0.412946685494465
2020-05-05,528,Colorado,0.40300881785287107
2020-05-06,528,Colorado,0.39329375041867104
2020-05-07,528,Colorado,0.38402066713523236
2020-05-08,528,Colorado,0.3753612358627027
2020-05-09,528,Colorado,0.36748295877307124
2020-05-10,528,Colorado,0.36054213380522204
2020-05-11,528,Colorado,0.35460911420518915
2020-05-12,528,Colorado,0.3497284844172136
2020-05-13,528,Colorado,0.3459295739375976
2020-05-14,528,Colorado,0.34320629762361543
2020-05-15,528,Colorado,0.3415876774117017
2020-05-16,528,Colorado,0.340897244684724
2020-05-17,528,Colorado,0.34102917540448247
2020-05-18,528,Colorado,0.34193716540283553
2020-05-19,528,Colorado,0.34351877184682866
2020-05-20,528,Colorado,0.3456080313367518
2020-05-21,528,Colorado,0.3479713435635111
2020-05-22,528,Colorado,0.3503066473219124
2020-05-23,528,Colorado,0.352298532146581
2020-05-24,528,Colorado,0.35369666884261824
2020-05-25,528,Colorado,0.3542897338414772
2020-05-26,528,Colorado,0.35389417353638497
2020-05-27,528,Colorado,0.352353959754757
2020-05-28,528,Colorado,0.3495481822971261
2020-05-29,528,Colorado,0.34540569669858756
2020-05-30,528,Colorado,0.33992819752623477
2020-05-31,528,Colorado,0.33319191210262655
2020-06-01,528,Colorado,0.3254810562500804
2020-06-02,528,Colorado,0.3170374022309835
2020-06-03,528,Colorado,0.3082074668635189
2020-06-04,528,Colorado,0.29943052399074627
2020-06-05,528,Colorado,0.29116770063764547
2020-06-06,528,Colorado,0.28382325985569495
2020-06-07,528,Colorado,0.27772899415278385
2020-06-08,528,Colorado,0.273188245873544
2020-06-09,528,Colorado,0.2704831689350829
2020-06-10,528,Colorado,0.2698973801538283
2020-06-11,528,Colorado,0.27162222482274606
2020-06-12,528,Colorado,0.27592404840467877
2020-06-13,528,Colorado,0.2830628983076719
2020-06-14,528,Colorado,0.2932519408271859
2020-06-15,528,Colorado,0.30664956386084063
2020-06-16,528,Colorado,0.3232562712727872
2020-06-17,528,Colorado,0.3429933204907398
2020-06-18,528,Colorado,0.36558904957882576
2020-06-19,528,Colorado,0.39053415469544883
2020-06-20,528,Colorado,0.4171416468317549
2020-06-21,528,Colorado,0.4444819113808402
2020-06-22,528,Colorado,0.4715923775319239
2020-06-23,528,Colorado,0.49745674121634775
2020-06-24,528,Colorado,0.521045176716527
2020-06-25,528,Colorado,0.5414757144252437
2020-06-26,528,Colorado,0.5578735223067982
2020-06-27,528,Colorado,0.5698584980671465
2020-06-28,528,Colorado,0.5772888405808104
2020-06-29,528,Colorado,0.5801910303144584
2020-06-30,528,Colorado,0.5787660660806977
2020-07-01,528,Colorado,0.5735031249727096
2020-07-02,528,Colorado,0.5649938423996888
2020-07-03,528,Colorado,0.553839466748174
2020-07-04,528,Colorado,0.5406454791129571
2020-07-05,528,Colorado,0.5258223622128255
2020-07-06,528,Colorado,0.5103150443002097
2020-07-07,528,Colorado,0.4944473703350832
2020-07-08,528,Colorado,0.4784684103361216
2020-07-09,528,Colorado,0.4626718432528896
2020-07-10,528,Colorado,0.447384964550303
2020-07-11,528,Colorado,0.43293774350430975
2020-07-12,528,Colorado,0.41954611105079503
2020-07-13,528,Colorado,0.40743778251859514
2020-07-14,528,Colorado,0.39664517291211004
2020-07-15,528,Colorado,0.3872192679331269
2020-07-16,528,Colorado,0.3792164897631025
2020-07-17,528,Colorado,0.37268952919274473
2020-07-18,528,Colorado,0.3677051193150428
2020-07-19,528,Colorado,0.3641729034188364
2020-07-20,528,Colorado,0.3620204635309688
2020-07-21,528,Colorado,0.36123051299426134
2020-07-22,528,Colorado,0.3617512943921366
2020-07-23,528,Colorado,0.3634941646103777
2020-07-24,528,Colorado,0.3663275795144258
2020-07-25,528,Colorado,0.37013693297534833
2020-07-26,528,Colorado,0.37468116611472085
2020-07-27,528,Colorado,0.37982417949436537
2020-07-28,528,Colorado,0.3854231411294314
2020-07-29,528,Colorado,0.39130349862061686
2020-07-30,528,Colorado,0.39726377585756084
2020-07-31,528,Colorado,0.4030835829530774
2020-08-01,528,Colorado,0.40858081052472245
2020-08-02,528,Colorado,0.41358616597324316
2020-08-03,528,Colorado,0.41799051473814147
2020-08-04,528,Colorado,0.42170617108241554
2020-08-05,528,Colorado,0.42467341662219327
2020-08-06,528,Colorado,0.42686544588487935
2020-08-07,528,Colorado,0.4282687632999718
2020-08-08,528,Colorado,0.42898678349587366
2020-08-09,528,Colorado,0.42912567595606105
2020-08-10,528,Colorado,0.42875584269116684
2020-08-11,528,Colorado,0.4279751117133409
2020-08-12,528,Colorado,0.42690483726469713
2020-08-13,528,Colorado,0.42568685761388886
2020-08-14,528,Colorado,0.4244523742122437
2020-08-15,528,Colorado,0.42335361284744666
2020-08-16,528,Colorado,0.4224942631905712
2020-08-17,528,Colorado,0.4219365610366938
2020-08-18,528,Colorado,0.42174035852326963
2020-08-19,528,Colorado,0.4219622913284215
2020-08-20,528,Colorado,0.42265202315029093
2020-08-21,528,Colorado,0.4238552989379543
2020-08-22,528,Colorado,0.4255639236954995
2020-08-23,528,Colorado,0.4277657253667357
2020-08-24,528,Colorado,0.43044319418181676
2020-08-25,528,Colorado,0.43355914907617055
2020-08-26,528,Colorado,0.43705704598190254
2020-08-27,528,Colorado,0.4408673531943498
2020-08-28,528,Colorado,0.4450209856080687
2020-08-29,528,Colorado,0.4492943581032062
2020-08-30,528,Colorado,0.45356259525828024
2020-08-31,528,Colorado,0.4578014651067003
2020-09-01,528,Colorado,0.4619605967357566
2020-09-02,528,Colorado,0.4659726018431986
2020-09-03,528,Colorado,0.4697514948520788
2020-09-04,528,Colorado,0.47319288061233283
2020-09-05,528,Colorado,0.47621140432839004
2020-09-06,528,Colorado,0.47878332914430266
2020-09-07,528,Colorado,0.48092047557124734
2020-09-08,528,Colorado,0.48265417729037274
2020-09-09,528,Colorado,0.4832276657695762
2020-09-10,528,Colorado,0.4837182946767369
2020-09-11,528,Colorado,0.48450054783885294
2020-09-12,528,Colorado,0.4856677591381574
2020-09-13,528,Colorado,0.48735002287878054
2020-09-14,528,Colorado,0.4904617645241985
2020-09-15,528,Colorado,0.4941085888339105
2020-09-16,528,Colorado,0.4978560077415244
2020-09-17,528,Colorado,0.5014781304761129
2020-09-18,528,Colorado,0.505281695556171
2020-09-19,528,Colorado,0.5090791819458146
2020-09-20,528,Colorado,0.5124775258881535
2020-09-21,528,Colorado,0.5153298447196029
2020-02-01,529,Connecticut,0.0
2020-02-02,529,Connecticut,0.0
2020-02-03,529,Connecticut,0.0
2020-02-04,529,Connecticut,0.0
2020-02-05,529,Connecticut,0.0
2020-02-06,529,Connecticut,0.0
2020-02-07,529,Connecticut,0.0
2020-02-08,529,Connecticut,0.0
2020-02-09,529,Connecticut,0.0
2020-02-10,529,Connecticut,0.0
2020-02-11,529,Connecticut,0.0
2020-02-12,529,Connecticut,0.0
2020-02-13,529,Connecticut,0.0
2020-02-14,529,Connecticut,0.0
2020-02-15,529,Connecticut,0.0
2020-02-16,529,Connecticut,8.9801555971416
2020-02-17,529,Connecticut,6.219248962118901
2020-02-18,529,Connecticut,4.0174787663008065
2020-02-19,529,Connecticut,2.893431679304937
2020-02-20,529,Connecticut,2.274995340295652
2020-02-21,529,Connecticut,1.776240985147592
2020-02-22,529,Connecticut,1.5074079467229864
2020-02-23,529,Connecticut,1.3571361280785086
2020-02-24,529,Connecticut,1.2692675936404052
2020-02-25,529,Connecticut,1.2169278811736894
2020-02-26,529,Connecticut,1.1852040641335093
2020-02-27,529,Connecticut,1.1664019535368721
2020-02-28,529,Connecticut,1.1553478284063834
2020-02-29,529,Connecticut,1.1494368050475987
2020-03-01,529,Connecticut,1.1468541567906776
2020-03-02,529,Connecticut,1.1463277598985564
2020-03-03,529,Connecticut,1.1474394518391522
2020-03-04,529,Connecticut,1.1491486751920421
2020-03-05,529,Connecticut,1.1516628523192947
2020-03-06,529,Connecticut,1.153733082062634
2020-03-07,529,Connecticut,1.1551184877877707
2020-03-08,529,Connecticut,1.1560025971894574
2020-03-09,529,Connecticut,1.1559049090524518
2020-03-10,529,Connecticut,1.1549576808362219
2020-03-11,529,Connecticut,1.1524880093980083
2020-03-12,529,Connecticut,1.1485664374228088
2020-03-13,529,Connecticut,1.1433518515236518
2020-03-14,529,Connecticut,1.1360424289818891
2020-03-15,529,Connecticut,1.1264688726982148
2020-03-16,529,Connecticut,1.1145900607045238
2020-03-17,529,Connecticut,1.1003698994555746
2020-03-18,529,Connecticut,1.0835883921295
2020-03-19,529,Connecticut,1.0640734609023108
2020-03-20,529,Connecticut,1.0414151324733347
2020-03-21,529,Connecticut,1.0161507910052425
2020-03-22,529,Connecticut,0.9885989583811037
2020-03-23,529,Connecticut,0.9583315175397581
2020-03-24,529,Connecticut,0.925996524889208
2020-03-25,529,Connecticut,0.8922491676467695
2020-03-26,529,Connecticut,0.85727626867366
2020-03-27,529,Connecticut,0.8214009955235787
2020-03-28,529,Connecticut,0.7851724658298421
2020-03-29,529,Connecticut,0.7491992131341972
2020-03-30,529,Connecticut,0.7139234829106866
2020-03-31,529,Connecticut,0.6795674412674186
2020-04-01,529,Connecticut,0.6469818060112758
2020-04-02,529,Connecticut,0.6162595343292813
2020-04-03,529,Connecticut,0.5874826234798322
2020-04-04,529,Connecticut,0.5608395779919931
2020-04-05,529,Connecticut,0.5365143026717003
2020-04-06,529,Connecticut,0.514677705766608
2020-04-07,529,Connecticut,0.49530741684459306
2020-04-08,529,Connecticut,0.4782746122842257
2020-04-09,529,Connecticut,0.463516350361205
2020-04-10,529,Connecticut,0.45100100245353314
2020-04-11,529,Connecticut,0.440661836082031
2020-04-12,529,Connecticut,0.43227216716914413
2020-04-13,529,Connecticut,0.42569087567531094
2020-04-14,529,Connecticut,0.4207525653824051
2020-04-15,529,Connecticut,0.41726233983785016
2020-04-16,529,Connecticut,0.41506740530048114
2020-04-17,529,Connecticut,0.4138081026240515
2020-04-18,529,Connecticut,0.4132835702317286
2020-04-19,529,Connecticut,0.413344395083734
2020-04-20,529,Connecticut,0.4138046260968802
2020-04-21,529,Connecticut,0.41444273982246527
2020-04-22,529,Connecticut,0.4150089826537899
2020-04-23,529,Connecticut,0.41526455108336685
2020-04-24,529,Connecticut,0.41503872036661354
2020-04-25,529,Connecticut,0.41421033777890465
2020-04-26,529,Connecticut,0.41269098181063135
2020-04-27,529,Connecticut,0.41042092993831514
2020-04-28,529,Connecticut,0.4073738590753813
2020-04-29,529,Connecticut,0.40356258638264153
2020-04-30,529,Connecticut,0.3990038017629954
2020-05-01,529,Connecticut,0.3938712861535547
2020-05-02,529,Connecticut,0.38826814705620444
2020-05-03,529,Connecticut,0.38227792925438625
2020-05-04,529,Connecticut,0.37601007792297453
2020-05-05,529,Connecticut,0.3695970788511265
2020-05-06,529,Connecticut,0.36319165601700637
2020-05-07,529,Connecticut,0.35695276207047477
2020-05-08,529,Connecticut,0.35100067989380596
2020-05-09,529,Connecticut,0.3454366120128732
2020-05-10,529,Connecticut,0.3403512800709557
2020-05-11,529,Connecticut,0.3358219177551554
2020-05-12,529,Connecticut,0.33190783763510184
2020-05-13,529,Connecticut,0.32864792473633786
2020-05-14,529,Connecticut,0.3260765486988637
2020-05-15,529,Connecticut,0.324157655493865
2020-05-16,529,Connecticut,0.3228788382236477
2020-05-17,529,Connecticut,0.32224177870458814
2020-05-18,529,Connecticut,0.32221566734519164
2020-05-19,529,Connecticut,0.3227267742824035
2020-05-20,529,Connecticut,0.3236609137754679
2020-05-21,529,Connecticut,0.32485644146639026
2020-05-22,529,Connecticut,0.32612936988937424
2020-05-23,529,Connecticut,0.3273150810111562
2020-05-24,529,Connecticut,0.328227558644955
2020-05-25,529,Connecticut,0.32867214739660183
2020-05-26,529,Connecticut,0.32845389916923456
2020-05-27,529,Connecticut,0.3274173181671124
2020-05-28,529,Connecticut,0.32549272924008393
2020-05-29,529,Connecticut,0.32258457300978305
2020-05-30,529,Connecticut,0.31865067166137007
2020-05-31,529,Connecticut,0.3137241837455711
2020-06-01,529,Connecticut,0.3079333649240453
2020-06-02,529,Connecticut,0.30143335921917086
2020-06-03,529,Connecticut,0.2946494680886567
2020-06-04,529,Connecticut,0.2878386398195709
2020-06-05,529,Connecticut,0.28128294483731714
2020-06-06,529,Connecticut,0.27527229914072415
2020-06-07,529,Connecticut,0.27008691558723863
2020-06-08,529,Connecticut,0.26599138690927826
2020-06-09,529,Connecticut,0.2632664995484186
2020-06-10,529,Connecticut,0.26199897054712296
2020-06-11,529,Connecticut,0.26230163109219395
2020-06-12,529,Connecticut,0.2643520110757211
2020-06-13,529,Connecticut,0.26829382890252346
2020-06-14,529,Connecticut,0.2742150187750731
2020-06-15,529,Connecticut,0.2821233270134649
2020-06-16,529,Connecticut,0.2919166518151525
2020-06-17,529,Connecticut,0.30346768933999313
2020-06-18,529,Connecticut,0.3163677914085743
2020-06-19,529,Connecticut,0.3302963673375147
2020-06-20,529,Connecticut,0.34483043949491576
2020-06-21,529,Connecticut,0.3594562918629281
2020-06-22,529,Connecticut,0.3735902618412545
2020-06-23,529,Connecticut,0.38660509392262676
2020-06-24,529,Connecticut,0.39786018010421564
2020-06-25,529,Connecticut,0.4069349991751655
2020-06-26,529,Connecticut,0.41350231517742825
2020-06-27,529,Connecticut,0.417332015406882
2020-06-28,529,Connecticut,0.41834928272591754
2020-06-29,529,Connecticut,0.4166461469493087
2020-06-30,529,Connecticut,0.41247544103973566
2020-07-01,529,Connecticut,0.40622014229285064
2020-07-02,529,Connecticut,0.3983498806917281
2020-07-03,529,Connecticut,0.3893724306807736
2020-07-04,529,Connecticut,0.37965377988775606
2020-07-05,529,Connecticut,0.3695853605705681
2020-07-06,529,Connecticut,0.35953219614352655
2020-07-07,529,Connecticut,0.34980720290199785
2020-07-08,529,Connecticut,0.3406007980855224
2020-07-09,529,Connecticut,0.33207854077698545
2020-07-10,529,Connecticut,0.3243942038599022
2020-07-11,529,Connecticut,0.3176353204234341
2020-07-12,529,Connecticut,0.3118439164396141
2020-07-13,529,Connecticut,0.3070431777639546
2020-07-14,529,Connecticut,0.30321924530513944
2020-07-15,529,Connecticut,0.3003895662177493
2020-07-16,529,Connecticut,0.2983216608319624
2020-07-17,529,Connecticut,0.29697857327831817
2020-07-18,529,Connecticut,0.2963060148168262
2020-07-19,529,Connecticut,0.29622448479101254
2020-07-20,529,Connecticut,0.2966287930986583
2020-07-21,529,Connecticut,0.2973857887959647
2020-07-22,529,Connecticut,0.298343192224613
2020-07-23,529,Connecticut,0.2993923449674204
2020-07-24,529,Connecticut,0.30044220367093005
2020-07-25,529,Connecticut,0.3014193650437767
2020-07-26,529,Connecticut,0.3022629321338831
2020-07-27,529,Connecticut,0.30293412128063146
2020-07-28,529,Connecticut,0.30342193771210163
2020-07-29,529,Connecticut,0.30374648602125254
2020-07-30,529,Connecticut,0.3039300413916859
2020-07-31,529,Connecticut,0.30412092093198423
2020-08-01,529,Connecticut,0.3044029125676053
2020-08-02,529,Connecticut,0.30485216426472617
2020-08-03,529,Connecticut,0.3055638869267735
2020-08-04,529,Connecticut,0.3066552242611017
2020-08-05,529,Connecticut,0.308267095181425
2020-08-06,529,Connecticut,0.31056440876063485
2020-08-07,529,Connecticut,0.31369823175679734
2020-08-08,529,Connecticut,0.31784736694464755
2020-08-09,529,Connecticut,0.32314901877045454
2020-08-10,529,Connecticut,0.3297251968829639
2020-08-11,529,Connecticut,0.33767679315948407
2020-08-12,529,Connecticut,0.34707810134090655
2020-08-13,529,Connecticut,0.3579746604538032
2020-08-14,529,Connecticut,0.3703776784252946
2020-08-15,529,Connecticut,0.3842263011705369
2020-08-16,529,Connecticut,0.3995183068583847
2020-08-17,529,Connecticut,0.41611683742277455
2020-08-18,529,Connecticut,0.4338348562799745
2020-08-19,529,Connecticut,0.4524245385586349
2020-08-20,529,Connecticut,0.4715676239181874
2020-08-21,529,Connecticut,0.49086482358222233
2020-08-22,529,Connecticut,0.5098238815435149
2020-08-23,529,Connecticut,0.5278030120020967
2020-08-24,529,Connecticut,0.5441271864335488
2020-08-25,529,Connecticut,0.5581197924994076
2020-08-26,529,Connecticut,0.5690747035534448
2020-08-27,529,Connecticut,0.5763636042650134
2020-08-28,529,Connecticut,0.579550563144234
2020-08-29,529,Connecticut,0.57824390832254
2020-08-30,529,Connecticut,0.572185473449539
2020-08-31,529,Connecticut,0.5616443135911813
2020-09-01,529,Connecticut,0.5473338466308757
2020-09-02,529,Connecticut,0.5307594290808927
2020-09-03,529,Connecticut,0.5132403219785491
2020-09-04,529,Connecticut,0.4960675192655839
2020-09-05,529,Connecticut,0.48044655697021343
2020-09-06,529,Connecticut,0.46709638535716785
2020-09-07,529,Connecticut,0.4560351188777915
2020-09-08,529,Connecticut,0.44706235269279027
2020-09-09,529,Connecticut,0.4400202991055643
2020-09-10,529,Connecticut,0.4347060607995689
2020-09-11,529,Connecticut,0.4309591969113359
2020-09-12,529,Connecticut,0.4286798130495361
2020-09-13,529,Connecticut,0.42775769928457724
2020-09-14,529,Connecticut,0.4280698883308181
2020-09-15,529,Connecticut,0.4293923434543997
2020-09-16,529,Connecticut,0.43110164203780593
2020-09-17,529,Connecticut,0.4328564633385756
2020-09-18,529,Connecticut,0.4349169259927184
2020-09-19,529,Connecticut,0.4371963898873857
2020-09-20,529,Connecticut,0.43943740348344307
2020-09-21,529,Connecticut,0.44163575079405637
2020-02-01,530,Delaware,0.0
2020-02-02,530,Delaware,0.0
2020-02-03,530,Delaware,0.0
2020-02-04,530,Delaware,0.0
2020-02-05,530,Delaware,0.0
2020-02-06,530,Delaware,0.0
2020-02-07,530,Delaware,0.0
2020-02-08,530,Delaware,0.0
2020-02-09,530,Delaware,0.0
2020-02-10,530,Delaware,0.0
2020-02-11,530,Delaware,0.0
2020-02-12,530,Delaware,0.0
2020-02-13,530,Delaware,0.0
2020-02-14,530,Delaware,0.0
2020-02-15,530,Delaware,0.0
2020-02-16,530,Delaware,0.0
2020-02-17,530,Delaware,0.0
2020-02-18,530,Delaware,0.0
2020-02-19,530,Delaware,0.0
2020-02-20,530,Delaware,0.0
2020-02-21,530,Delaware,0.0
2020-02-22,530,Delaware,0.0
2020-02-23,530,Delaware,0.0
2020-02-24,530,Delaware,0.0
2020-02-25,530,Delaware,0.0
2020-02-26,530,Delaware,0.0
2020-02-27,530,Delaware,0.0
2020-02-28,530,Delaware,0.0
2020-02-29,530,Delaware,0.0
2020-03-01,530,Delaware,0.0
2020-03-02,530,Delaware,0.0
2020-03-03,530,Delaware,0.0
2020-03-04,530,Delaware,0.0
2020-03-05,530,Delaware,0.0
2020-03-06,530,Delaware,0.0
2020-03-07,530,Delaware,0.0
2020-03-08,530,Delaware,0.0
2020-03-09,530,Delaware,0.0
2020-03-10,530,Delaware,0.0
2020-03-11,530,Delaware,0.0
2020-03-12,530,Delaware,27.292850824268417
2020-03-13,530,Delaware,8.624252012762975
2020-03-14,530,Delaware,4.7834789562174835
2020-03-15,530,Delaware,3.217861336383799
2020-03-16,530,Delaware,2.427366293478355
2020-03-17,530,Delaware,1.7353208497958792
2020-03-18,530,Delaware,1.3629922691778378
2020-03-19,530,Delaware,1.1460503123616474
2020-03-20,530,Delaware,1.0101321865481465
2020-03-21,530,Delaware,0.9195643386473363
2020-03-22,530,Delaware,0.856019273904768
2020-03-23,530,Delaware,0.8093020751902299
2020-03-24,530,Delaware,0.7733756838637373
2020-03-25,530,Delaware,0.7446493721684989
2020-03-26,530,Delaware,0.7206782836600345
2020-03-27,530,Delaware,0.6999556416516536
2020-03-28,530,Delaware,0.6816016898740783
2020-03-29,530,Delaware,0.6649798973627336
2020-03-30,530,Delaware,0.6496256888933475
2020-03-31,530,Delaware,0.6352143014580727
2020-04-01,530,Delaware,0.6216078671864766
2020-04-02,530,Delaware,0.6086916878524418
2020-04-03,530,Delaware,0.5963792438836807
2020-04-04,530,Delaware,0.5846104399991676
2020-04-05,530,Delaware,0.5733475996744247
2020-04-06,530,Delaware,0.5625753774762683
2020-04-07,530,Delaware,0.5522018340074125
2020-04-08,530,Delaware,0.5424223195298061
2020-04-09,530,Delaware,0.5332019659576349
2020-04-10,530,Delaware,0.52448321444925
2020-04-11,530,Delaware,0.5162254129433037
2020-04-12,530,Delaware,0.5083976704961293
2020-04-13,530,Delaware,0.5009748303362369
2020-04-14,530,Delaware,0.4939354545971886
2020-04-15,530,Delaware,0.4872601441214235
2020-04-16,530,Delaware,0.4809291062139004
2020-04-17,530,Delaware,0.47487115693886806
2020-04-18,530,Delaware,0.4690205330785087
2020-04-19,530,Delaware,0.4633250858829451
2020-04-20,530,Delaware,0.4577293428349496
2020-04-21,530,Delaware,0.45217838549832223
2020-04-22,530,Delaware,0.4466230497746048
2020-04-23,530,Delaware,0.4410262157700562
2020-04-24,530,Delaware,0.43536893897956014
2020-04-25,530,Delaware,0.429653229162222
2020-04-26,530,Delaware,0.4237756768048954
2020-04-27,530,Delaware,0.4180327315955845
2020-04-28,530,Delaware,0.4124328231978107
2020-04-29,530,Delaware,0.40700021694814953
2020-04-30,530,Delaware,0.4017788039512281
2020-05-01,530,Delaware,0.39683109442100706
2020-05-02,530,Delaware,0.39223235095514525
2020-05-03,530,Delaware,0.38806327206461505
2020-05-04,530,Delaware,0.38440175820978983
2020-05-05,530,Delaware,0.3813134766790751
2020-05-06,530,Delaware,0.37884394045592445
2020-05-07,530,Delaware,0.3770105527142212
2020-05-08,530,Delaware,0.37574155748084487
2020-05-09,530,Delaware,0.37496047935996135
2020-05-10,530,Delaware,0.37457932686255907
2020-05-11,530,Delaware,0.3744755382664846
2020-05-12,530,Delaware,0.37448700411949354
2020-05-13,530,Delaware,0.3744546083194332
2020-05-14,530,Delaware,0.37419700151950663
2020-05-15,530,Delaware,0.3735072966103352
2020-05-16,530,Delaware,0.3721700828218848
2020-05-17,530,Delaware,0.3700029203070316
2020-05-18,530,Delaware,0.36682951568400934
2020-05-19,530,Delaware,0.3623944514928026
2020-05-20,530,Delaware,0.3567679894870991
2020-05-21,530,Delaware,0.349885909663693
2020-05-22,530,Delaware,0.3417022531146497
2020-05-23,530,Delaware,0.3322478164158145
2020-05-24,530,Delaware,0.3216348228319181
2020-05-25,530,Delaware,0.3100471295726642
2020-05-26,530,Delaware,0.2977246233054261
2020-05-27,530,Delaware,0.2849072611260714
2020-05-28,530,Delaware,0.27185741132118524
2020-05-29,530,Delaware,0.25877552123437614
2020-05-30,530,Delaware,0.24582851310989284
2020-05-31,530,Delaware,0.23322006130492737
2020-06-01,530,Delaware,0.22118980269721975
2020-06-02,530,Delaware,0.21000124145758037
2020-06-03,530,Delaware,0.19991747562744225
2020-06-04,530,Delaware,0.1911807650218543
2020-06-05,530,Delaware,0.1839529129053491
2020-06-06,530,Delaware,0.17837418593229512
2020-06-07,530,Delaware,0.17461059554817476
2020-06-08,530,Delaware,0.17280565733519998
2020-06-09,530,Delaware,0.1731078131093903
2020-06-10,530,Delaware,0.1757298862038334
2020-06-11,530,Delaware,0.1809411411453836
2020-06-12,530,Delaware,0.18901741316418422
2020-06-13,530,Delaware,0.20024930730268042
2020-06-14,530,Delaware,0.21491870814481626
2020-06-15,530,Delaware,0.23321645391089496
2020-06-16,530,Delaware,0.255161873491218
2020-06-17,530,Delaware,0.2805560838018257
2020-06-18,530,Delaware,0.30889962614352456
2020-06-19,530,Delaware,0.33936227130385355
2020-06-20,530,Delaware,0.37079860915866514
2020-06-21,530,Delaware,0.4018189181815414
2020-06-22,530,Delaware,0.4309132517697749
2020-06-23,530,Delaware,0.45661073095557747
2020-06-24,530,Delaware,0.4776695314881227
2020-06-25,530,Delaware,0.49313583830106433
2020-06-26,530,Delaware,0.5026271594958802
2020-06-27,530,Delaware,0.5062962668986124
2020-06-28,530,Delaware,0.504653805649623
2020-06-29,530,Delaware,0.4984167139003458
2020-06-30,530,Delaware,0.48871073499433393
2020-07-01,530,Delaware,0.4765171706357609
2020-07-02,530,Delaware,0.46268750660877217
2020-07-03,530,Delaware,0.4480597676236857
2020-07-04,530,Delaware,0.43334828556659505
2020-07-05,530,Delaware,0.41924871081414233
2020-07-06,530,Delaware,0.406106545800743
2020-07-07,530,Delaware,0.3941657899956962
2020-07-08,530,Delaware,0.3836633510194038
2020-07-09,530,Delaware,0.3747905376249424
2020-07-10,530,Delaware,0.3675964462021297
2020-07-11,530,Delaware,0.362072139343828
2020-07-12,530,Delaware,0.35818111568965444
2020-07-13,530,Delaware,0.35585480351972315
2020-07-14,530,Delaware,0.3550950165262555
2020-07-15,530,Delaware,0.35553128244391224
2020-07-16,530,Delaware,0.3570324484917244
2020-07-17,530,Delaware,0.3594921137189494
2020-07-18,530,Delaware,0.36276425069319435
2020-07-19,530,Delaware,0.3666650190091396
2020-07-20,530,Delaware,0.37097440411904214
2020-07-21,530,Delaware,0.37543892144799124
2020-07-22,530,Delaware,0.3798464830202953
2020-07-23,530,Delaware,0.38397988288648643
2020-07-24,530,Delaware,0.3877039692962622
2020-07-25,530,Delaware,0.3909192780723409
2020-07-26,530,Delaware,0.3935425419324593
2020-07-27,530,Delaware,0.3955130284979993
2020-07-28,530,Delaware,0.39679848630269804
2020-07-29,530,Delaware,0.39739731613369256
2020-07-30,530,Delaware,0.3972332249838696
2020-07-31,530,Delaware,0.39658207404235635
2020-08-01,530,Delaware,0.3955639981394171
2020-08-02,530,Delaware,0.39422047253088977
2020-08-03,530,Delaware,0.3926166929258786
2020-08-04,530,Delaware,0.3908442328714158
2020-08-05,530,Delaware,0.3890231419416277
2020-08-06,530,Delaware,0.3873038896519154
2020-08-07,530,Delaware,0.3858668383883992
2020-08-08,530,Delaware,0.38491692202198285
2020-08-09,530,Delaware,0.38455820958219455
2020-08-10,530,Delaware,0.38509034101468254
2020-08-11,530,Delaware,0.3866227268220938
2020-08-12,530,Delaware,0.38923951659395245
2020-08-13,530,Delaware,0.39302484263665627
2020-08-14,530,Delaware,0.39805754700475754
2020-08-15,530,Delaware,0.4044095174890847
2020-08-16,530,Delaware,0.4121458393921591
2020-08-17,530,Delaware,0.4213200676479879
2020-08-18,530,Delaware,0.4319601903634996
2020-08-19,530,Delaware,0.4439953539122173
2020-08-20,530,Delaware,0.4572317733224196
2020-08-21,530,Delaware,0.4713903464666434
2020-08-22,530,Delaware,0.48604433303004985
2020-08-23,530,Delaware,0.5007361876596997
2020-08-24,530,Delaware,0.5145188351309093
2020-08-25,530,Delaware,0.5266361266656214
2020-08-26,530,Delaware,0.5365623560933085
2020-08-27,530,Delaware,0.5437267968554481
2020-08-28,530,Delaware,0.5475461242913732
2020-08-29,530,Delaware,0.5474934126619099
2020-08-30,530,Delaware,0.5434843200600601
2020-08-31,530,Delaware,0.5359410153105765
2020-09-01,530,Delaware,0.5256023073281929
2020-09-02,530,Delaware,0.5133082027058383
2020-09-03,530,Delaware,0.499979678320254
2020-09-04,530,Delaware,0.4864983568731189
2020-09-05,530,Delaware,0.47402683621489927
2020-09-06,530,Delaware,0.46290346492844137
2020-09-07,530,Delaware,0.4532487977696956
2020-09-08,530,Delaware,0.4453800127646778
2020-09-09,530,Delaware,0.43932996586236517
2020-09-10,530,Delaware,0.4349906700330544
2020-09-11,530,Delaware,0.43224226641010544
2020-09-12,530,Delaware,0.43106839399204616
2020-09-13,530,Delaware,0.4314240823063167
2020-09-14,530,Delaware,0.43264520635420495
2020-09-15,530,Delaware,0.43477434177215296
2020-09-16,530,Delaware,0.43732394991426093
2020-09-17,530,Delaware,0.43960851033772746
2020-09-18,530,Delaware,0.44187265678323684
2020-09-19,530,Delaware,0.4442049898246405
2020-09-20,530,Delaware,0.446289041711418
2020-09-21,530,Delaware,0.4483358222415123
2020-02-01,531,District of Columbia,0.0
2020-02-02,531,District of Columbia,0.0
2020-02-03,531,District of Columbia,0.0
2020-02-04,531,District of Columbia,0.0
2020-02-05,531,District of Columbia,0.0
2020-02-06,531,District of Columbia,0.0
2020-02-07,531,District of Columbia,0.0
2020-02-08,531,District of Columbia,0.0
2020-02-09,531,District of Columbia,0.0
2020-02-10,531,District of Columbia,0.0
2020-02-11,531,District of Columbia,0.0
2020-02-12,531,District of Columbia,0.0
2020-02-13,531,District of Columbia,0.0
2020-02-14,531,District of Columbia,0.0
2020-02-15,531,District of Columbia,0.0
2020-02-16,531,District of Columbia,0.0
2020-02-17,531,District of Columbia,5.196559436503926
2020-02-18,531,District of Columbia,5.3028615493091635
2020-02-19,531,District of Columbia,3.758970015619749
2020-02-20,531,District of Columbia,2.7363339882762854
2020-02-21,531,District of Columbia,2.1756636553531323
2020-02-22,531,District of Columbia,1.7100684407431317
2020-02-23,531,District of Columbia,1.4530084166440846
2020-02-24,531,District of Columbia,1.303947976334911
2020-02-25,531,District of Columbia,1.211978024995761
2020-02-26,531,District of Columbia,1.1521180164930866
2020-02-27,531,District of Columbia,1.1105189426405468
2020-02-28,531,District of Columbia,1.0797879495902885
2020-02-29,531,District of Columbia,1.0561427258381633
2020-03-01,531,District of Columbia,1.0363061803815312
2020-03-02,531,District of Columbia,1.0187199611561513
2020-03-03,531,District of Columbia,1.0026930582289668
2020-03-04,531,District of Columbia,0.9876718846754835
2020-03-05,531,District of Columbia,0.9735249267624105
2020-03-06,531,District of Columbia,0.9598510419417288
2020-03-07,531,District of Columbia,0.9466723049525562
2020-03-08,531,District of Columbia,0.9341184920574318
2020-03-09,531,District of Columbia,0.9219610603397815
2020-03-10,531,District of Columbia,0.9101985502222909
2020-03-11,531,District of Columbia,0.8990461943499568
2020-03-12,531,District of Columbia,0.88837325563146
2020-03-13,531,District of Columbia,0.8780362005737087
2020-03-14,531,District of Columbia,0.8680080354296503
2020-03-15,531,District of Columbia,0.8581600099825614
2020-03-16,531,District of Columbia,0.8483426791587554
2020-03-17,531,District of Columbia,0.8384488320325125
2020-03-18,531,District of Columbia,0.8284612445031931
2020-03-19,531,District of Columbia,0.8180643364725587
2020-03-20,531,District of Columbia,0.8068686023604863
2020-03-21,531,District of Columbia,0.7951173810147043
2020-03-22,531,District of Columbia,0.7828358607528935
2020-03-23,531,District of Columbia,0.7699228105415342
2020-03-24,531,District of Columbia,0.7563766544474897
2020-03-25,531,District of Columbia,0.7419103529234498
2020-03-26,531,District of Columbia,0.7266504797380429
2020-03-27,531,District of Columbia,0.7108854570283462
2020-03-28,531,District of Columbia,0.6947498882497956
2020-03-29,531,District of Columbia,0.6783034905644424
2020-03-30,531,District of Columbia,0.6616129021160854
2020-03-31,531,District of Columbia,0.6448965320072071
2020-04-01,531,District of Columbia,0.6283362403283445
2020-04-02,531,District of Columbia,0.61207693175528
2020-04-03,531,District of Columbia,0.5962478845934334
2020-04-04,531,District of Columbia,0.5809719665360181
2020-04-05,531,District of Columbia,0.5662361260418671
2020-04-06,531,District of Columbia,0.5524349829028614
2020-04-07,531,District of Columbia,0.5394983624506747
2020-04-08,531,District of Columbia,0.5273796028200912
2020-04-09,531,District of Columbia,0.5160641045796239
2020-04-10,531,District of Columbia,0.5055510927534449
2020-04-11,531,District of Columbia,0.49583991952499584
2020-04-12,531,District of Columbia,0.4869253048322002
2020-04-13,531,District of Columbia,0.4787185351738422
2020-04-14,531,District of Columbia,0.4710723273293702
2020-04-15,531,District of Columbia,0.4638837566351664
2020-04-16,531,District of Columbia,0.4570467052446922
2020-04-17,531,District of Columbia,0.4504493857653118
2020-04-18,531,District of Columbia,0.4439736575996967
2020-04-19,531,District of Columbia,0.4374992444684718
2020-04-20,531,District of Columbia,0.43089922211614595
2020-04-21,531,District of Columbia,0.4240929469302187
2020-04-22,531,District of Columbia,0.4170260259185153
2020-04-23,531,District of Columbia,0.4096550475089206
2020-04-24,531,District of Columbia,0.40196978496909636
2020-04-25,531,District of Columbia,0.3939960757865464
2020-04-26,531,District of Columbia,0.3857953677786155
2020-04-27,531,District of Columbia,0.3774289266090187
2020-04-28,531,District of Columbia,0.3690208325907991
2020-04-29,531,District of Columbia,0.36076346406985593
2020-04-30,531,District of Columbia,0.3527224243249858
2020-05-01,531,District of Columbia,0.344988828625786
2020-05-02,531,District of Columbia,0.33767419348918776
2020-05-03,531,District of Columbia,0.330902828127591
2020-05-04,531,District of Columbia,0.3248039541331969
2020-05-05,531,District of Columbia,0.31950484358925063
2020-05-06,531,District of Columbia,0.31517758353768527
2020-05-07,531,District of Columbia,0.31180489587156895
2020-05-08,531,District of Columbia,0.3093500628414875
2020-05-09,531,District of Columbia,0.30788503818438967
2020-05-10,531,District of Columbia,0.30744888225772676
2020-05-11,531,District of Columbia,0.3080438277987447
2020-05-12,531,District of Columbia,0.30963009477703934
2020-05-13,531,District of Columbia,0.312124272971576
2020-05-14,531,District of Columbia,0.31539891749057847
2020-05-15,531,District of Columbia,0.3193451518253754
2020-05-16,531,District of Columbia,0.32380006718214493
2020-05-17,531,District of Columbia,0.3286396243877989
2020-05-18,531,District of Columbia,0.3337719482143716
2020-05-19,531,District of Columbia,0.3390822749896375
2020-05-20,531,District of Columbia,0.3444289122459215
2020-05-21,531,District of Columbia,0.3496440284966726
2020-05-22,531,District of Columbia,0.35453941124840593
2020-05-23,531,District of Columbia,0.35891583033529956
2020-05-24,531,District of Columbia,0.36257301967521993
2020-05-25,531,District of Columbia,0.36543879028367005
2020-05-26,531,District of Columbia,0.3674139729816181
2020-05-27,531,District of Columbia,0.36840719105507397
2020-05-28,531,District of Columbia,0.3683473966688384
2020-05-29,531,District of Columbia,0.36718770348524654
2020-05-30,531,District of Columbia,0.36491663792010354
2020-05-31,531,District of Columbia,0.3615749209892254
2020-06-01,531,District of Columbia,0.35726869900331937
2020-06-02,531,District of Columbia,0.35212624520968094
2020-06-03,531,District of Columbia,0.3464571416507516
2020-06-04,531,District of Columbia,0.340446650609428
2020-06-05,531,District of Columbia,0.3343126868832732
2020-06-06,531,District of Columbia,0.32829733044611326
2020-06-07,531,District of Columbia,0.322649324047785
2020-06-08,531,District of Columbia,0.31757156175190476
2020-06-09,531,District of Columbia,0.3131994583744552
2020-06-10,531,District of Columbia,0.30964399197356157
2020-06-11,531,District of Columbia,0.30699471859453586
2020-06-12,531,District of Columbia,0.30531097735816554
2020-06-13,531,District of Columbia,0.3046452244727357
2020-06-14,531,District of Columbia,0.30497358526087376
2020-06-15,531,District of Columbia,0.306047136438255
2020-06-16,531,District of Columbia,0.30780121263912485
2020-06-17,531,District of Columbia,0.3101133551446944
2020-06-18,531,District of Columbia,0.31280688824327046
2020-06-19,531,District of Columbia,0.31565741461898195
2020-06-20,531,District of Columbia,0.3184017585968834
2020-06-21,531,District of Columbia,0.3207495008724951
2020-06-22,531,District of Columbia,0.3224093989140963
2020-06-23,531,District of Columbia,0.3233214723322887
2020-06-24,531,District of Columbia,0.32336063450630137
2020-06-25,531,District of Columbia,0.3224384012703298
2020-06-26,531,District of Columbia,0.3205223508438324
2020-06-27,531,District of Columbia,0.31764789860916015
2020-06-28,531,District of Columbia,0.31392907866152236
2020-06-29,531,District of Columbia,0.3095604522479725
2020-06-30,531,District of Columbia,0.30474051633955274
2020-07-01,531,District of Columbia,0.2998607974138524
2020-07-02,531,District of Columbia,0.2952048907129845
2020-07-03,531,District of Columbia,0.2909955181961643
2020-07-04,531,District of Columbia,0.28746796180079837
2020-07-05,531,District of Columbia,0.28485878560260136
2020-07-06,531,District of Columbia,0.28339868905217697
2020-07-07,531,District of Columbia,0.28330812446011033
2020-07-08,531,District of Columbia,0.28482666180400124
2020-07-09,531,District of Columbia,0.28805651228788337
2020-07-10,531,District of Columbia,0.2929826515450437
2020-07-11,531,District of Columbia,0.29970851024279116
2020-07-12,531,District of Columbia,0.30827939773327595
2020-07-13,531,District of Columbia,0.3186628180577647
2020-07-14,531,District of Columbia,0.3307293764091273
2020-07-15,531,District of Columbia,0.34422912066408906
2020-07-16,531,District of Columbia,0.3587705174704166
2020-07-17,531,District of Columbia,0.373929313126328
2020-07-18,531,District of Columbia,0.38905448928212216
2020-07-19,531,District of Columbia,0.40363496450580716
2020-07-20,531,District of Columbia,0.4171186450767034
2020-07-21,531,District of Columbia,0.42893769286638467
2020-07-22,531,District of Columbia,0.4385561597395705
2020-07-23,531,District of Columbia,0.4455593889755356
2020-07-24,531,District of Columbia,0.44967678620517354
2020-07-25,531,District of Columbia,0.4508913533840588
2020-07-26,531,District of Columbia,0.44930065037942485
2020-07-27,531,District of Columbia,0.44512119371275755
2020-07-28,531,District of Columbia,0.43862712392656816
2020-07-29,531,District of Columbia,0.4303770196638519
2020-07-30,531,District of Columbia,0.4209311800582174
2020-07-31,531,District of Columbia,0.41067076284887777
2020-08-01,531,District of Columbia,0.4000138549338436
2020-08-02,531,District of Columbia,0.3893919115965599
2020-08-03,531,District of Columbia,0.379181658538517
2020-08-04,531,District of Columbia,0.3697438392775585
2020-08-05,531,District of Columbia,0.3612728727627689
2020-08-06,531,District of Columbia,0.3538931348636834
2020-08-07,531,District of Columbia,0.3477242224582451
2020-08-08,531,District of Columbia,0.34286910862138864
2020-08-09,531,District of Columbia,0.33941005804034463
2020-08-10,531,District of Columbia,0.33725635250155667
2020-08-11,531,District of Columbia,0.3363556638855976
2020-08-12,531,District of Columbia,0.3366276511653012
2020-08-13,531,District of Columbia,0.3379376068234884
2020-08-14,531,District of Columbia,0.34009858312625746
2020-08-15,531,District of Columbia,0.3429514020028886
2020-08-16,531,District of Columbia,0.34616238492694507
2020-08-17,531,District of Columbia,0.34958106855532073
2020-08-18,531,District of Columbia,0.3530551219304054
2020-08-19,531,District of Columbia,0.3564184126463633
2020-08-20,531,District of Columbia,0.3594975941381109
2020-08-21,531,District of Columbia,0.3621204533220844
2020-08-22,531,District of Columbia,0.36413689024987184
2020-08-23,531,District of Columbia,0.3655640972276702
2020-08-24,531,District of Columbia,0.3663967036309799
2020-08-25,531,District of Columbia,0.366669993115051
2020-08-26,531,District of Columbia,0.36646591931407324
2020-08-27,531,District of Columbia,0.3659087039186768
2020-08-28,531,District of Columbia,0.3651540108963586
2020-08-29,531,District of Columbia,0.36432789799484505
2020-08-30,531,District of Columbia,0.36364262081072934
2020-08-31,531,District of Columbia,0.36317563420813165
2020-09-01,531,District of Columbia,0.3630100389106753
2020-09-02,531,District of Columbia,0.36323386516727857
2020-09-03,531,District of Columbia,0.363881283497724
2020-09-04,531,District of Columbia,0.3649357450345865
2020-09-05,531,District of Columbia,0.36636163804144556
2020-09-06,531,District of Columbia,0.36807362074567684
2020-09-07,531,District of Columbia,0.36988939930490344
2020-09-08,531,District of Columbia,0.37166487595044073
2020-09-09,531,District of Columbia,0.37326813209906873
2020-09-10,531,District of Columbia,0.37463218344679683
2020-09-11,531,District of Columbia,0.3757883788499315
2020-09-12,531,District of Columbia,0.376789715146266
2020-09-13,531,District of Columbia,0.37770025590720724
2020-09-14,531,District of Columbia,0.37859564500530263
2020-09-15,531,District of Columbia,0.3795178214649182
2020-09-16,531,District of Columbia,0.38036753440708176
2020-09-17,531,District of Columbia,0.38116009997118333
2020-09-18,531,District of Columbia,0.38207062316056467
2020-09-19,531,District of Columbia,0.3830882508817349
2020-09-20,531,District of Columbia,0.3840764919551289
2020-09-21,531,District of Columbia,0.3850593171609916
2020-02-01,532,Florida,0.0
2020-02-02,532,Florida,0.0
2020-02-03,532,Florida,0.0
2020-02-04,532,Florida,0.0
2020-02-05,532,Florida,0.0
2020-02-06,532,Florida,0.0
2020-02-07,532,Florida,0.0
2020-02-08,532,Florida,0.0
2020-02-09,532,Florida,0.0
2020-02-10,532,Florida,0.0
2020-02-11,532,Florida,13.028788555560322
2020-02-12,532,Florida,6.6390565479514345
2020-02-13,532,Florida,3.7910052242314465
2020-02-14,532,Florida,2.563439882228002
2020-02-15,532,Florida,1.8915803228781949
2020-02-16,532,Florida,1.2929673078069583
2020-02-17,532,Florida,0.9909286822572542
2020-02-18,532,Florida,0.8289478651142772
2020-02-19,532,Florida,0.7395910197128713
2020-02-20,532,Florida,0.6922545293184607
2020-02-21,532,Florida,0.6713889373187817
2020-02-22,532,Florida,0.6687984112346349
2020-02-23,532,Florida,0.6800146394201138
2020-02-24,532,Florida,0.7017240571033966
2020-02-25,532,Florida,0.7319598912041198
2020-02-26,532,Florida,0.7696343986482919
2020-02-27,532,Florida,0.8126008443660176
2020-02-28,532,Florida,0.8593414352273507
2020-02-29,532,Florida,0.9091106887076976
2020-03-01,532,Florida,0.9589092460334088
2020-03-02,532,Florida,1.0068135818233603
2020-03-03,532,Florida,1.0524028464797521
2020-03-04,532,Florida,1.0929242351596928
2020-03-05,532,Florida,1.1269535277749578
2020-03-06,532,Florida,1.154359921375698
2020-03-07,532,Florida,1.1737080307190018
2020-03-08,532,Florida,1.1845069928362322
2020-03-09,532,Florida,1.1867352845187173
2020-03-10,532,Florida,1.1805645620711356
2020-03-11,532,Florida,1.1668240512055663
2020-03-12,532,Florida,1.1461172902066976
2020-03-13,532,Florida,1.1189283966800456
2020-03-14,532,Florida,1.0871651185616147
2020-03-15,532,Florida,1.051818510844995
2020-03-16,532,Florida,1.0132009173532581
2020-03-17,532,Florida,0.9724058996283192
2020-03-18,532,Florida,0.9305344851032336
2020-03-19,532,Florida,0.888063124393164
2020-03-20,532,Florida,0.8454612996412254
2020-03-21,532,Florida,0.8035819215662416
2020-03-22,532,Florida,0.7631074120737414
2020-03-23,532,Florida,0.724411925268064
2020-03-24,532,Florida,0.6884436181774497
2020-03-25,532,Florida,0.655364116031845
2020-03-26,532,Florida,0.625293209913037
2020-03-27,532,Florida,0.5984367069552804
2020-03-28,532,Florida,0.5748929776810573
2020-03-29,532,Florida,0.5547901765883217
2020-03-30,532,Florida,0.5378947482604118
2020-03-31,532,Florida,0.5240038425617737
2020-04-01,532,Florida,0.5129443227445005
2020-04-02,532,Florida,0.5045049077018705
2020-04-03,532,Florida,0.4982826879317135
2020-04-04,532,Florida,0.4939511340746882
2020-04-05,532,Florida,0.49117607164621985
2020-04-06,532,Florida,0.4896079983983204
2020-04-07,532,Florida,0.4889750882707635
2020-04-08,532,Florida,0.48879723618160176
2020-04-09,532,Florida,0.48889403263132597
2020-04-10,532,Florida,0.48908728420318387
2020-04-11,532,Florida,0.4891967831345649
2020-04-12,532,Florida,0.48904728771761946
2020-04-13,532,Florida,0.4884765123835144
2020-04-14,532,Florida,0.48739697743598304
2020-04-15,532,Florida,0.48581073953389126
2020-04-16,532,Florida,0.48371899984271205
2020-04-17,532,Florida,0.4811439706575041
2020-04-18,532,Florida,0.47812447780117473
2020-04-19,532,Florida,0.47471270553446665
2020-04-20,532,Florida,0.4709148038192385
2020-04-21,532,Florida,0.4668154787715778
2020-04-22,532,Florida,0.462668965612375
2020-04-23,532,Florida,0.45849343124695985
2020-04-24,532,Florida,0.45433486019780617
2020-04-25,532,Florida,0.4502652380036498
2020-04-26,532,Florida,0.44637450738584733
2020-04-27,532,Florida,0.4427686225585567
2020-04-28,532,Florida,0.4395633216955427
2020-04-29,532,Florida,0.4368806154696382
2020-04-30,532,Florida,0.4348425620246608
2020-05-01,532,Florida,0.43364548469852027
2020-05-02,532,Florida,0.43317536703424303
2020-05-03,532,Florida,0.4334267126957586
2020-05-04,532,Florida,0.4344507880608563
2020-05-05,532,Florida,0.43626928637522805
2020-05-06,532,Florida,0.4388669605228312
2020-05-07,532,Florida,0.4421830005436748
2020-05-08,532,Florida,0.4461081580945475
2020-05-09,532,Florida,0.4504867661550442
2020-05-10,532,Florida,0.4551233856342305
2020-05-11,532,Florida,0.4597983352850932
2020-05-12,532,Florida,0.4643442272083282
2020-05-13,532,Florida,0.46855457093334296
2020-05-14,532,Florida,0.4723354024035879
2020-05-15,532,Florida,0.4755984613164546
2020-05-16,532,Florida,0.47826917169912525
2020-05-17,532,Florida,0.48029703958255626
2020-05-18,532,Florida,0.481666056690511
2020-05-19,532,Florida,0.4824110000600672
2020-05-20,532,Florida,0.48261876469205295
2020-05-21,532,Florida,0.48241883593996293
2020-05-22,532,Florida,0.4819383445086689
2020-05-23,532,Florida,0.4814271943028249
2020-05-24,532,Florida,0.4810537237843718
2020-05-25,532,Florida,0.48089279276676683
2020-05-26,532,Florida,0.4810202839590871
2020-05-27,532,Florida,0.48151472838634607
2020-05-28,532,Florida,0.4824587310448034
2020-05-29,532,Florida,0.48394058592036177
2020-05-30,532,Florida,0.4860389616666141
2020-05-31,532,Florida,0.48883142436540983
2020-06-01,532,Florida,0.4923928592222211
2020-06-02,532,Florida,0.49675507352786097
2020-06-03,532,Florida,0.5019399528093975
2020-06-04,532,Florida,0.5079630536339756
2020-06-05,532,Florida,0.5148400206745078
2020-06-06,532,Florida,0.52258936725414
2020-06-07,532,Florida,0.5312159811636701
2020-06-08,532,Florida,0.5407498134678624
2020-06-09,532,Florida,0.5512280300667395
2020-06-10,532,Florida,0.5625972088363712
2020-06-11,532,Florida,0.5747852498395394
2020-06-12,532,Florida,0.5876910194794215
2020-06-13,532,Florida,0.6011777127775557
2020-06-14,532,Florida,0.6150727565770486
2020-06-15,532,Florida,0.629189820313503
2020-06-16,532,Florida,0.6432655837691503
2020-06-17,532,Florida,0.6569520545278842
2020-06-18,532,Florida,0.6700377763498404
2020-06-19,532,Florida,0.6822998534991459
2020-06-20,532,Florida,0.6935149206273418
2020-06-21,532,Florida,0.7034646145966169
2020-06-22,532,Florida,0.7120298034301225
2020-06-23,532,Florida,0.718950564813032
2020-06-24,532,Florida,0.7241884170805313
2020-06-25,532,Florida,0.7278313011398634
2020-06-26,532,Florida,0.7299613809862174
2020-06-27,532,Florida,0.7306667211940086
2020-06-28,532,Florida,0.7300489530621046
2020-06-29,532,Florida,0.7282560514956624
2020-06-30,532,Florida,0.7255214928083118
2020-07-01,532,Florida,0.7220491467812139
2020-07-02,532,Florida,0.7180169929447776
2020-07-03,532,Florida,0.7135807899765474
2020-07-04,532,Florida,0.7088739928148351
2020-07-05,532,Florida,0.704023494141273
2020-07-06,532,Florida,0.6991455082445509
2020-07-07,532,Florida,0.6942282612120088
2020-07-08,532,Florida,0.6893192668678025
2020-07-09,532,Florida,0.6844485104970213
2020-07-10,532,Florida,0.6796249333484953
2020-07-11,532,Florida,0.6748380733457827
2020-07-12,532,Florida,0.6700611821650735
2020-07-13,532,Florida,0.6652509547520512
2020-07-14,532,Florida,0.6603485191705687
2020-07-15,532,Florida,0.6552836035475672
2020-07-16,532,Florida,0.6499788974474071
2020-07-17,532,Florida,0.6443556961393684
2020-07-18,532,Florida,0.6383350909008876
2020-07-19,532,Florida,0.6318752322526642
2020-07-20,532,Florida,0.6249485540866868
2020-07-21,532,Florida,0.6175381044375663
2020-07-22,532,Florida,0.609652371668178
2020-07-23,532,Florida,0.601333738923742
2020-07-24,532,Florida,0.5924717058115634
2020-07-25,532,Florida,0.583546214046505
2020-07-26,532,Florida,0.5746243177932566
2020-07-27,532,Florida,0.5657599203570985
2020-07-28,532,Florida,0.5570523808214431
2020-07-29,532,Florida,0.5486376913535765
2020-07-30,532,Florida,0.5406817499444015
2020-07-31,532,Florida,0.5333687130248269
2020-08-01,532,Florida,0.5268933533463147
2020-08-02,532,Florida,0.5215023052017509
2020-08-03,532,Florida,0.5172135982720014
2020-08-04,532,Florida,0.514019247461002
2020-08-05,532,Florida,0.5120208269880803
2020-08-06,532,Florida,0.5112968623624564
2020-08-07,532,Florida,0.5118910051437358
2020-08-08,532,Florida,0.5138041925730819
2020-08-09,532,Florida,0.5169886198768127
2020-08-10,532,Florida,0.521341997221288
2020-08-11,532,Florida,0.5267148743430283
2020-08-12,532,Florida,0.5330374997087786
2020-08-13,532,Florida,0.5399598202875748
2020-08-14,532,Florida,0.5473978666432673
2020-08-15,532,Florida,0.5552492114525471
2020-08-16,532,Florida,0.5633973496001834
2020-08-17,532,Florida,0.5717099439197798
2020-08-18,532,Florida,0.5800387038969885
2020-08-19,532,Florida,0.5882189510086325
2020-08-20,532,Florida,0.5960741355552958
2020-08-21,532,Florida,0.6034373897650822
2020-08-22,532,Florida,0.6102247833322799
2020-08-23,532,Florida,0.6163561273449722
2020-08-24,532,Florida,0.6217663678719914
2020-08-25,532,Florida,0.6264106059991763
2020-08-26,532,Florida,0.6302658095713515
2020-08-27,532,Florida,0.633325086194961
2020-08-28,532,Florida,0.6355922428770892
2020-08-29,532,Florida,0.6370804130711399
2020-08-30,532,Florida,0.6377869956746369
2020-08-31,532,Florida,0.6377641734611755
2020-09-01,532,Florida,0.6371766019075269
2020-09-02,532,Florida,0.6361052573133658
2020-09-03,532,Florida,0.6346500784087526
2020-09-04,532,Florida,0.6329952163484045
2020-09-05,532,Florida,0.6313868628505704
2020-09-06,532,Florida,0.6300036343601549
2020-09-07,532,Florida,0.6289316753631945
2020-09-08,532,Florida,0.6281902583618397
2020-09-09,532,Florida,0.6283122865565118
2020-09-10,532,Florida,0.6287627727298173
2020-09-11,532,Florida,0.629674451917742
2020-09-12,532,Florida,0.6310762683692885
2020-09-13,532,Florida,0.6331932015177911
2020-09-14,532,Florida,0.6355747758829432
2020-09-15,532,Florida,0.6386380582352756
2020-09-16,532,Florida,0.642098932870783
2020-09-17,532,Florida,0.645902161128154
2020-09-18,532,Florida,0.6504085748979747
2020-09-19,532,Florida,0.655420409868466
2020-09-20,532,Florida,0.6604929893244947
2020-09-21,532,Florida,0.6654914246115552
2020-02-01,533,Georgia,0.0
2020-02-02,533,Georgia,0.0
2020-02-03,533,Georgia,0.0
2020-02-04,533,Georgia,0.0
2020-02-05,533,Georgia,0.0
2020-02-06,533,Georgia,0.0
2020-02-07,533,Georgia,0.0
2020-02-08,533,Georgia,0.0
2020-02-09,533,Georgia,0.0
2020-02-10,533,Georgia,0.0
2020-02-11,533,Georgia,0.0
2020-02-12,533,Georgia,13.002866206245873
2020-02-13,533,Georgia,6.6628464507074066
2020-02-14,533,Georgia,3.9092061521739576
2020-02-15,533,Georgia,2.654696121801648
2020-02-16,533,Georgia,2.0021851465202487
2020-02-17,533,Georgia,1.4332990405082584
2020-02-18,533,Georgia,1.145851826964168
2020-02-19,533,Georgia,0.9952959871834993
2020-02-20,533,Georgia,0.9180750835141246
2020-02-21,533,Georgia,0.8840960232672841
2020-02-22,533,Georgia,0.8782130775826454
2020-02-23,533,Georgia,0.8921634446808273
2020-02-24,533,Georgia,0.9205604828444158
2020-02-25,533,Georgia,0.9598331890317601
2020-02-26,533,Georgia,1.0065024717381088
2020-02-27,533,Georgia,1.0576459842532018
2020-02-28,533,Georgia,1.1096787257096705
2020-02-29,533,Georgia,1.1596885534151375
2020-03-01,533,Georgia,1.204154846809175
2020-03-02,533,Georgia,1.2409319956060985
2020-03-03,533,Georgia,1.2674639117849897
2020-03-04,533,Georgia,1.2822003987200812
2020-03-05,533,Georgia,1.2842977781582092
2020-03-06,533,Georgia,1.2742918314228049
2020-03-07,533,Georgia,1.253214371943002
2020-03-08,533,Georgia,1.2231561667766548
2020-03-09,533,Georgia,1.1856164733941965
2020-03-10,533,Georgia,1.1429716342887588
2020-03-11,533,Georgia,1.097077425112785
2020-03-12,533,Georgia,1.0494007443429862
2020-03-13,533,Georgia,1.001713015938234
2020-03-14,533,Georgia,0.9549874178065799
2020-03-15,533,Georgia,0.9098107608090938
2020-03-16,533,Georgia,0.866924874216127
2020-03-17,533,Georgia,0.8266746118636797
2020-03-18,533,Georgia,0.7890902692912647
2020-03-19,533,Georgia,0.7545456682796284
2020-03-20,533,Georgia,0.7228994425398113
2020-03-21,533,Georgia,0.6940093576543425
2020-03-22,533,Georgia,0.6677768808706113
2020-03-23,533,Georgia,0.644032254200056
2020-03-24,533,Georgia,0.6227533113407567
2020-03-25,533,Georgia,0.6036600507823142
2020-03-26,533,Georgia,0.5865410677121624
2020-03-27,533,Georgia,0.5712630159742152
2020-03-28,533,Georgia,0.5576993848997379
2020-03-29,533,Georgia,0.5457116727795113
2020-03-30,533,Georgia,0.5351158225476725
2020-03-31,533,Georgia,0.5257421365459161
2020-04-01,533,Georgia,0.5174416447870199
2020-04-02,533,Georgia,0.510089620644801
2020-04-03,533,Georgia,0.5035035686189828
2020-04-04,533,Georgia,0.49756046399036197
2020-04-05,533,Georgia,0.492169198780795
2020-04-06,533,Georgia,0.48725428690109035
2020-04-07,533,Georgia,0.4827564648194856
2020-04-08,533,Georgia,0.47862813345239275
2020-04-09,533,Georgia,0.4748291770264159
2020-04-10,533,Georgia,0.471339589472288
2020-04-11,533,Georgia,0.4681345743460898
2020-04-12,533,Georgia,0.4652032050488093
2020-04-13,533,Georgia,0.46254739181917504
2020-04-14,533,Georgia,0.4601692761090213
2020-04-15,533,Georgia,0.458073949283634
2020-04-16,533,Georgia,0.45626627077741777
2020-04-17,533,Georgia,0.4547457786746329
2020-04-18,533,Georgia,0.45350448426580814
2020-04-19,533,Georgia,0.4525270048534472
2020-04-20,533,Georgia,0.451793205663163
2020-04-21,533,Georgia,0.45127983432170093
2020-04-22,533,Georgia,0.4509288445554622
2020-04-23,533,Georgia,0.450774581061666
2020-04-24,533,Georgia,0.45080873195905397
2020-04-25,533,Georgia,0.45102133180971316
2020-04-26,533,Georgia,0.4514063129774343
2020-04-27,533,Georgia,0.4519638994290692
2020-04-28,533,Georgia,0.4527026608577708
2020-04-29,533,Georgia,0.4536396684858739
2020-04-30,533,Georgia,0.4547997814174002
2020-05-01,533,Georgia,0.45621659459165176
2020-05-02,533,Georgia,0.4579299962720912
2020-05-03,533,Georgia,0.4599826201446799
2020-05-04,533,Georgia,0.46241675781536645
2020-05-05,533,Georgia,0.46526958853707784
2020-05-06,533,Georgia,0.46856700294144354
2020-05-07,533,Georgia,0.4723246255438758
2020-05-08,533,Georgia,0.4765196931806596
2020-05-09,533,Georgia,0.4810814148651169
2020-05-10,533,Georgia,0.485953669020714
2020-05-11,533,Georgia,0.4910560997315286
2020-05-12,533,Georgia,0.49628648910536544
2020-05-13,533,Georgia,0.5015398136970026
2020-05-14,533,Georgia,0.506675613476341
2020-05-15,533,Georgia,0.5115773016399338
2020-05-16,533,Georgia,0.516147999476507
2020-05-17,533,Georgia,0.5202637193164419
2020-05-18,533,Georgia,0.5237594938072043
2020-05-19,533,Georgia,0.526468224368556
2020-05-20,533,Georgia,0.5280952481402463
2020-05-21,533,Georgia,0.5284646366564714
2020-05-22,533,Georgia,0.5274266712304112
2020-05-23,533,Georgia,0.5248303326213146
2020-05-24,533,Georgia,0.5205346414050841
2020-05-25,533,Georgia,0.5144247282246416
2020-05-26,533,Georgia,0.5065358522317592
2020-05-27,533,Georgia,0.4968691814190928
2020-05-28,533,Georgia,0.4854782072159781
2020-05-29,533,Georgia,0.4725043391791446
2020-05-30,533,Georgia,0.45819582945350196
2020-05-31,533,Georgia,0.44296321615853146
2020-06-01,533,Georgia,0.4273038086628207
2020-06-02,533,Georgia,0.4116634467201771
2020-06-03,533,Georgia,0.3965648736014475
2020-06-04,533,Georgia,0.3825217509847531
2020-06-05,533,Georgia,0.3699752080560469
2020-06-06,533,Georgia,0.35923703572219395
2020-06-07,533,Georgia,0.35059362947446193
2020-06-08,533,Georgia,0.34433556670859145
2020-06-09,533,Georgia,0.3406686546593368
2020-06-10,533,Georgia,0.3397641481105901
2020-06-11,533,Georgia,0.34188056296419744
2020-06-12,533,Georgia,0.34725436398159976
2020-06-13,533,Georgia,0.3560813597945329
2020-06-14,533,Georgia,0.36850799766883824
2020-06-15,533,Georgia,0.3845483446426118
2020-06-16,533,Georgia,0.40418841217440116
2020-06-17,533,Georgia,0.4272967161310513
2020-06-18,533,Georgia,0.4535301855215585
2020-06-19,533,Georgia,0.48232110762471986
2020-06-20,533,Georgia,0.51299369960021
2020-06-21,533,Georgia,0.5445214647076467
2020-06-22,533,Georgia,0.5759885564877157
2020-06-23,533,Georgia,0.6064673897049697
2020-06-24,533,Georgia,0.6350412778437136
2020-06-25,533,Georgia,0.6608587012304362
2020-06-26,533,Georgia,0.6831816573751
2020-06-27,533,Georgia,0.7016491398501126
2020-06-28,533,Georgia,0.7156055753287305
2020-06-29,533,Georgia,0.725167215692432
2020-06-30,533,Georgia,0.7307003429829981
2020-07-01,533,Georgia,0.732632499091051
2020-07-02,533,Georgia,0.7314128072342553
2020-07-03,533,Georgia,0.7274868985274393
2020-07-04,533,Georgia,0.7212709134207503
2020-07-05,533,Georgia,0.7134067580064124
2020-07-06,533,Georgia,0.7043439752711287
2020-07-07,533,Georgia,0.6944255503877531
2020-07-08,533,Georgia,0.6839538995501995
2020-07-09,533,Georgia,0.6732099929607684
2020-07-10,533,Georgia,0.6624702545616863
2020-07-11,533,Georgia,0.6517955382766064
2020-07-12,533,Georgia,0.6417238658744142
2020-07-13,533,Georgia,0.6324982350934908
2020-07-14,533,Georgia,0.6241019456224288
2020-07-15,533,Georgia,0.6165535775443951
2020-07-16,533,Georgia,0.6098922155349428
2020-07-17,533,Georgia,0.6041676721343445
2020-07-18,533,Georgia,0.599432577312253
2020-07-19,533,Georgia,0.5957385603500139
2020-07-20,533,Georgia,0.59316169196171
2020-07-21,533,Georgia,0.5916898832873746
2020-07-22,533,Georgia,0.5910281312380241
2020-07-23,533,Georgia,0.5911444282966135
2020-07-24,533,Georgia,0.5919745075451216
2020-07-25,533,Georgia,0.5934109352429519
2020-07-26,533,Georgia,0.5953002351645473
2020-07-27,533,Georgia,0.5974419142819258
2020-07-28,533,Georgia,0.5995888438234971
2020-07-29,533,Georgia,0.60146331941514
2020-07-30,533,Georgia,0.6029054473752258
2020-07-31,533,Georgia,0.6035016029657316
2020-08-01,533,Georgia,0.6031276087066393
2020-08-02,533,Georgia,0.601712717588183
2020-08-03,533,Georgia,0.5991851258384573
2020-08-04,533,Georgia,0.5954835362437347
2020-08-05,533,Georgia,0.59057627011555
2020-08-06,533,Georgia,0.5844756506444873
2020-08-07,533,Georgia,0.5772417457242152
2020-08-08,533,Georgia,0.5689760858589139
2020-08-09,533,Georgia,0.559971120172111
2020-08-10,533,Georgia,0.5504746158919097
2020-08-11,533,Georgia,0.540689533455967
2020-08-12,533,Georgia,0.5308607743295342
2020-08-13,533,Georgia,0.5212540949556297
2020-08-14,533,Georgia,0.512103585819025
2020-08-15,533,Georgia,0.503628779430908
2020-08-16,533,Georgia,0.49594593968813694
2020-08-17,533,Georgia,0.48917453896477103
2020-08-18,533,Georgia,0.4834359296761494
2020-08-19,533,Georgia,0.47884707609234456
2020-08-20,533,Georgia,0.475451824896204
2020-08-21,533,Georgia,0.47330987800765834
2020-08-22,533,Georgia,0.4724680454759225
2020-08-23,533,Georgia,0.47294507375961264
2020-08-24,533,Georgia,0.4747738780945159
2020-08-25,533,Georgia,0.4778762210471984
2020-08-26,533,Georgia,0.48215020684939386
2020-08-27,533,Georgia,0.48759922742398704
2020-08-28,533,Georgia,0.4942130684141986
2020-08-29,533,Georgia,0.5019729786805746
2020-08-30,533,Georgia,0.5108546599114908
2020-08-31,533,Georgia,0.5207800539070276
2020-09-01,533,Georgia,0.5315578425452228
2020-09-02,533,Georgia,0.5429763543805778
2020-09-03,533,Georgia,0.5544742608532169
2020-09-04,533,Georgia,0.5657504929818107
2020-09-05,533,Georgia,0.5765102062971972
2020-09-06,533,Georgia,0.5864674053075551
2020-09-07,533,Georgia,0.5954645948472462
2020-09-08,533,Georgia,0.6033995987940892
2020-09-09,533,Georgia,0.6093598373400687
2020-09-10,533,Georgia,0.6144892284114221
2020-09-11,533,Georgia,0.6186588496166715
2020-09-12,533,Georgia,0.6222187889430831
2020-09-13,533,Georgia,0.6254607873843431
2020-09-14,533,Georgia,0.6292623668136184
2020-09-15,533,Georgia,0.632538980444587
2020-09-16,533,Georgia,0.635109438987284
2020-09-17,533,Georgia,0.6369273587609703
2020-09-18,533,Georgia,0.6386595817842141
2020-09-19,533,Georgia,0.6403868445342269
2020-09-20,533,Georgia,0.6415863602839498
2020-09-21,533,Georgia,0.6423325015301817
2020-02-01,534,Hawaii,0.0
2020-02-02,534,Hawaii,0.0
2020-02-03,534,Hawaii,0.0
2020-02-04,534,Hawaii,0.0
2020-02-05,534,Hawaii,0.0
2020-02-06,534,Hawaii,0.0
2020-02-07,534,Hawaii,0.0
2020-02-08,534,Hawaii,0.0
2020-02-09,534,Hawaii,0.0
2020-02-10,534,Hawaii,0.0
2020-02-11,534,Hawaii,0.0
2020-02-12,534,Hawaii,0.0
2020-02-13,534,Hawaii,0.0
2020-02-14,534,Hawaii,0.0
2020-02-15,534,Hawaii,0.5750282614005404
2020-02-16,534,Hawaii,1.3067388050119013
2020-02-17,534,Hawaii,1.7971872968664757
2020-02-18,534,Hawaii,1.8002044710536378
2020-02-19,534,Hawaii,1.6204390134386768
2020-02-20,534,Hawaii,1.3180558981557862
2020-02-21,534,Hawaii,1.1313764173409857
2020-02-22,534,Hawaii,1.0189950482365477
2020-02-23,534,Hawaii,0.9506321770436416
2020-02-24,534,Hawaii,0.909455952660704
2020-02-25,534,Hawaii,0.8850075507770752
2020-02-26,534,Hawaii,0.871198956745738
2020-02-27,534,Hawaii,0.8639908695551778
2020-02-28,534,Hawaii,0.8611093788615166
2020-02-29,534,Hawaii,0.8608799622303706
2020-03-01,534,Hawaii,0.8622073226387594
2020-03-02,534,Hawaii,0.8646529514969034
2020-03-03,534,Hawaii,0.8670851894155128
2020-03-04,534,Hawaii,0.8689599364063815
2020-03-05,534,Hawaii,0.869425265388494
2020-03-06,534,Hawaii,0.8680199158005751
2020-03-07,534,Hawaii,0.864823005040663
2020-03-08,534,Hawaii,0.8594721918070555
2020-03-09,534,Hawaii,0.8515923519980954
2020-03-10,534,Hawaii,0.8410919210217659
2020-03-11,534,Hawaii,0.827482072560435
2020-03-12,534,Hawaii,0.81120212179615
2020-03-13,534,Hawaii,0.7924736628900259
2020-03-14,534,Hawaii,0.7713384463717212
2020-03-15,534,Hawaii,0.7481294900166858
2020-03-16,534,Hawaii,0.7234552232554032
2020-03-17,534,Hawaii,0.6976314637695711
2020-03-18,534,Hawaii,0.6708134711546007
2020-03-19,534,Hawaii,0.6435881732017393
2020-03-20,534,Hawaii,0.6163745303504173
2020-03-21,534,Hawaii,0.5893929008678804
2020-03-22,534,Hawaii,0.5629336995190937
2020-03-23,534,Hawaii,0.5373550854088756
2020-03-24,534,Hawaii,0.5128193043083735
2020-03-25,534,Hawaii,0.48950603182770763
2020-03-26,534,Hawaii,0.46747580476556955
2020-03-27,534,Hawaii,0.4470806459634704
2020-03-28,534,Hawaii,0.4282090757730347
2020-03-29,534,Hawaii,0.4107272478461576
2020-03-30,534,Hawaii,0.3945488018467496
2020-03-31,534,Hawaii,0.37960438143556785
2020-04-01,534,Hawaii,0.3657946640674613
2020-04-02,534,Hawaii,0.3528897083221759
2020-04-03,534,Hawaii,0.34066156310927737
2020-04-04,534,Hawaii,0.32887772385844277
2020-04-05,534,Hawaii,0.3173010710877503
2020-04-06,534,Hawaii,0.3056994775308585
2020-04-07,534,Hawaii,0.2938449986939528
2020-04-08,534,Hawaii,0.28158649163682936
2020-04-09,534,Hawaii,0.2687967107493805
2020-04-10,534,Hawaii,0.25539761291525914
2020-04-11,534,Hawaii,0.24138277270638434
2020-04-12,534,Hawaii,0.22682525716176594
2020-04-13,534,Hawaii,0.2118538087919693
2020-04-14,534,Hawaii,0.19670546148987778
2020-04-15,534,Hawaii,0.18158662585560803
2020-04-16,534,Hawaii,0.1667327622039437
2020-04-17,534,Hawaii,0.15239459470775427
2020-04-18,534,Hawaii,0.138808072863999
2020-04-19,534,Hawaii,0.1261979565098818
2020-04-20,534,Hawaii,0.11458471552257182
2020-04-21,534,Hawaii,0.10408864087172481
2020-04-22,534,Hawaii,0.09478183847737576
2020-04-23,534,Hawaii,0.08667521010965425
2020-04-24,534,Hawaii,0.07972193958223882
2020-04-25,534,Hawaii,0.0738734372815831
2020-04-26,534,Hawaii,0.06904426848088337
2020-04-27,534,Hawaii,0.06521711993170418
2020-04-28,534,Hawaii,0.062366982304839155
2020-04-29,534,Hawaii,0.06046179252098652
2020-04-30,534,Hawaii,0.05946458628088202
2020-05-01,534,Hawaii,0.059349462236571074
2020-05-02,534,Hawaii,0.06019910376654864
2020-05-03,534,Hawaii,0.0620559007936517
2020-05-04,534,Hawaii,0.0649842330863424
2020-05-05,534,Hawaii,0.06907778140438439
2020-05-06,534,Hawaii,0.07447536975812498
2020-05-07,534,Hawaii,0.08133820263868116
2020-05-08,534,Hawaii,0.08982963082006858
2020-05-09,534,Hawaii,0.10004872675675273
2020-05-10,534,Hawaii,0.11209683973297095
2020-05-11,534,Hawaii,0.12606455542663436
2020-05-12,534,Hawaii,0.14190800227122868
2020-05-13,534,Hawaii,0.15942225367139345
2020-05-14,534,Hawaii,0.1783420047247663
2020-05-15,534,Hawaii,0.19832572217540537
2020-05-16,534,Hawaii,0.21880688523274253
2020-05-17,534,Hawaii,0.2391810519503233
2020-05-18,534,Hawaii,0.25897514328666654
2020-05-19,534,Hawaii,0.2779029176469592
2020-05-20,534,Hawaii,0.29575862899634714
2020-05-21,534,Hawaii,0.3126703740061677
2020-05-22,534,Hawaii,0.3289975541711511
2020-05-23,534,Hawaii,0.34561103109990066
2020-05-24,534,Hawaii,0.3630171464942551
2020-05-25,534,Hawaii,0.38192273483967
2020-05-26,534,Hawaii,0.4032353119300414
2020-05-27,534,Hawaii,0.42798249617887574
2020-05-28,534,Hawaii,0.4568822471906758
2020-05-29,534,Hawaii,0.49070751950433855
2020-05-30,534,Hawaii,0.5302515232285168
2020-05-31,534,Hawaii,0.5754899875669095
2020-06-01,534,Hawaii,0.6257266977969906
2020-06-02,534,Hawaii,0.6795516174203596
2020-06-03,534,Hawaii,0.7346717816995378
2020-06-04,534,Hawaii,0.7883652846545063
2020-06-05,534,Hawaii,0.8369149307556956
2020-06-06,534,Hawaii,0.8770959189357664
2020-06-07,534,Hawaii,0.9067445896105812
2020-06-08,534,Hawaii,0.92421955777924
2020-06-09,534,Hawaii,0.929058953772588
2020-06-10,534,Hawaii,0.9214232285721886
2020-06-11,534,Hawaii,0.9027866182801431
2020-06-12,534,Hawaii,0.8739940665533722
2020-06-13,534,Hawaii,0.8366716804644734
2020-06-14,534,Hawaii,0.7942700246930829
2020-06-15,534,Hawaii,0.748527893924938
2020-06-16,534,Hawaii,0.7011235634832839
2020-06-17,534,Hawaii,0.654082771105061
2020-06-18,534,Hawaii,0.6088473139585487
2020-06-19,534,Hawaii,0.5663770514895954
2020-06-20,534,Hawaii,0.5274345585862849
2020-06-21,534,Hawaii,0.4925992172833674
2020-06-22,534,Hawaii,0.46202878599982955
2020-06-23,534,Hawaii,0.43589960217805296
2020-06-24,534,Hawaii,0.4142484195221307
2020-06-25,534,Hawaii,0.3969071577678411
2020-06-26,534,Hawaii,0.3837823553916647
2020-06-27,534,Hawaii,0.3746948825191122
2020-06-28,534,Hawaii,0.3693949475645523
2020-06-29,534,Hawaii,0.3676856417118885
2020-06-30,534,Hawaii,0.3691783216778094
2020-07-01,534,Hawaii,0.3735703634931687
2020-07-02,534,Hawaii,0.3805366498507251
2020-07-03,534,Hawaii,0.3896764972126002
2020-07-04,534,Hawaii,0.4005030152745991
2020-07-05,534,Hawaii,0.4125388849436194
2020-07-06,534,Hawaii,0.425106265867625
2020-07-07,534,Hawaii,0.43779120988457276
2020-07-08,534,Hawaii,0.45016096118552074
2020-07-09,534,Hawaii,0.46178871072452293
2020-07-10,534,Hawaii,0.4722956153457446
2020-07-11,534,Hawaii,0.4814193427700858
2020-07-12,534,Hawaii,0.48904382138608504
2020-07-13,534,Hawaii,0.49518979634225424
2020-07-14,534,Hawaii,0.49995819288509163
2020-07-15,534,Hawaii,0.5035295555560761
2020-07-16,534,Hawaii,0.5061388735565547
2020-07-17,534,Hawaii,0.5082079561642224
2020-07-18,534,Hawaii,0.5100518080594241
2020-07-19,534,Hawaii,0.5119730226902962
2020-07-20,534,Hawaii,0.5143059387098946
2020-07-21,534,Hawaii,0.5173443249343853
2020-07-22,534,Hawaii,0.5213989387123811
2020-07-23,534,Hawaii,0.5265351841693979
2020-07-24,534,Hawaii,0.5327958651201603
2020-07-25,534,Hawaii,0.5402009045237025
2020-07-26,534,Hawaii,0.5486438167708402
2020-07-27,534,Hawaii,0.5579208335050081
2020-07-28,534,Hawaii,0.5676819873616111
2020-07-29,534,Hawaii,0.5775213206501242
2020-07-30,534,Hawaii,0.587090380454923
2020-07-31,534,Hawaii,0.5957623562515402
2020-08-01,534,Hawaii,0.6027154342457983
2020-08-02,534,Hawaii,0.6077839918893303
2020-08-03,534,Hawaii,0.6107125083102465
2020-08-04,534,Hawaii,0.6111801877827826
2020-08-05,534,Hawaii,0.6088391829200918
2020-08-06,534,Hawaii,0.6036827064764988
2020-08-07,534,Hawaii,0.5953049745375092
2020-08-08,534,Hawaii,0.5842056669490598
2020-08-09,534,Hawaii,0.5707901332902157
2020-08-10,534,Hawaii,0.5554177619732367
2020-08-11,534,Hawaii,0.5384387198512697
2020-08-12,534,Hawaii,0.5201085221186794
2020-08-13,534,Hawaii,0.5012586508546163
2020-08-14,534,Hawaii,0.4821748596241014
2020-08-15,534,Hawaii,0.4630772855174418
2020-08-16,534,Hawaii,0.444225762123552
2020-08-17,534,Hawaii,0.4259137929685942
2020-08-18,534,Hawaii,0.40837565688697613
2020-08-19,534,Hawaii,0.3919701544050406
2020-08-20,534,Hawaii,0.37686169365998506
2020-08-21,534,Hawaii,0.363129798486056
2020-08-22,534,Hawaii,0.35090856719169455
2020-08-23,534,Hawaii,0.34035437794785495
2020-08-24,534,Hawaii,0.33163556501913827
2020-08-25,534,Hawaii,0.32479116417252163
2020-08-26,534,Hawaii,0.31977648686825616
2020-08-27,534,Hawaii,0.31662195386033587
2020-08-28,534,Hawaii,0.3153433438461833
2020-08-29,534,Hawaii,0.3159478687756975
2020-08-30,534,Hawaii,0.3183991540531741
2020-08-31,534,Hawaii,0.32262765436786817
2020-09-01,534,Hawaii,0.32813969580115
2020-09-02,534,Hawaii,0.3346487296600045
2020-09-03,534,Hawaii,0.3417652988595819
2020-09-04,534,Hawaii,0.34903672262433494
2020-09-05,534,Hawaii,0.35602528158034596
2020-09-06,534,Hawaii,0.36237226187132204
2020-09-07,534,Hawaii,0.3680147062282371
2020-09-08,534,Hawaii,0.37331963677629115
2020-09-09,534,Hawaii,0.3781134064364381
2020-09-10,534,Hawaii,0.38259498454667773
2020-09-11,534,Hawaii,0.3867831611451711
2020-09-12,534,Hawaii,0.3909112509308377
2020-09-13,534,Hawaii,0.3951156948348902
2020-09-14,534,Hawaii,0.39852450897676867
2020-09-15,534,Hawaii,0.40205900613880163
2020-09-16,534,Hawaii,0.4048317975003102
2020-09-17,534,Hawaii,0.40674611264565336
2020-09-18,534,Hawaii,0.4081692855681535
2020-09-19,534,Hawaii,0.40930648201776837
2020-09-20,534,Hawaii,0.4098903431836189
2020-09-21,534,Hawaii,0.41048613381224996
2020-02-01,535,Idaho,0.0
2020-02-02,535,Idaho,0.0
2020-02-03,535,Idaho,0.0
2020-02-04,535,Idaho,0.0
2020-02-05,535,Idaho,0.0
2020-02-06,535,Idaho,0.0
2020-02-07,535,Idaho,0.0
2020-02-08,535,Idaho,0.0
2020-02-09,535,Idaho,0.0
2020-02-10,535,Idaho,0.0
2020-02-11,535,Idaho,0.0
2020-02-12,535,Idaho,0.0
2020-02-13,535,Idaho,0.0
2020-02-14,535,Idaho,0.0
2020-02-15,535,Idaho,0.0
2020-02-16,535,Idaho,0.0
2020-02-17,535,Idaho,0.0
2020-02-18,535,Idaho,0.0
2020-02-19,535,Idaho,8.055052391814662
2020-02-20,535,Idaho,5.9092519442400695
2020-02-21,535,Idaho,3.7473117869484467
2020-02-22,535,Idaho,2.690898652812754
2020-02-23,535,Idaho,2.1157212157661855
2020-02-24,535,Idaho,1.6409372821740755
2020-02-25,535,Idaho,1.3799093411305203
2020-02-26,535,Idaho,1.227025257449226
2020-02-27,535,Idaho,1.1321959656739342
2020-02-28,535,Idaho,1.0698158339167072
2020-02-29,535,Idaho,1.026471081352667
2020-03-01,535,Idaho,0.9945573449115848
2020-03-02,535,Idaho,0.9693688764059482
2020-03-03,535,Idaho,0.9484879338557918
2020-03-04,535,Idaho,0.9302564322699453
2020-03-05,535,Idaho,0.9139034193559245
2020-03-06,535,Idaho,0.8988353355864268
2020-03-07,535,Idaho,0.8846286347443063
2020-03-08,535,Idaho,0.8711582653118126
2020-03-09,535,Idaho,0.8582303918753901
2020-03-10,535,Idaho,0.8456221658582088
2020-03-11,535,Idaho,0.8332524068674986
2020-03-12,535,Idaho,0.8210592576135312
2020-03-13,535,Idaho,0.8089070618457284
2020-03-14,535,Idaho,0.7966926636170236
2020-03-15,535,Idaho,0.7842697456390993
2020-03-16,535,Idaho,0.7714671500695987
2020-03-17,535,Idaho,0.7578251063035485
2020-03-18,535,Idaho,0.7432438337526112
2020-03-19,535,Idaho,0.7275200680298944
2020-03-20,535,Idaho,0.7103890692659397
2020-03-21,535,Idaho,0.6913967128400664
2020-03-22,535,Idaho,0.6706889962613731
2020-03-23,535,Idaho,0.6483017228551436
2020-03-24,535,Idaho,0.6241945966449096
2020-03-25,535,Idaho,0.5984248339770092
2020-03-26,535,Idaho,0.5712853780666795
2020-03-27,535,Idaho,0.5430213260250163
2020-03-28,535,Idaho,0.5138798961570618
2020-03-29,535,Idaho,0.4843577852890409
2020-03-30,535,Idaho,0.45480092684002127
2020-03-31,535,Idaho,0.4256603427093772
2020-04-01,535,Idaho,0.39747487610472293
2020-04-02,535,Idaho,0.3707100102141112
2020-04-03,535,Idaho,0.34567777638702324
2020-04-04,535,Idaho,0.3227441435688706
2020-04-05,535,Idaho,0.3021987942479776
2020-04-06,535,Idaho,0.28416387560025874
2020-04-07,535,Idaho,0.2687300768935209
2020-04-08,535,Idaho,0.25601321499688623
2020-04-09,535,Idaho,0.24589883830836018
2020-04-10,535,Idaho,0.23842040843426693
2020-04-11,535,Idaho,0.23360342632816594
2020-04-12,535,Idaho,0.23142253166436477
2020-04-13,535,Idaho,0.23181610402714325
2020-04-14,535,Idaho,0.23464169359385634
2020-04-15,535,Idaho,0.23975617141314634
2020-04-16,535,Idaho,0.24706643840486964
2020-04-17,535,Idaho,0.25636429736397753
2020-04-18,535,Idaho,0.2672986253007758
2020-04-19,535,Idaho,0.27943455514154414
2020-04-20,535,Idaho,0.2922625703691091
2020-04-21,535,Idaho,0.30529404625392326
2020-04-22,535,Idaho,0.3179937950514696
2020-04-23,535,Idaho,0.3297937573013602
2020-04-24,535,Idaho,0.34013123098808995
2020-04-25,535,Idaho,0.3485869338079239
2020-04-26,535,Idaho,0.35487630606625337
2020-04-27,535,Idaho,0.35882563080264585
2020-04-28,535,Idaho,0.36041752278834016
2020-04-29,535,Idaho,0.3597833105419045
2020-04-30,535,Idaho,0.35713489697920103
2020-05-01,535,Idaho,0.3528809933229363
2020-05-02,535,Idaho,0.3472813671622417
2020-05-03,535,Idaho,0.3406157640566965
2020-05-04,535,Idaho,0.33319190540994303
2020-05-05,535,Idaho,0.3252853672492119
2020-05-06,535,Idaho,0.31718819405684073
2020-05-07,535,Idaho,0.3090756665143643
2020-05-08,535,Idaho,0.30113097693663426
2020-05-09,535,Idaho,0.29356025103320094
2020-05-10,535,Idaho,0.2865675394225833
2020-05-11,535,Idaho,0.280306243368926
2020-05-12,535,Idaho,0.2749039517449862
2020-05-13,535,Idaho,0.2704776450621697
2020-05-14,535,Idaho,0.2671312918025773
2020-05-15,535,Idaho,0.2650279661328337
2020-05-16,535,Idaho,0.2641127467655018
2020-05-17,535,Idaho,0.2644444830827818
2020-05-18,535,Idaho,0.2661351763963059
2020-05-19,535,Idaho,0.26927666041516435
2020-05-20,535,Idaho,0.27391901713134326
2020-05-21,535,Idaho,0.2800439404145964
2020-05-22,535,Idaho,0.28754552809893436
2020-05-23,535,Idaho,0.29621352342898644
2020-05-24,535,Idaho,0.3058570234199064
2020-05-25,535,Idaho,0.31603580362925987
2020-05-26,535,Idaho,0.32646824080206277
2020-05-27,535,Idaho,0.3368764859632015
2020-05-28,535,Idaho,0.34696848149818293
2020-05-29,535,Idaho,0.3564501103785011
2020-05-30,535,Idaho,0.36503743921801196
2020-05-31,535,Idaho,0.3724825664457813
2020-06-01,535,Idaho,0.3786083327523465
2020-06-02,535,Idaho,0.3833933217490633
2020-06-03,535,Idaho,0.38704495164197344
2020-06-04,535,Idaho,0.38979270550697176
2020-06-05,535,Idaho,0.3920003106929456
2020-06-06,535,Idaho,0.39410422471156387
2020-06-07,535,Idaho,0.39665116866635297
2020-06-08,535,Idaho,0.4000565104357966
2020-06-09,535,Idaho,0.4047121304183697
2020-06-10,535,Idaho,0.4110456451722078
2020-06-11,535,Idaho,0.4194332426528344
2020-06-12,535,Idaho,0.4303417517564056
2020-06-13,535,Idaho,0.44397693422145973
2020-06-14,535,Idaho,0.4605867684709343
2020-06-15,535,Idaho,0.4803714987050557
2020-06-16,535,Idaho,0.5035776764074331
2020-06-17,535,Idaho,0.530014020317148
2020-06-18,535,Idaho,0.5592992932186232
2020-06-19,535,Idaho,0.5909647665594222
2020-06-20,535,Idaho,0.6242205541510115
2020-06-21,535,Idaho,0.6583450076542137
2020-06-22,535,Idaho,0.6917515998751466
2020-06-23,535,Idaho,0.7230131876501127
2020-06-24,535,Idaho,0.7509252557662598
2020-06-25,535,Idaho,0.7748584471061761
2020-06-26,535,Idaho,0.7930587132692669
2020-06-27,535,Idaho,0.8049034747232129
2020-06-28,535,Idaho,0.8105916232090166
2020-06-29,535,Idaho,0.8102069090659408
2020-06-30,535,Idaho,0.8037749991260719
2020-07-01,535,Idaho,0.7919871057955886
2020-07-02,535,Idaho,0.7744136666788377
2020-07-03,535,Idaho,0.7528019650840096
2020-07-04,535,Idaho,0.7283390741126065
2020-07-05,535,Idaho,0.7018210978651985
2020-07-06,535,Idaho,0.6738068476087887
2020-07-07,535,Idaho,0.6453293531236618
2020-07-08,535,Idaho,0.6172446118657975
2020-07-09,535,Idaho,0.5899757879163434
2020-07-10,535,Idaho,0.5639407210352368
2020-07-11,535,Idaho,0.5395408139024238
2020-07-12,535,Idaho,0.5170025400852314
2020-07-13,535,Idaho,0.496790552397784
2020-07-14,535,Idaho,0.47884027407027757
2020-07-15,535,Idaho,0.4631038717157977
2020-07-16,535,Idaho,0.44959143728308876
2020-07-17,535,Idaho,0.4383383178046707
2020-07-18,535,Idaho,0.42927386063150963
2020-07-19,535,Idaho,0.42224201965198793
2020-07-20,535,Idaho,0.41709705271877257
2020-07-21,535,Idaho,0.4136837389888901
2020-07-22,535,Idaho,0.4118306651828411
2020-07-23,535,Idaho,0.411382979574606
2020-07-24,535,Idaho,0.41204753015944223
2020-07-25,535,Idaho,0.41363455504442936
2020-07-26,535,Idaho,0.4159639807053739
2020-07-27,535,Idaho,0.4188143419155906
2020-07-28,535,Idaho,0.4219247902314186
2020-07-29,535,Idaho,0.4250516289387579
2020-07-30,535,Idaho,0.42789590560093776
2020-07-31,535,Idaho,0.43028525578220334
2020-08-01,535,Idaho,0.43207260920873647
2020-08-02,535,Idaho,0.4331192512814903
2020-08-03,535,Idaho,0.43330227492435314
2020-08-04,535,Idaho,0.4325322231748886
2020-08-05,535,Idaho,0.4308400081638858
2020-08-06,535,Idaho,0.4282599985913279
2020-08-07,535,Idaho,0.42486589536575636
2020-08-08,535,Idaho,0.4207723761344267
2020-08-09,535,Idaho,0.41612767423466723
2020-08-10,535,Idaho,0.41101938688647405
2020-08-11,535,Idaho,0.40577939253138917
2020-08-12,535,Idaho,0.40047971026060447
2020-08-13,535,Idaho,0.39519413656802566
2020-08-14,535,Idaho,0.3899928058588378
2020-08-15,535,Idaho,0.384937759583405
2020-08-16,535,Idaho,0.380081547488871
2020-08-17,535,Idaho,0.3754660315263343
2020-08-18,535,Idaho,0.37111200820519685
2020-08-19,535,Idaho,0.3669886450898423
2020-08-20,535,Idaho,0.36308239862333797
2020-08-21,535,Idaho,0.35938911446947747
2020-08-22,535,Idaho,0.3559173030816328
2020-08-23,535,Idaho,0.3526932439300231
2020-08-24,535,Idaho,0.34976860562030526
2020-08-25,535,Idaho,0.3472265211553375
2020-08-26,535,Idaho,0.34518521457073714
2020-08-27,535,Idaho,0.34379171283205107
2020-08-28,535,Idaho,0.34322897853558043
2020-08-29,535,Idaho,0.3436665896305989
2020-08-30,535,Idaho,0.3452792908096498
2020-08-31,535,Idaho,0.3482004414066201
2020-09-01,535,Idaho,0.35243916395744773
2020-09-02,535,Idaho,0.3578795089789576
2020-09-03,535,Idaho,0.3644169017883929
2020-09-04,535,Idaho,0.3718448442893174
2020-09-05,535,Idaho,0.3798172107206005
2020-09-06,535,Idaho,0.3879083180898261
2020-09-07,535,Idaho,0.39575130218090737
2020-09-08,535,Idaho,0.4031033275052852
2020-09-09,535,Idaho,0.4094404685051248
2020-09-10,535,Idaho,0.4150126011656692
2020-09-11,535,Idaho,0.4198898625497877
2020-09-12,535,Idaho,0.4241354009568183
2020-09-13,535,Idaho,0.42773417344111814
2020-09-14,535,Idaho,0.43139836217623556
2020-09-15,535,Idaho,0.43410036744770303
2020-09-16,535,Idaho,0.4362569703032411
2020-09-17,535,Idaho,0.43766747421211405
2020-09-18,535,Idaho,0.4386956843856498
2020-09-19,535,Idaho,0.4395109078018543
2020-09-20,535,Idaho,0.4399642083348999
2020-09-21,535,Idaho,0.4399863989659671
2020-02-01,536,Illinois,0.0
2020-02-02,536,Illinois,0.0
2020-02-03,536,Illinois,0.0
2020-02-04,536,Illinois,0.0
2020-02-05,536,Illinois,0.0
2020-02-06,536,Illinois,0.0
2020-02-07,536,Illinois,0.0
2020-02-08,536,Illinois,0.0
2020-02-09,536,Illinois,0.0
2020-02-10,536,Illinois,0.0
2020-02-11,536,Illinois,0.0
2020-02-12,536,Illinois,0.0
2020-02-13,536,Illinois,0.0
2020-02-14,536,Illinois,0.0
2020-02-15,536,Illinois,0.0
2020-02-16,536,Illinois,0.0
2020-02-17,536,Illinois,0.0
2020-02-18,536,Illinois,0.0
2020-02-19,536,Illinois,20.640574182795966
2020-02-20,536,Illinois,7.532077144342812
2020-02-21,536,Illinois,4.327259425042176
2020-02-22,536,Illinois,3.0253798012560584
2020-02-23,536,Illinois,2.3498072440697633
2020-02-24,536,Illinois,1.8035274645671815
2020-02-25,536,Illinois,1.5189694666260374
2020-02-26,536,Illinois,1.365388180266994
2020-02-27,536,Illinois,1.2829951571060616
2020-02-28,536,Illinois,1.240872650083627
2020-02-29,536,Illinois,1.2233023285787255
2020-03-01,536,Illinois,1.2205335776195345
2020-03-02,536,Illinois,1.2271292385959855
2020-03-03,536,Illinois,1.2398180772436347
2020-03-04,536,Illinois,1.2554728323943485
2020-03-05,536,Illinois,1.2733517558257341
2020-03-06,536,Illinois,1.290562200138782
2020-03-07,536,Illinois,1.3065708275370085
2020-03-08,536,Illinois,1.3187734254230252
2020-03-09,536,Illinois,1.325760625147699
2020-03-10,536,Illinois,1.3264663430385855
2020-03-11,536,Illinois,1.3204652448128484
2020-03-12,536,Illinois,1.307901672147835
2020-03-13,536,Illinois,1.2883994039573814
2020-03-14,536,Illinois,1.2616656221517604
2020-03-15,536,Illinois,1.227646800225471
2020-03-16,536,Illinois,1.187645084535577
2020-03-17,536,Illinois,1.1425537548428557
2020-03-18,536,Illinois,1.0926007222861212
2020-03-19,536,Illinois,1.0403750920524326
2020-03-20,536,Illinois,0.987140360332278
2020-03-21,536,Illinois,0.9340837262568593
2020-03-22,536,Illinois,0.8826734064624077
2020-03-23,536,Illinois,0.833982026202006
2020-03-24,536,Illinois,0.78859219274924
2020-03-25,536,Illinois,0.7471569024281117
2020-03-26,536,Illinois,0.7101541682861394
2020-03-27,536,Illinois,0.6773861161300665
2020-03-28,536,Illinois,0.6488527350595475
2020-03-29,536,Illinois,0.6246063086827822
2020-03-30,536,Illinois,0.6046347946697859
2020-03-31,536,Illinois,0.5886866632926872
2020-04-01,536,Illinois,0.5763702877188372
2020-04-02,536,Illinois,0.5673509251684976
2020-04-03,536,Illinois,0.5613359285732786
2020-04-04,536,Illinois,0.5578271505001479
2020-04-05,536,Illinois,0.5563359764243648
2020-04-06,536,Illinois,0.5565101505425705
2020-04-07,536,Illinois,0.5579948170087478
2020-04-08,536,Illinois,0.5604316682501153
2020-04-09,536,Illinois,0.5634809823950104
2020-04-10,536,Illinois,0.5668045888986636
2020-04-11,536,Illinois,0.5700713645867342
2020-04-12,536,Illinois,0.5731123978009979
2020-04-13,536,Illinois,0.5757393047561026
2020-04-14,536,Illinois,0.5777532741853384
2020-04-15,536,Illinois,0.5789547821693224
2020-04-16,536,Illinois,0.5792063644101076
2020-04-17,536,Illinois,0.5783971826949655
2020-04-18,536,Illinois,0.5765101594518691
2020-04-19,536,Illinois,0.5735380797684484
2020-04-20,536,Illinois,0.5694885368975251
2020-04-21,536,Illinois,0.5643899348554807
2020-04-22,536,Illinois,0.5582687701380306
2020-04-23,536,Illinois,0.5513521568741775
2020-04-24,536,Illinois,0.5437346499691534
2020-04-25,536,Illinois,0.5355588708287582
2020-04-26,536,Illinois,0.5270185405014388
2020-04-27,536,Illinois,0.5183498415760313
2020-04-28,536,Illinois,0.5097544952346567
2020-04-29,536,Illinois,0.5015378146728299
2020-04-30,536,Illinois,0.49382635686805054
2020-05-01,536,Illinois,0.4867590071852315
2020-05-02,536,Illinois,0.4804799489788613
2020-05-03,536,Illinois,0.4751309880088919
2020-05-04,536,Illinois,0.47081816281912786
2020-05-05,536,Illinois,0.4675507363843462
2020-05-06,536,Illinois,0.4653646599197122
2020-05-07,536,Illinois,0.4642602134493891
2020-05-08,536,Illinois,0.4641909507019052
2020-05-09,536,Illinois,0.465072602838826
2020-05-10,536,Illinois,0.46683641552172483
2020-05-11,536,Illinois,0.4690461526656015
2020-05-12,536,Illinois,0.4715850682185303
2020-05-13,536,Illinois,0.47430258644664114
2020-05-14,536,Illinois,0.47702595363216127
2020-05-15,536,Illinois,0.47956862180062615
2020-05-16,536,Illinois,0.4817361783401379
2020-05-17,536,Illinois,0.4833306953034686
2020-05-18,536,Illinois,0.48413479045960994
2020-05-19,536,Illinois,0.4840627326246117
2020-05-20,536,Illinois,0.48315459164586905
2020-05-21,536,Illinois,0.48135570348543005
2020-05-22,536,Illinois,0.47865248410163275
2020-05-23,536,Illinois,0.4750747731220467
2020-05-24,536,Illinois,0.47069386756157783
2020-05-25,536,Illinois,0.4656177446446274
2020-05-26,536,Illinois,0.4599807993928667
2020-05-27,536,Illinois,0.45389060078896437
2020-05-28,536,Illinois,0.4474967780532621
2020-05-29,536,Illinois,0.44091343575846376
2020-05-30,536,Illinois,0.43417435162132995
2020-05-31,536,Illinois,0.4273239770420675
2020-06-01,536,Illinois,0.42042220107926154
2020-06-02,536,Illinois,0.41355092931601417
2020-06-03,536,Illinois,0.4068218051441532
2020-06-04,536,Illinois,0.400377787150229
2020-06-05,536,Illinois,0.3944021468274661
2020-06-06,536,Illinois,0.3889800777160949
2020-06-07,536,Illinois,0.3842234188477038
2020-06-08,536,Illinois,0.3802645603555536
2020-06-09,536,Illinois,0.3772234067648431
2020-06-10,536,Illinois,0.37520515626150513
2020-06-11,536,Illinois,0.3742968664591671
2020-06-12,536,Illinois,0.37456045421955064
2020-06-13,536,Illinois,0.3760224295164164
2020-06-14,536,Illinois,0.37875503347661327
2020-06-15,536,Illinois,0.38256842896215004
2020-06-16,536,Illinois,0.38741296805583086
2020-06-17,536,Illinois,0.393235956490731
2020-06-18,536,Illinois,0.3999369894068149
2020-06-19,536,Illinois,0.407369686280512
2020-06-20,536,Illinois,0.41534396616073227
2020-06-21,536,Illinois,0.4236274445146544
2020-06-22,536,Illinois,0.431951872407967
2020-06-23,536,Illinois,0.44005726951656876
2020-06-24,536,Illinois,0.4478175440293834
2020-06-25,536,Illinois,0.45506066120726013
2020-06-26,536,Illinois,0.46163385683991615
2020-06-27,536,Illinois,0.46741687910797936
2020-06-28,536,Illinois,0.47233298778653293
2020-06-29,536,Illinois,0.4763576098704574
2020-06-30,536,Illinois,0.47951980844310854
2020-07-01,536,Illinois,0.48188788165679647
2020-07-02,536,Illinois,0.4835578138926146
2020-07-03,536,Illinois,0.4847727665648028
2020-07-04,536,Illinois,0.48561788532105904
2020-07-05,536,Illinois,0.48620140256627853
2020-07-06,536,Illinois,0.4866484442303192
2020-07-07,536,Illinois,0.48709687209855496
2020-07-08,536,Illinois,0.4876963406752373
2020-07-09,536,Illinois,0.48857142776002155
2020-07-10,536,Illinois,0.4898261833036851
2020-07-11,536,Illinois,0.4915245659524808
2020-07-12,536,Illinois,0.4937115708098699
2020-07-13,536,Illinois,0.49641962073886775
2020-07-14,536,Illinois,0.4996665391963028
2020-07-15,536,Illinois,0.5034547888767245
2020-07-16,536,Illinois,0.5078303613407483
2020-07-17,536,Illinois,0.512738172339544
2020-07-18,536,Illinois,0.5179459484247675
2020-07-19,536,Illinois,0.523430517504495
2020-07-20,536,Illinois,0.5291531633334571
2020-07-21,536,Illinois,0.535058911091074
2020-07-22,536,Illinois,0.5410760990002856
2020-07-23,536,Illinois,0.5471173832807015
2020-07-24,536,Illinois,0.5530803863826498
2020-07-25,536,Illinois,0.5588485080056738
2020-07-26,536,Illinois,0.5642928571093225
2020-07-27,536,Illinois,0.5692715939851242
2020-07-28,536,Illinois,0.5736559694897612
2020-07-29,536,Illinois,0.5773530017878925
2020-07-30,536,Illinois,0.5802382421796851
2020-07-31,536,Illinois,0.5822960346680371
2020-08-01,536,Illinois,0.583517893455736
2020-08-02,536,Illinois,0.5839026797006098
2020-08-03,536,Illinois,0.5834566973388234
2020-08-04,536,Illinois,0.5821979298841897
2020-08-05,536,Illinois,0.580161538863933
2020-08-06,536,Illinois,0.5774049632084968
2020-08-07,536,Illinois,0.5740097354806755
2020-08-08,536,Illinois,0.5700861897136
2020-08-09,536,Illinois,0.565748115909953
2020-08-10,536,Illinois,0.5611622443890265
2020-08-11,536,Illinois,0.556593026176805
2020-08-12,536,Illinois,0.5521210876124556
2020-08-13,536,Illinois,0.5478454448347948
2020-08-14,536,Illinois,0.5438767508157104
2020-08-15,536,Illinois,0.5403312910678263
2020-08-16,536,Illinois,0.5373264051376839
2020-08-17,536,Illinois,0.5349607787634756
2020-08-18,536,Illinois,0.5332727547236972
2020-08-19,536,Illinois,0.5322863428661405
2020-08-20,536,Illinois,0.5320156947674741
2020-08-21,536,Illinois,0.5324607898551096
2020-08-22,536,Illinois,0.5336044575471058
2020-08-23,536,Illinois,0.5354083682696614
2020-08-24,536,Illinois,0.5378187587902217
2020-08-25,536,Illinois,0.540749059765753
2020-08-26,536,Illinois,0.5440285109495687
2020-08-27,536,Illinois,0.5475738787050715
2020-08-28,536,Illinois,0.551282988087063
2020-08-29,536,Illinois,0.5550391769483952
2020-08-30,536,Illinois,0.5587137451852443
2020-08-31,536,Illinois,0.5621687022802216
2020-09-01,536,Illinois,0.5652826044665912
2020-09-02,536,Illinois,0.5679820113883487
2020-09-03,536,Illinois,0.5702143480463822
2020-09-04,536,Illinois,0.571931296566814
2020-09-05,536,Illinois,0.573110635609688
2020-09-06,536,Illinois,0.5738226803767854
2020-09-07,536,Illinois,0.5741338403877975
2020-09-08,536,Illinois,0.5743496306992889
2020-09-09,536,Illinois,0.5745059621070339
2020-09-10,536,Illinois,0.5750329174175096
2020-09-11,536,Illinois,0.5762042703500995
2020-09-12,536,Illinois,0.5782669063862168
2020-09-13,536,Illinois,0.5813822759788625
2020-09-14,536,Illinois,0.5863185375342387
2020-09-15,536,Illinois,0.5915173995575197
2020-09-16,536,Illinois,0.5969528675629006
2020-09-17,536,Illinois,0.6019743995210317
2020-09-18,536,Illinois,0.6068800258929059
2020-09-19,536,Illinois,0.6114608706471453
2020-09-20,536,Illinois,0.6153923312165331
2020-09-21,536,Illinois,0.6185663235108247
2020-02-01,537,Indiana,0.0
2020-02-02,537,Indiana,0.0
2020-02-03,537,Indiana,0.0
2020-02-04,537,Indiana,0.0
2020-02-05,537,Indiana,0.0
2020-02-06,537,Indiana,0.0
2020-02-07,537,Indiana,0.0
2020-02-08,537,Indiana,0.0
2020-02-09,537,Indiana,0.0
2020-02-10,537,Indiana,0.0
2020-02-11,537,Indiana,0.0
2020-02-12,537,Indiana,0.0
2020-02-13,537,Indiana,0.0
2020-02-14,537,Indiana,0.0
2020-02-15,537,Indiana,15.83371439190777
2020-02-16,537,Indiana,6.727717013703569
2020-02-17,537,Indiana,3.7998936053236743
2020-02-18,537,Indiana,2.553984919067136
2020-02-19,537,Indiana,1.9035264829233502
2020-02-20,537,Indiana,1.3211755522190534
2020-02-21,537,Indiana,1.0328400467342087
2020-02-22,537,Indiana,0.8843904847765139
2020-02-23,537,Indiana,0.8096807335693746
2020-02-24,537,Indiana,0.7791420592916787
2020-02-25,537,Indiana,0.7777839884120212
2020-02-26,537,Indiana,0.7979655415928761
2020-02-27,537,Indiana,0.8347132635674767
2020-02-28,537,Indiana,0.8845305221262794
2020-02-29,537,Indiana,0.9456057878754626
2020-03-01,537,Indiana,1.0135005052946675
2020-03-02,537,Indiana,1.0843884765570295
2020-03-03,537,Indiana,1.1528815572885653
2020-03-04,537,Indiana,1.214874607290498
2020-03-05,537,Indiana,1.2683569797280048
2020-03-06,537,Indiana,1.3089945709147446
2020-03-07,537,Indiana,1.3346119052660335
2020-03-08,537,Indiana,1.3432193715535188
2020-03-09,537,Indiana,1.3351527100794625
2020-03-10,537,Indiana,1.3115759079581353
2020-03-11,537,Indiana,1.2748654517250997
2020-03-12,537,Indiana,1.2265084277389018
2020-03-13,537,Indiana,1.1703723627644849
2020-03-14,537,Indiana,1.1101502566188826
2020-03-15,537,Indiana,1.0483352515419717
2020-03-16,537,Indiana,0.9872839508204471
2020-03-17,537,Indiana,0.9291712305963084
2020-03-18,537,Indiana,0.8749436716664535
2020-03-19,537,Indiana,0.8255992103061485
2020-03-20,537,Indiana,0.7814906232969574
2020-03-21,537,Indiana,0.7427639376873533
2020-03-22,537,Indiana,0.7094627246260672
2020-03-23,537,Indiana,0.6816732692264378
2020-03-24,537,Indiana,0.6589622039661867
2020-03-25,537,Indiana,0.6408819982310366
2020-03-26,537,Indiana,0.627036747492746
2020-03-27,537,Indiana,0.6169130881693988
2020-03-28,537,Indiana,0.6099065446488433
2020-03-29,537,Indiana,0.6054447136624956
2020-03-30,537,Indiana,0.6029839985945968
2020-03-31,537,Indiana,0.6020463030803223
2020-04-01,537,Indiana,0.6019522250659866
2020-04-02,537,Indiana,0.6022296290382402
2020-04-03,537,Indiana,0.6024772457376355
2020-04-04,537,Indiana,0.6022653732523774
2020-04-05,537,Indiana,0.6011871459308121
2020-04-06,537,Indiana,0.5988534019672639
2020-04-07,537,Indiana,0.5950083254707166
2020-04-08,537,Indiana,0.5895848264300385
2020-04-09,537,Indiana,0.5825285342692449
2020-04-10,537,Indiana,0.5738204631660796
2020-04-11,537,Indiana,0.563514418334489
2020-04-12,537,Indiana,0.551916796501944
2020-04-13,537,Indiana,0.5392187701778558
2020-04-14,537,Indiana,0.5256687787740675
2020-04-15,537,Indiana,0.511569672826885
2020-04-16,537,Indiana,0.4971291086160331
2020-04-17,537,Indiana,0.4829384935900697
2020-04-18,537,Indiana,0.4692035824420079
2020-04-19,537,Indiana,0.4560747573855884
2020-04-20,537,Indiana,0.44373579676636465
2020-04-21,537,Indiana,0.4323853017465322
2020-04-22,537,Indiana,0.42222395884363567
2020-04-23,537,Indiana,0.4134392434743229
2020-04-24,537,Indiana,0.4060032146853357
2020-04-25,537,Indiana,0.3999448927639266
2020-04-26,537,Indiana,0.3952821673320068
2020-04-27,537,Indiana,0.39199218439051053
2020-04-28,537,Indiana,0.3900107558083451
2020-04-29,537,Indiana,0.3892331588069839
2020-04-30,537,Indiana,0.38957995061009565
2020-05-01,537,Indiana,0.39079565767896784
2020-05-02,537,Indiana,0.39277855044857996
2020-05-03,537,Indiana,0.3954296734341814
2020-05-04,537,Indiana,0.3986138130676581
2020-05-05,537,Indiana,0.4021602460085227
2020-05-06,537,Indiana,0.4058655380009851
2020-05-07,537,Indiana,0.4095430877033172
2020-05-08,537,Indiana,0.41303137491439695
2020-05-09,537,Indiana,0.41622006477046924
2020-05-10,537,Indiana,0.4190177782940585
2020-05-11,537,Indiana,0.4213483175765727
2020-05-12,537,Indiana,0.42315034927057643
2020-05-13,537,Indiana,0.4243763801363653
2020-05-14,537,Indiana,0.4248755377729199
2020-05-15,537,Indiana,0.4248584343458027
2020-05-16,537,Indiana,0.4243362719297648
2020-05-17,537,Indiana,0.42329290475687137
2020-05-18,537,Indiana,0.4217381555691526
2020-05-19,537,Indiana,0.4197120186772087
2020-05-20,537,Indiana,0.41727826815926494
2020-05-21,537,Indiana,0.41451784098255756
2020-05-22,537,Indiana,0.411524435957653
2020-05-23,537,Indiana,0.4084030107298772
2020-05-24,537,Indiana,0.4052639825904054
2020-05-25,537,Indiana,0.402202793965397
2020-05-26,537,Indiana,0.399248292559006
2020-05-27,537,Indiana,0.396430010461783
2020-05-28,537,Indiana,0.39377498156627655
2020-05-29,537,Indiana,0.3913063681979862
2020-05-30,537,Indiana,0.3890452877342426
2020-05-31,537,Indiana,0.38701187918303565
2020-06-01,537,Indiana,0.38522557346431624
2020-06-02,537,Indiana,0.38370616694136156
2020-06-03,537,Indiana,0.382474946975312
2020-06-04,537,Indiana,0.3815535664172431
2020-06-05,537,Indiana,0.3809821701288237
2020-06-06,537,Indiana,0.3807546650496377
2020-06-07,537,Indiana,0.380873404318431
2020-06-08,537,Indiana,0.3813678148418485
2020-06-09,537,Indiana,0.3822638326374618
2020-06-10,537,Indiana,0.38358294081102823
2020-06-11,537,Indiana,0.3853405866182236
2020-06-12,537,Indiana,0.38754493727040606
2020-06-13,537,Indiana,0.39019366673131217
2020-06-14,537,Indiana,0.3932692815533615
2020-06-15,537,Indiana,0.39673757575335306
2020-06-16,537,Indiana,0.4005961384410886
2020-06-17,537,Indiana,0.40471826342541917
2020-06-18,537,Indiana,0.40906933062268463
2020-06-19,537,Indiana,0.4136048587548462
2020-06-20,537,Indiana,0.41827276575394584
2020-06-21,537,Indiana,0.42301617432345506
2020-06-22,537,Indiana,0.4277765633753898
2020-06-23,537,Indiana,0.4324950761948875
2020-06-24,537,Indiana,0.43711327718443016
2020-06-25,537,Indiana,0.4415742178896789
2020-06-26,537,Indiana,0.44580921752946656
2020-06-27,537,Indiana,0.44982810522999067
2020-06-28,537,Indiana,0.4536330179896501
2020-06-29,537,Indiana,0.4572054314067267
2020-06-30,537,Indiana,0.46053721964508965
2020-07-01,537,Indiana,0.46363024989405605
2020-07-02,537,Indiana,0.4664950000471338
2020-07-03,537,Indiana,0.4691491037506447
2020-07-04,537,Indiana,0.47161621956100824
2020-07-05,537,Indiana,0.47392362717998066
2020-07-06,537,Indiana,0.47610253563786636
2020-07-07,537,Indiana,0.4781978460551039
2020-07-08,537,Indiana,0.48018302444496885
2020-07-09,537,Indiana,0.482068361300861
2020-07-10,537,Indiana,0.48386366814037757
2020-07-11,537,Indiana,0.48557728408276063
2020-07-12,537,Indiana,0.48721364824914504
2020-07-13,537,Indiana,0.4887708178338296
2020-07-14,537,Indiana,0.49023810250318933
2020-07-15,537,Indiana,0.4915970532724407
2020-07-16,537,Indiana,0.4928243224098371
2020-07-17,537,Indiana,0.49389197208454666
2020-07-18,537,Indiana,0.49476669210068136
2020-07-19,537,Indiana,0.49541051541417025
2020-07-20,537,Indiana,0.49570918386063373
2020-07-21,537,Indiana,0.4957076656264518
2020-07-22,537,Indiana,0.4954412861256791
2020-07-23,537,Indiana,0.494890592868734
2020-07-24,537,Indiana,0.4940360217419247
2020-07-25,537,Indiana,0.49285953693274837
2020-07-26,537,Indiana,0.4913474217215442
2020-07-27,537,Indiana,0.48949346522004045
2020-07-28,537,Indiana,0.4872986138062784
2020-07-29,537,Indiana,0.4847724619789075
2020-07-30,537,Indiana,0.48193616177760035
2020-07-31,537,Indiana,0.4788221716243969
2020-08-01,537,Indiana,0.47547415795205733
2020-08-02,537,Indiana,0.4719441718429697
2020-08-03,537,Indiana,0.46829131985286615
2020-08-04,537,Indiana,0.46458153735241253
2020-08-05,537,Indiana,0.4608870913579375
2020-08-06,537,Indiana,0.4572482633794892
2020-08-07,537,Indiana,0.45369354919884664
2020-08-08,537,Indiana,0.45041387447170816
2020-08-09,537,Indiana,0.4474195029730869
2020-08-10,537,Indiana,0.44473271728777103
2020-08-11,537,Indiana,0.44238535125760536
2020-08-12,537,Indiana,0.4404166966948005
2020-08-13,537,Indiana,0.43887002989130414
2020-08-14,537,Indiana,0.4377894883404597
2020-08-15,537,Indiana,0.4372191706042863
2020-08-16,537,Indiana,0.43719950090274357
2020-08-17,537,Indiana,0.43776533784436633
2020-08-18,537,Indiana,0.43894470735277397
2020-08-19,537,Indiana,0.44075373854101213
2020-08-20,537,Indiana,0.4431909743372808
2020-08-21,537,Indiana,0.44622659835554573
2020-08-22,537,Indiana,0.4497915585320755
2020-08-23,537,Indiana,0.45377234485374063
2020-08-24,537,Indiana,0.4580255750634264
2020-08-25,537,Indiana,0.46224446237566497
2020-08-26,537,Indiana,0.4662985729582579
2020-08-27,537,Indiana,0.4700549245771704
2020-08-28,537,Indiana,0.4733665164293111
2020-08-29,537,Indiana,0.4760794757796541
2020-08-30,537,Indiana,0.4780373784880726
2020-08-31,537,Indiana,0.4790978849184659
2020-09-01,537,Indiana,0.4791835945835936
2020-09-02,537,Indiana,0.478299008210541
2020-09-03,537,Indiana,0.4765018614868961
2020-09-04,537,Indiana,0.4739455919951292
2020-09-05,537,Indiana,0.47087153093692385
2020-09-06,537,Indiana,0.4675734753971241
2020-09-07,537,Indiana,0.4643186613639085
2020-09-08,537,Indiana,0.46128368939492514
2020-09-09,537,Indiana,0.4593323653757523
2020-09-10,537,Indiana,0.4581917275211527
2020-09-11,537,Indiana,0.4581908034042898
2020-09-12,537,Indiana,0.45929599516081127
2020-09-13,537,Indiana,0.46152734099093184
2020-09-14,537,Indiana,0.46460145209260456
2020-09-15,537,Indiana,0.4680323283583983
2020-09-16,537,Indiana,0.47179358814367534
2020-09-17,537,Indiana,0.47529282732546146
2020-09-18,537,Indiana,0.4786951467885164
2020-09-19,537,Indiana,0.481865276929141
2020-09-20,537,Indiana,0.4845763121550348
2020-09-21,537,Indiana,0.4866152026621181
2020-02-01,538,Iowa,0.0
2020-02-02,538,Iowa,0.0
2020-02-03,538,Iowa,0.0
2020-02-04,538,Iowa,0.0
2020-02-05,538,Iowa,0.0
2020-02-06,538,Iowa,0.0
2020-02-07,538,Iowa,0.0
2020-02-08,538,Iowa,0.0
2020-02-09,538,Iowa,0.0
2020-02-10,538,Iowa,0.0
2020-02-11,538,Iowa,0.0
2020-02-12,538,Iowa,0.0
2020-02-13,538,Iowa,0.0
2020-02-14,538,Iowa,0.0
2020-02-15,538,Iowa,0.0
2020-02-16,538,Iowa,0.0
2020-02-17,538,Iowa,0.0
2020-02-18,538,Iowa,4.14804758028323
2020-02-19,538,Iowa,4.880971214613968
2020-02-20,538,Iowa,3.54024219502581
2020-02-21,538,Iowa,2.613645502195659
2020-02-22,538,Iowa,2.0541309624765995
2020-02-23,538,Iowa,1.6085124710278904
2020-02-24,538,Iowa,1.3683062540495559
2020-02-25,538,Iowa,1.232829418426432
2020-02-26,538,Iowa,1.1544748446609188
2020-02-27,538,Iowa,1.1083383124010402
2020-02-28,538,Iowa,1.0817989472158245
2020-02-29,538,Iowa,1.0666488853389378
2020-03-01,538,Iowa,1.0586008455663436
2020-03-02,538,Iowa,1.054131662736195
2020-03-03,538,Iowa,1.0517206411430562
2020-03-04,538,Iowa,1.0498152170379422
2020-03-05,538,Iowa,1.0483092512260992
2020-03-06,538,Iowa,1.0458797581598724
2020-03-07,538,Iowa,1.0417164074274816
2020-03-08,538,Iowa,1.0349713111215693
2020-03-09,538,Iowa,1.0254196513654785
2020-03-10,538,Iowa,1.012801048229427
2020-03-11,538,Iowa,0.9969122153911102
2020-03-12,538,Iowa,0.9779672020026752
2020-03-13,538,Iowa,0.9554480041486831
2020-03-14,538,Iowa,0.9301010752195472
2020-03-15,538,Iowa,0.9024637784455101
2020-03-16,538,Iowa,0.8730395331016901
2020-03-17,538,Iowa,0.8423283350883984
2020-03-18,538,Iowa,0.8114497072866665
2020-03-19,538,Iowa,0.7810642133650004
2020-03-20,538,Iowa,0.7516314044184496
2020-03-21,538,Iowa,0.7237504321062597
2020-03-22,538,Iowa,0.6977763982470548
2020-03-23,538,Iowa,0.6739436321455023
2020-03-24,538,Iowa,0.6523543268194154
2020-03-25,538,Iowa,0.633191299816769
2020-03-26,538,Iowa,0.6166566455134779
2020-03-27,538,Iowa,0.6024905651323097
2020-03-28,538,Iowa,0.5905359234464029
2020-03-29,538,Iowa,0.5806891449196695
2020-03-30,538,Iowa,0.572864615282189
2020-03-31,538,Iowa,0.5669081668587082
2020-04-01,538,Iowa,0.5625681371482197
2020-04-02,538,Iowa,0.559583921233513
2020-04-03,538,Iowa,0.557701349769106
2020-04-04,538,Iowa,0.5566693727467448
2020-04-05,538,Iowa,0.5562379314642297
2020-04-06,538,Iowa,0.5563634914590179
2020-04-07,538,Iowa,0.5564309987429791
2020-04-08,538,Iowa,0.5563045001545055
2020-04-09,538,Iowa,0.5559442609914915
2020-04-10,538,Iowa,0.5552996981508312
2020-04-11,538,Iowa,0.554314407720566
2020-04-12,538,Iowa,0.5529289107519932
2020-04-13,538,Iowa,0.5510874852930374
2020-04-14,538,Iowa,0.5487475437394469
2020-04-15,538,Iowa,0.5458795099252486
2020-04-16,538,Iowa,0.542522240948192
2020-04-17,538,Iowa,0.5388103676948491
2020-04-18,538,Iowa,0.5348019544973953
2020-04-19,538,Iowa,0.5305505204659584
2020-04-20,538,Iowa,0.5261054798914789
2020-04-21,538,Iowa,0.5215138602123945
2020-04-22,538,Iowa,0.5168201849767081
2020-04-23,538,Iowa,0.5120693644209404
2020-04-24,538,Iowa,0.5073004202054063
2020-04-25,538,Iowa,0.5025714326348997
2020-04-26,538,Iowa,0.49786789384207997
2020-04-27,538,Iowa,0.49314938136566266
2020-04-28,538,Iowa,0.48840996049140095
2020-04-29,538,Iowa,0.48363250916103834
2020-04-30,538,Iowa,0.4787894722568141
2020-05-01,538,Iowa,0.4738441965509762
2020-05-02,538,Iowa,0.468755250791054
2020-05-03,538,Iowa,0.46347932925498947
2020-05-04,538,Iowa,0.4579744372186195
2020-05-05,538,Iowa,0.4522043223161453
2020-05-06,538,Iowa,0.4461416348554064
2020-05-07,538,Iowa,0.4397601796347169
2020-05-08,538,Iowa,0.4330385686461063
2020-05-09,538,Iowa,0.42604179688260313
2020-05-10,538,Iowa,0.418755678728619
2020-05-11,538,Iowa,0.41117842033764235
2020-05-12,538,Iowa,0.40332034851273874
2020-05-13,538,Iowa,0.3952037651904009
2020-05-14,538,Iowa,0.386860562958361
2020-05-15,538,Iowa,0.378287199493284
2020-05-16,538,Iowa,0.3695705640259649
2020-05-17,538,Iowa,0.36070475741615177
2020-05-18,538,Iowa,0.3516986656031501
2020-05-19,538,Iowa,0.34258105719493354
2020-05-20,538,Iowa,0.33340477368261445
2020-05-21,538,Iowa,0.3242516879280149
2020-05-22,538,Iowa,0.3152172803683028
2020-05-23,538,Iowa,0.30643390222845146
2020-05-24,538,Iowa,0.2980243400106837
2020-05-25,538,Iowa,0.29011958211083844
2020-05-26,538,Iowa,0.28285119478010295
2020-05-27,538,Iowa,0.27634431496360096
2020-05-28,538,Iowa,0.27070816607856496
2020-05-29,538,Iowa,0.26604720293706996
2020-05-30,538,Iowa,0.26238695292429876
2020-05-31,538,Iowa,0.2598108054742466
2020-06-01,538,Iowa,0.25840597886566385
2020-06-02,538,Iowa,0.2582404417695118
2020-06-03,538,Iowa,0.2593599979054349
2020-06-04,538,Iowa,0.26181008393929867
2020-06-05,538,Iowa,0.2656103799557955
2020-06-06,538,Iowa,0.2708307568012189
2020-06-07,538,Iowa,0.2775253439645741
2020-06-08,538,Iowa,0.2857330057004824
2020-06-09,538,Iowa,0.29547513694343525
2020-06-10,538,Iowa,0.3068163736674293
2020-06-11,538,Iowa,0.3198074352506621
2020-06-12,538,Iowa,0.3344643395227021
2020-06-13,538,Iowa,0.350770006471532
2020-06-14,538,Iowa,0.3686530472259129
2020-06-15,538,Iowa,0.3880107513311179
2020-06-16,538,Iowa,0.40846799878986023
2020-06-17,538,Iowa,0.4296369195101984
2020-06-18,538,Iowa,0.45104637529475805
2020-06-19,538,Iowa,0.4721497103394088
2020-06-20,538,Iowa,0.49235113600115077
2020-06-21,538,Iowa,0.5110369900752751
2020-06-22,538,Iowa,0.5276056936622421
2020-06-23,538,Iowa,0.5417228258181015
2020-06-24,538,Iowa,0.5526200715307253
2020-06-25,538,Iowa,0.5599940304316322
2020-06-26,538,Iowa,0.5639993820204117
2020-06-27,538,Iowa,0.5648442204067072
2020-06-28,538,Iowa,0.5627909978744025
2020-06-29,538,Iowa,0.5581608162969011
2020-06-30,538,Iowa,0.5513252042353788
2020-07-01,538,Iowa,0.5426681277998724
2020-07-02,538,Iowa,0.5327346800915982
2020-07-03,538,Iowa,0.5222264498014839
2020-07-04,538,Iowa,0.5114423905559694
2020-07-05,538,Iowa,0.5006883147014616
2020-07-06,538,Iowa,0.4902610133026854
2020-07-07,538,Iowa,0.48044383880590497
2020-07-08,538,Iowa,0.4714035017069714
2020-07-09,538,Iowa,0.4633750273785179
2020-07-10,538,Iowa,0.45637441386558425
2020-07-11,538,Iowa,0.4504283991716527
2020-07-12,538,Iowa,0.44556809560874555
2020-07-13,538,Iowa,0.4418213901682028
2020-07-14,538,Iowa,0.4391913896145811
2020-07-15,538,Iowa,0.4375863744955121
2020-07-16,538,Iowa,0.43694672599078155
2020-07-17,538,Iowa,0.4372062275521073
2020-07-18,538,Iowa,0.4382912782433812
2020-07-19,538,Iowa,0.4401188317401551
2020-07-20,538,Iowa,0.44270335169615443
2020-07-21,538,Iowa,0.4457836817160875
2020-07-22,538,Iowa,0.44925231838168556
2020-07-23,538,Iowa,0.45306101974445623
2020-07-24,538,Iowa,0.45713851379836556
2020-07-25,538,Iowa,0.46139020348956383
2020-07-26,538,Iowa,0.4656973144330887
2020-07-27,538,Iowa,0.46991572299336015
2020-07-28,538,Iowa,0.4738772041485903
2020-07-29,538,Iowa,0.47739695629047263
2020-07-30,538,Iowa,0.48041711934501247
2020-07-31,538,Iowa,0.4826335425801188
2020-08-01,538,Iowa,0.48399449797976707
2020-08-02,538,Iowa,0.48447397641269546
2020-08-03,538,Iowa,0.4840480530503146
2020-08-04,538,Iowa,0.4827016309146167
2020-08-05,538,Iowa,0.480433830413121
2020-08-06,538,Iowa,0.47726111200115623
2020-08-07,538,Iowa,0.47322447132334156
2020-08-08,538,Iowa,0.4683905438560685
2020-08-09,538,Iowa,0.4628721321275452
2020-08-10,538,Iowa,0.4569430012874272
2020-08-11,538,Iowa,0.450709508669146
2020-08-12,538,Iowa,0.44430632869060604
2020-08-13,538,Iowa,0.4378858379190842
2020-08-14,538,Iowa,0.43160724170220605
2020-08-15,538,Iowa,0.4256001398187165
2020-08-16,538,Iowa,0.41999606864974726
2020-08-17,538,Iowa,0.4148542069865417
2020-08-18,538,Iowa,0.4102169676157283
2020-08-19,538,Iowa,0.4061287826528383
2020-08-20,538,Iowa,0.4026345269630391
2020-08-21,538,Iowa,0.399780372672871
2020-08-22,538,Iowa,0.3975806925187762
2020-08-23,538,Iowa,0.39603577830713904
2020-08-24,538,Iowa,0.3951553891994013
2020-08-25,538,Iowa,0.39494902335649235
2020-08-26,538,Iowa,0.3954288257532903
2020-08-27,538,Iowa,0.39661229500011935
2020-08-28,538,Iowa,0.3985313415665289
2020-08-29,538,Iowa,0.4012108524686003
2020-08-30,538,Iowa,0.40469422594069276
2020-08-31,538,Iowa,0.4090071868222451
2020-09-01,538,Iowa,0.41411805787116784
2020-09-02,538,Iowa,0.4198698639125547
2020-09-03,538,Iowa,0.4261536376921926
2020-09-04,538,Iowa,0.43246264482667374
2020-09-05,538,Iowa,0.4386260441082038
2020-09-06,538,Iowa,0.44448479345503106
2020-09-07,538,Iowa,0.4499082181238061
2020-09-08,538,Iowa,0.45480506708520496
2020-09-09,538,Iowa,0.4583993984233365
2020-09-10,538,Iowa,0.46111745732174064
2020-09-11,538,Iowa,0.4629942243023912
2020-09-12,538,Iowa,0.4642144151530995
2020-09-13,538,Iowa,0.4646849570508572
2020-09-14,538,Iowa,0.46501267363010274
2020-09-15,538,Iowa,0.46446428448415006
2020-09-16,538,Iowa,0.46273135580130553
2020-09-17,538,Iowa,0.45977761642661086
2020-09-18,538,Iowa,0.4561679771449408
2020-09-19,538,Iowa,0.4520430871474333
2020-09-20,538,Iowa,0.447433443088517
2020-09-21,538,Iowa,0.4426952423792158
2020-02-01,539,Kansas,0.0
2020-02-02,539,Kansas,0.0
2020-02-03,539,Kansas,0.0
2020-02-04,539,Kansas,0.0
2020-02-05,539,Kansas,0.0
2020-02-06,539,Kansas,0.0
2020-02-07,539,Kansas,0.0
2020-02-08,539,Kansas,0.0
2020-02-09,539,Kansas,0.0
2020-02-10,539,Kansas,0.0
2020-02-11,539,Kansas,0.0
2020-02-12,539,Kansas,0.0
2020-02-13,539,Kansas,0.0
2020-02-14,539,Kansas,0.0
2020-02-15,539,Kansas,0.0
2020-02-16,539,Kansas,0.0
2020-02-17,539,Kansas,13.881873045458207
2020-02-18,539,Kansas,6.335258205628978
2020-02-19,539,Kansas,3.5907625528911917
2020-02-20,539,Kansas,2.396542213083803
2020-02-21,539,Kansas,1.770027129280237
2020-02-22,539,Kansas,1.2146513565013537
2020-02-23,539,Kansas,0.9334789714015668
2020-02-24,539,Kansas,0.7824684317147881
2020-02-25,539,Kansas,0.6993870482774582
2020-02-26,539,Kansas,0.6555577826076359
2020-02-27,539,Kansas,0.6367986860800784
2020-02-28,539,Kansas,0.63539207184111
2020-02-29,539,Kansas,0.6472154496525009
2020-03-01,539,Kansas,0.669144668024188
2020-03-02,539,Kansas,0.6992185701535184
2020-03-03,539,Kansas,0.736170845284868
2020-03-04,539,Kansas,0.7777601679925578
2020-03-05,539,Kansas,0.8220557562543829
2020-03-06,539,Kansas,0.8673637608406364
2020-03-07,539,Kansas,0.910774298791917
2020-03-08,539,Kansas,0.9500768532291501
2020-03-09,539,Kansas,0.9836696316926323
2020-03-10,539,Kansas,1.0095798122253288
2020-03-11,539,Kansas,1.0265306337701714
2020-03-12,539,Kansas,1.0338022565576361
2020-03-13,539,Kansas,1.0313558995644883
2020-03-14,539,Kansas,1.0192094027179424
2020-03-15,539,Kansas,0.99784220017712
2020-03-16,539,Kansas,0.9689185528214246
2020-03-17,539,Kansas,0.9335640099106565
2020-03-18,539,Kansas,0.8931153192486487
2020-03-19,539,Kansas,0.8499297760529708
2020-03-20,539,Kansas,0.8052511027718224
2020-03-21,539,Kansas,0.7602033554106324
2020-03-22,539,Kansas,0.7159648665812394
2020-03-23,539,Kansas,0.673353388995282
2020-03-24,539,Kansas,0.6327787357956747
2020-03-25,539,Kansas,0.5950308805524397
2020-03-26,539,Kansas,0.5603535791746292
2020-03-27,539,Kansas,0.5287366498701034
2020-03-28,539,Kansas,0.50031169381077
2020-03-29,539,Kansas,0.47517818760986114
2020-03-30,539,Kansas,0.4534054774561728
2020-03-31,539,Kansas,0.4347598562612733
2020-04-01,539,Kansas,0.4190044328302996
2020-04-02,539,Kansas,0.4059558248978241
2020-04-03,539,Kansas,0.3954326288960083
2020-04-04,539,Kansas,0.38710870342077763
2020-04-05,539,Kansas,0.38074318832644477
2020-04-06,539,Kansas,0.37611115826661334
2020-04-07,539,Kansas,0.37297718012253095
2020-04-08,539,Kansas,0.3711671050983847
2020-04-09,539,Kansas,0.3702723479787685
2020-04-10,539,Kansas,0.37011294368622816
2020-04-11,539,Kansas,0.37048105257894054
2020-04-12,539,Kansas,0.371127726721929
2020-04-13,539,Kansas,0.3717695968700975
2020-04-14,539,Kansas,0.37212368653068945
2020-04-15,539,Kansas,0.37197344013863287
2020-04-16,539,Kansas,0.37117341211640653
2020-04-17,539,Kansas,0.36962933555966626
2020-04-18,539,Kansas,0.36728681294530846
2020-04-19,539,Kansas,0.364141121015847
2020-04-20,539,Kansas,0.3602371537843189
2020-04-21,539,Kansas,0.3556388722726294
2020-04-22,539,Kansas,0.35059667409443784
2020-04-23,539,Kansas,0.34521356316288854
2020-04-24,539,Kansas,0.33962191114737234
2020-04-25,539,Kansas,0.3339842783905085
2020-04-26,539,Kansas,0.32848681234583926
2020-04-27,539,Kansas,0.32331618367132187
2020-04-28,539,Kansas,0.31862395094801976
2020-04-29,539,Kansas,0.3145298154979431
2020-04-30,539,Kansas,0.31113635904166376
2020-05-01,539,Kansas,0.3085320348367418
2020-05-02,539,Kansas,0.3067878781896067
2020-05-03,539,Kansas,0.3059669527462664
2020-05-04,539,Kansas,0.30609624216422315
2020-05-05,539,Kansas,0.3071441101993178
2020-05-06,539,Kansas,0.3091486194202503
2020-05-07,539,Kansas,0.31211995897810996
2020-05-08,539,Kansas,0.3160333542877578
2020-05-09,539,Kansas,0.3208234342566644
2020-05-10,539,Kansas,0.32639445338138684
2020-05-11,539,Kansas,0.33262344849512215
2020-05-12,539,Kansas,0.33938363171641
2020-05-13,539,Kansas,0.34657576064204143
2020-05-14,539,Kansas,0.3540859553346809
2020-05-15,539,Kansas,0.3617881467327097
2020-05-16,539,Kansas,0.36954475894288785
2020-05-17,539,Kansas,0.3772191660706964
2020-05-18,539,Kansas,0.38466742161243955
2020-05-19,539,Kansas,0.3917544562913365
2020-05-20,539,Kansas,0.398363211155198
2020-05-21,539,Kansas,0.4043798162780917
2020-05-22,539,Kansas,0.40969793948889727
2020-05-23,539,Kansas,0.4142293605313315
2020-05-24,539,Kansas,0.4179061939922272
2020-05-25,539,Kansas,0.4207084599960483
2020-05-26,539,Kansas,0.4226370519594052
2020-05-27,539,Kansas,0.4236966939749394
2020-05-28,539,Kansas,0.42389226523845225
2020-05-29,539,Kansas,0.42323107220453016
2020-05-30,539,Kansas,0.4217332926112672
2020-05-31,539,Kansas,0.4194475919464233
2020-06-01,539,Kansas,0.41646290814372916
2020-06-02,539,Kansas,0.4129105174107481
2020-06-03,539,Kansas,0.40893617324425835
2020-06-04,539,Kansas,0.4047706520486989
2020-06-05,539,Kansas,0.400631063782511
2020-06-06,539,Kansas,0.3966442586939573
2020-06-07,539,Kansas,0.39294950651490135
2020-06-08,539,Kansas,0.3896905007728665
2020-06-09,539,Kansas,0.38701308054868133
2020-06-10,539,Kansas,0.38503053784425695
2020-06-11,539,Kansas,0.38382703026951676
2020-06-12,539,Kansas,0.3834481326822005
2020-06-13,539,Kansas,0.38392427148440905
2020-06-14,539,Kansas,0.3852708185758135
2020-06-15,539,Kansas,0.38748494971881686
2020-06-16,539,Kansas,0.3905636464496188
2020-06-17,539,Kansas,0.39443231697015296
2020-06-18,539,Kansas,0.3990299082262935
2020-06-19,539,Kansas,0.40431586465247665
2020-06-20,539,Kansas,0.4102373392418869
2020-06-21,539,Kansas,0.41673039420715696
2020-06-22,539,Kansas,0.42372204552286485
2020-06-23,539,Kansas,0.431129207334765
2020-06-24,539,Kansas,0.43887720423086474
2020-06-25,539,Kansas,0.4468846367887412
2020-06-26,539,Kansas,0.4549756961254486
2020-06-27,539,Kansas,0.4630700898085452
2020-06-28,539,Kansas,0.4710680480480644
2020-06-29,539,Kansas,0.47884706039930686
2020-06-30,539,Kansas,0.48625959985551953
2020-07-01,539,Kansas,0.4931323072266311
2020-07-02,539,Kansas,0.49926958013103967
2020-07-03,539,Kansas,0.5046717063254509
2020-07-04,539,Kansas,0.5087635051184624
2020-07-05,539,Kansas,0.5115294401372921
2020-07-06,539,Kansas,0.5129650564144217
2020-07-07,539,Kansas,0.5130438355676779
2020-07-08,539,Kansas,0.5117267365535276
2020-07-09,539,Kansas,0.5089752586385788
2020-07-10,539,Kansas,0.5047642163896954
2020-07-11,539,Kansas,0.49901518053825056
2020-07-12,539,Kansas,0.49205919695403594
2020-07-13,539,Kansas,0.48409861660880654
2020-07-14,539,Kansas,0.47525715452065687
2020-07-15,539,Kansas,0.4656884437144135
2020-07-16,539,Kansas,0.45557296111707873
2020-07-17,539,Kansas,0.4451131675782055
2020-07-18,539,Kansas,0.4345265463633954
2020-07-19,539,Kansas,0.42397579733944746
2020-07-20,539,Kansas,0.41369585351420046
2020-07-21,539,Kansas,0.4039322354280308
2020-07-22,539,Kansas,0.39470483853695243
2020-07-23,539,Kansas,0.38606353367311047
2020-07-24,539,Kansas,0.3780851741291524
2020-07-25,539,Kansas,0.37087468326809936
2020-07-26,539,Kansas,0.3645643960839806
2020-07-27,539,Kansas,0.3593102348974712
2020-07-28,539,Kansas,0.35523494998985816
2020-07-29,539,Kansas,0.35242018389922636
2020-07-30,539,Kansas,0.35097595048515895
2020-07-31,539,Kansas,0.3510165878930487
2020-08-01,539,Kansas,0.3526589498455907
2020-08-02,539,Kansas,0.3560229426352511
2020-08-03,539,Kansas,0.3612311199546588
2020-08-04,539,Kansas,0.36840620391811985
2020-08-05,539,Kansas,0.3776393314459519
2020-08-06,539,Kansas,0.389059847157344
2020-08-07,539,Kansas,0.40271904203734676
2020-08-08,539,Kansas,0.41858049425856136
2020-08-09,539,Kansas,0.4365047341054997
2020-08-10,539,Kansas,0.4562309037210724
2020-08-11,539,Kansas,0.4773620053866539
2020-08-12,539,Kansas,0.4995023829982222
2020-08-13,539,Kansas,0.5218143381803322
2020-08-14,539,Kansas,0.5434390180959993
2020-08-15,539,Kansas,0.5637920013509667
2020-08-16,539,Kansas,0.5822678200511872
2020-08-17,539,Kansas,0.598249529707347
2020-08-18,539,Kansas,0.6111266813145595
2020-08-19,539,Kansas,0.6203736726113422
2020-08-20,539,Kansas,0.6256028741628092
2020-08-21,539,Kansas,0.6264247877657436
2020-08-22,539,Kansas,0.6231845578860005
2020-08-23,539,Kansas,0.6161776364885744
2020-08-24,539,Kansas,0.605674164638172
2020-08-25,539,Kansas,0.5919877762551308
2020-08-26,539,Kansas,0.5757144652873839
2020-08-27,539,Kansas,0.5574156930119686
2020-08-28,539,Kansas,0.5375774519414502
2020-08-29,539,Kansas,0.5166349620099977
2020-08-30,539,Kansas,0.49497222234043053
2020-08-31,539,Kansas,0.47300961687811544
2020-09-01,539,Kansas,0.4511949838271777
2020-09-02,539,Kansas,0.4299626181574369
2020-09-03,539,Kansas,0.4098260576943288
2020-09-04,539,Kansas,0.391391027869272
2020-09-05,539,Kansas,0.3749399289487937
2020-09-06,539,Kansas,0.36063313594488733
2020-09-07,539,Kansas,0.34848762923746046
2020-09-08,539,Kansas,0.3383001793223587
2020-09-09,539,Kansas,0.33171244380754333
2020-09-10,539,Kansas,0.32701054329881774
2020-09-11,539,Kansas,0.3245112735611832
2020-09-12,539,Kansas,0.3239396470493088
2020-09-13,539,Kansas,0.32530556386151716
2020-09-14,539,Kansas,0.32710348259783906
2020-09-15,539,Kansas,0.3303615370849051
2020-09-16,539,Kansas,0.33496739070854
2020-09-17,539,Kansas,0.3401323930530161
2020-09-18,539,Kansas,0.34576455931444494
2020-09-19,539,Kansas,0.3514607335804132
2020-09-20,539,Kansas,0.3569036549730328
2020-09-21,539,Kansas,0.3617716015597755
2020-02-01,540,Kentucky,0.0
2020-02-02,540,Kentucky,0.0
2020-02-03,540,Kentucky,0.0
2020-02-04,540,Kentucky,0.0
2020-02-05,540,Kentucky,0.0
2020-02-06,540,Kentucky,0.0
2020-02-07,540,Kentucky,0.0
2020-02-08,540,Kentucky,0.0
2020-02-09,540,Kentucky,0.0
2020-02-10,540,Kentucky,0.0
2020-02-11,540,Kentucky,0.0
2020-02-12,540,Kentucky,0.0
2020-02-13,540,Kentucky,0.0
2020-02-14,540,Kentucky,0.0
2020-02-15,540,Kentucky,0.0
2020-02-16,540,Kentucky,0.0
2020-02-17,540,Kentucky,0.0
2020-02-18,540,Kentucky,0.0
2020-02-19,540,Kentucky,0.0
2020-02-20,540,Kentucky,0.0
2020-02-21,540,Kentucky,0.0
2020-02-22,540,Kentucky,0.0
2020-02-23,540,Kentucky,0.0
2020-02-24,540,Kentucky,0.0
2020-02-25,540,Kentucky,23.360084377860588
2020-02-26,540,Kentucky,7.775075439004238
2020-02-27,540,Kentucky,4.513739190222366
2020-02-28,540,Kentucky,3.1240486616592897
2020-02-29,540,Kentucky,2.4128036073330663
2020-03-01,540,Kentucky,1.8357529646806852
2020-03-02,540,Kentucky,1.523958080232344
2020-03-03,540,Kentucky,1.3446023454809068
2020-03-04,540,Kentucky,1.2347621364241967
2020-03-05,540,Kentucky,1.1636777127434061
2020-03-06,540,Kentucky,1.1152365832107942
2020-03-07,540,Kentucky,1.0806092298100434
2020-03-08,540,Kentucky,1.0539583835732642
2020-03-09,540,Kentucky,1.0319141217277943
2020-03-10,540,Kentucky,1.012245395116446
2020-03-11,540,Kentucky,0.9934251147220213
2020-03-12,540,Kentucky,0.9745172799884729
2020-03-13,540,Kentucky,0.9541401178668557
2020-03-14,540,Kentucky,0.9323116109466356
2020-03-15,540,Kentucky,0.9087671920709859
2020-03-16,540,Kentucky,0.883328455346093
2020-03-17,540,Kentucky,0.8555045473210638
2020-03-18,540,Kentucky,0.8259494928255854
2020-03-19,540,Kentucky,0.7948642800953915
2020-03-20,540,Kentucky,0.762409780707865
2020-03-21,540,Kentucky,0.7290113977965544
2020-03-22,540,Kentucky,0.695340524247967
2020-03-23,540,Kentucky,0.6619370204533764
2020-03-24,540,Kentucky,0.629156613922313
2020-03-25,540,Kentucky,0.5980848280881498
2020-03-26,540,Kentucky,0.5689164514593248
2020-03-27,540,Kentucky,0.5418834116790628
2020-03-28,540,Kentucky,0.5172701924345369
2020-03-29,540,Kentucky,0.49526659482552154
2020-03-30,540,Kentucky,0.47605758455707786
2020-03-31,540,Kentucky,0.45952637717152905
2020-04-01,540,Kentucky,0.4455410244433881
2020-04-02,540,Kentucky,0.4340158402924589
2020-04-03,540,Kentucky,0.42488146464161797
2020-04-04,540,Kentucky,0.41790739862552906
2020-04-05,540,Kentucky,0.41283613522456497
2020-04-06,540,Kentucky,0.40943585486293277
2020-04-07,540,Kentucky,0.4074409848106484
2020-04-08,540,Kentucky,0.40657109021310067
2020-04-09,540,Kentucky,0.40654011707224064
2020-04-10,540,Kentucky,0.40697785231068695
2020-04-11,540,Kentucky,0.40772887577955713
2020-04-12,540,Kentucky,0.4086359284436234
2020-04-13,540,Kentucky,0.40954357811695763
2020-04-14,540,Kentucky,0.4102997687793459
2020-04-15,540,Kentucky,0.41075948055567524
2020-04-16,540,Kentucky,0.41087793079535384
2020-04-17,540,Kentucky,0.41066240209506943
2020-04-18,540,Kentucky,0.4101234726684917
2020-04-19,540,Kentucky,0.40930601765914576
2020-04-20,540,Kentucky,0.4082857633884862
2020-04-21,540,Kentucky,0.40716054047878475
2020-04-22,540,Kentucky,0.40602057263984215
2020-04-23,540,Kentucky,0.4050287734591154
2020-04-24,540,Kentucky,0.40429710773978506
2020-04-25,540,Kentucky,0.40388885103319805
2020-04-26,540,Kentucky,0.4038628504166229
2020-04-27,540,Kentucky,0.40426885896157977
2020-04-28,540,Kentucky,0.40514204747468
2020-04-29,540,Kentucky,0.4064941385230958
2020-04-30,540,Kentucky,0.40830327610474904
2020-05-01,540,Kentucky,0.41051039116751936
2020-05-02,540,Kentucky,0.41304833762458926
2020-05-03,540,Kentucky,0.41568179344266243
2020-05-04,540,Kentucky,0.4182695473822325
2020-05-05,540,Kentucky,0.42068080721936496
2020-05-06,540,Kentucky,0.42276274694622723
2020-05-07,540,Kentucky,0.4243504266773409
2020-05-08,540,Kentucky,0.42527653420501843
2020-05-09,540,Kentucky,0.42539514915194643
2020-05-10,540,Kentucky,0.4246533493773033
2020-05-11,540,Kentucky,0.4230102620982557
2020-05-12,540,Kentucky,0.4204587244303894
2020-05-13,540,Kentucky,0.41703942161811924
2020-05-14,540,Kentucky,0.41285183971685196
2020-05-15,540,Kentucky,0.40803700386564123
2020-05-16,540,Kentucky,0.4027811405606758
2020-05-17,540,Kentucky,0.3973883072871754
2020-05-18,540,Kentucky,0.3919897172539497
2020-05-19,540,Kentucky,0.38672405929751563
2020-05-20,540,Kentucky,0.38173175093550127
2020-05-21,540,Kentucky,0.3771515638903688
2020-05-22,540,Kentucky,0.37311656502442864
2020-05-23,540,Kentucky,0.36970528341513426
2020-05-24,540,Kentucky,0.36697683264173997
2020-05-25,540,Kentucky,0.36498520284186275
2020-05-26,540,Kentucky,0.3637760248939941
2020-05-27,540,Kentucky,0.36338375755574
2020-05-28,540,Kentucky,0.3638280436648695
2020-05-29,540,Kentucky,0.36520553948990486
2020-05-30,540,Kentucky,0.3673992340178521
2020-05-31,540,Kentucky,0.3703500385227593
2020-06-01,540,Kentucky,0.3740988692770566
2020-06-02,540,Kentucky,0.3786855214821811
2020-06-03,540,Kentucky,0.38414372864848495
2020-06-04,540,Kentucky,0.39048963445128854
2020-06-05,540,Kentucky,0.3977100591517592
2020-06-06,540,Kentucky,0.40574795203594105
2020-06-07,540,Kentucky,0.4144914695169263
2020-06-08,540,Kentucky,0.4237726160498161
2020-06-09,540,Kentucky,0.4333700130924425
2020-06-10,540,Kentucky,0.4430184353992862
2020-06-11,540,Kentucky,0.4524627384511571
2020-06-12,540,Kentucky,0.46145925306171204
2020-06-13,540,Kentucky,0.4696540499902614
2020-06-14,540,Kentucky,0.47692762469956207
2020-06-15,540,Kentucky,0.4831713395238931
2020-06-16,540,Kentucky,0.48828990444558396
2020-06-17,540,Kentucky,0.4922037916285666
2020-06-18,540,Kentucky,0.4948527351137248
2020-06-19,540,Kentucky,0.4962005700573556
2020-06-20,540,Kentucky,0.496211790384333
2020-06-21,540,Kentucky,0.4949895464214633
2020-06-22,540,Kentucky,0.49270234466719914
2020-06-23,540,Kentucky,0.48944105222767426
2020-06-24,540,Kentucky,0.4853046877498656
2020-06-25,540,Kentucky,0.4803942831077774
2020-06-26,540,Kentucky,0.47481370021325253
2020-06-27,540,Kentucky,0.4686734921442097
2020-06-28,540,Kentucky,0.46209215891646155
2020-06-29,540,Kentucky,0.45508563548086256
2020-06-30,540,Kentucky,0.4479199752558012
2020-07-01,540,Kentucky,0.44079460493815553
2020-07-02,540,Kentucky,0.43374442377970357
2020-07-03,540,Kentucky,0.4268478492501542
2020-07-04,540,Kentucky,0.42022231536458937
2020-07-05,540,Kentucky,0.4140190897913091
2020-07-06,540,Kentucky,0.4084179174824883
2020-07-07,540,Kentucky,0.40361672494729256
2020-07-08,540,Kentucky,0.3998057700012874
2020-07-09,540,Kentucky,0.3970898323907661
2020-07-10,540,Kentucky,0.3955549625572626
2020-07-11,540,Kentucky,0.395280266442163
2020-07-12,540,Kentucky,0.39633327628479015
2020-07-13,540,Kentucky,0.3987620138737304
2020-07-14,540,Kentucky,0.40258556858799394
2020-07-15,540,Kentucky,0.40778554486790314
2020-07-16,540,Kentucky,0.4142941730585714
2020-07-17,540,Kentucky,0.4220139299811177
2020-07-18,540,Kentucky,0.4307299216273741
2020-07-19,540,Kentucky,0.44027026101995614
2020-07-20,540,Kentucky,0.4504341750534281
2020-07-21,540,Kentucky,0.46097745135888857
2020-07-22,540,Kentucky,0.47161604731927703
2020-07-23,540,Kentucky,0.4820909058996524
2020-07-24,540,Kentucky,0.49205754813822655
2020-07-25,540,Kentucky,0.5013271579085165
2020-07-26,540,Kentucky,0.5097113538524157
2020-07-27,540,Kentucky,0.517023066598333
2020-07-28,540,Kentucky,0.5231021942412193
2020-07-29,540,Kentucky,0.5278255267170148
2020-07-30,540,Kentucky,0.5311311886933929
2020-07-31,540,Kentucky,0.5330497856342022
2020-08-01,540,Kentucky,0.5336288262377534
2020-08-02,540,Kentucky,0.5329336119615846
2020-08-03,540,Kentucky,0.5309994803057904
2020-08-04,540,Kentucky,0.5280204287843325
2020-08-05,540,Kentucky,0.5241608367926265
2020-08-06,540,Kentucky,0.5195249495964975
2020-08-07,540,Kentucky,0.5142230109841971
2020-08-08,540,Kentucky,0.5083743493277895
2020-08-09,540,Kentucky,0.5021139488188867
2020-08-10,540,Kentucky,0.4955878507269546
2020-08-11,540,Kentucky,0.48894864466130633
2020-08-12,540,Kentucky,0.48226473382470414
2020-08-13,540,Kentucky,0.4757819675611977
2020-08-14,540,Kentucky,0.4695306453413939
2020-08-15,540,Kentucky,0.46353223896043017
2020-08-16,540,Kentucky,0.4578111516384044
2020-08-17,540,Kentucky,0.45239374631322754
2020-08-18,540,Kentucky,0.4473067519869548
2020-08-19,540,Kentucky,0.44257245226748454
2020-08-20,540,Kentucky,0.4382154674382011
2020-08-21,540,Kentucky,0.43420810652509256
2020-08-22,540,Kentucky,0.43047244113494953
2020-08-23,540,Kentucky,0.42697938036581073
2020-08-24,540,Kentucky,0.4236898841220974
2020-08-25,540,Kentucky,0.42056007962145203
2020-08-26,540,Kentucky,0.41754252638722117
2020-08-27,540,Kentucky,0.41458943043859814
2020-08-28,540,Kentucky,0.41165416507855446
2020-08-29,540,Kentucky,0.40864069695164956
2020-08-30,540,Kentucky,0.40559806793244463
2020-08-31,540,Kentucky,0.4025521125666314
2020-09-01,540,Kentucky,0.3995263716588256
2020-09-02,540,Kentucky,0.3965993960579251
2020-09-03,540,Kentucky,0.393817175177606
2020-09-04,540,Kentucky,0.3912213213280262
2020-09-05,540,Kentucky,0.38887160445704844
2020-09-06,540,Kentucky,0.3867882318840154
2020-09-07,540,Kentucky,0.3849892683479124
2020-09-08,540,Kentucky,0.3834812802631939
2020-09-09,540,Kentucky,0.38342456954570403
2020-09-10,540,Kentucky,0.3838651389812571
2020-09-11,540,Kentucky,0.3850420031459771
2020-09-12,540,Kentucky,0.3869073523060106
2020-09-13,540,Kentucky,0.389680324800995
2020-09-14,540,Kentucky,0.39268698864307955
2020-09-15,540,Kentucky,0.39618393604901564
2020-09-16,540,Kentucky,0.40039574413109913
2020-09-17,540,Kentucky,0.40467075462036917
2020-09-18,540,Kentucky,0.4092262035681232
2020-09-19,540,Kentucky,0.4137845139513777
2020-09-20,540,Kentucky,0.4181482073332122
2020-09-21,540,Kentucky,0.4220605479262552
2020-02-01,541,Louisiana,0.0
2020-02-02,541,Louisiana,0.0
2020-02-03,541,Louisiana,0.0
2020-02-04,541,Louisiana,0.0
2020-02-05,541,Louisiana,0.0
2020-02-06,541,Louisiana,0.0
2020-02-07,541,Louisiana,0.0
2020-02-08,541,Louisiana,0.0
2020-02-09,541,Louisiana,0.0
2020-02-10,541,Louisiana,0.0
2020-02-11,541,Louisiana,0.0
2020-02-12,541,Louisiana,0.0
2020-02-13,541,Louisiana,0.0
2020-02-14,541,Louisiana,0.0
2020-02-15,541,Louisiana,0.0
2020-02-16,541,Louisiana,0.0
2020-02-17,541,Louisiana,0.0
2020-02-18,541,Louisiana,24.180891149485813
2020-02-19,541,Louisiana,8.224594547136316
2020-02-20,541,Louisiana,4.612339697147633
2020-02-21,541,Louisiana,3.148218724552409
2020-02-22,541,Louisiana,2.432778085907252
2020-02-23,541,Louisiana,1.8361725076702504
2020-02-24,541,Louisiana,1.523262082615265
2020-02-25,541,Louisiana,1.3513454857280949
2020-02-26,541,Louisiana,1.2553266593111232
2020-02-27,541,Louisiana,1.2021511570015604
2020-02-28,541,Louisiana,1.1747059245645335
2020-02-29,541,Louisiana,1.1623655251367686
2020-03-01,541,Louisiana,1.1590916579127988
2020-03-02,541,Louisiana,1.1615003196071718
2020-03-03,541,Louisiana,1.1661320374810042
2020-03-04,541,Louisiana,1.170821271586957
2020-03-05,541,Louisiana,1.1734860653623396
2020-03-06,541,Louisiana,1.1731398183079205
2020-03-07,541,Louisiana,1.1689382085568738
2020-03-08,541,Louisiana,1.1601668987384535
2020-03-09,541,Louisiana,1.1467587405877517
2020-03-10,541,Louisiana,1.12823675085867
2020-03-11,541,Louisiana,1.1048583496616078
2020-03-12,541,Louisiana,1.076930540927822
2020-03-13,541,Louisiana,1.0444804741906906
2020-03-14,541,Louisiana,1.008287845350089
2020-03-15,541,Louisiana,0.9692957245905981
2020-03-16,541,Louisiana,0.9282081421557166
2020-03-17,541,Louisiana,0.8859317553719138
2020-03-18,541,Louisiana,0.8435978701925868
2020-03-19,541,Louisiana,0.8019139342306395
2020-03-20,541,Louisiana,0.7617930919078241
2020-03-21,541,Louisiana,0.7237701522311819
2020-03-22,541,Louisiana,0.6882265197746628
2020-03-23,541,Louisiana,0.6554294425664904
2020-03-24,541,Louisiana,0.625676033700468
2020-03-25,541,Louisiana,0.5989097413207691
2020-03-26,541,Louisiana,0.5749863473020397
2020-03-27,541,Louisiana,0.5538420085824735
2020-03-28,541,Louisiana,0.5353703041853711
2020-03-29,541,Louisiana,0.5193688695203422
2020-03-30,541,Louisiana,0.5055697385794106
2020-03-31,541,Louisiana,0.493731311341909
2020-04-01,541,Louisiana,0.4836577817810503
2020-04-02,541,Louisiana,0.47496233369860735
2020-04-03,541,Louisiana,0.46743061726448853
2020-04-04,541,Louisiana,0.46087665327395433
2020-04-05,541,Louisiana,0.45512928184560997
2020-04-06,541,Louisiana,0.450035579193833
2020-04-07,541,Louisiana,0.44545629794092273
2020-04-08,541,Louisiana,0.4412975560673784
2020-04-09,541,Louisiana,0.4374575444753965
2020-04-10,541,Louisiana,0.43390348070201623
2020-04-11,541,Louisiana,0.4306114562364804
2020-04-12,541,Louisiana,0.4275583682176305
2020-04-13,541,Louisiana,0.4247197075608156
2020-04-14,541,Louisiana,0.4220693431384079
2020-04-15,541,Louisiana,0.4196184700399936
2020-04-16,541,Louisiana,0.41730906607642904
2020-04-17,541,Louisiana,0.415138907421781
2020-04-18,541,Louisiana,0.41311396071011136
2020-04-19,541,Louisiana,0.4112362245602925
2020-04-20,541,Louisiana,0.40950209057746684
2020-04-21,541,Louisiana,0.40790359090242173
2020-04-22,541,Louisiana,0.40642771494778707
2020-04-23,541,Louisiana,0.4050568389553018
2020-04-24,541,Louisiana,0.4037673223234367
2020-04-25,541,Louisiana,0.40254601265811546
2020-04-26,541,Louisiana,0.40137127168140985
2020-04-27,541,Louisiana,0.4002278805055653
2020-04-28,541,Louisiana,0.39911406528476645
2020-04-29,541,Louisiana,0.3980265621535551
2020-04-30,541,Louisiana,0.396961502057522
2020-05-01,541,Louisiana,0.39591821498465185
2020-05-02,541,Louisiana,0.3949001477283968
2020-05-03,541,Louisiana,0.3939130939286685
2020-05-04,541,Louisiana,0.39296567073735006
2020-05-05,541,Louisiana,0.3920701053506471
2020-05-06,541,Louisiana,0.3912429992904136
2020-05-07,541,Louisiana,0.3905057370817558
2020-05-08,541,Louisiana,0.38988982032302855
2020-05-09,541,Louisiana,0.3894387434357887
2020-05-10,541,Louisiana,0.38918821214815985
2020-05-11,541,Louisiana,0.3891770969852666
2020-05-12,541,Louisiana,0.3894460981504715
2020-05-13,541,Louisiana,0.39003654855690795
2020-05-14,541,Louisiana,0.39098672986908184
2020-05-15,541,Louisiana,0.3923302387115334
2020-05-16,541,Louisiana,0.3940963886058948
2020-05-17,541,Louisiana,0.39630841482491075
2020-05-18,541,Louisiana,0.39897964214049225
2020-05-19,541,Louisiana,0.40210633570752385
2020-05-20,541,Louisiana,0.4056619179397309
2020-05-21,541,Louisiana,0.4095909936055782
2020-05-22,541,Louisiana,0.41381308566922204
2020-05-23,541,Louisiana,0.41821398776902186
2020-05-24,541,Louisiana,0.4227055125966887
2020-05-25,541,Louisiana,0.4271882130201293
2020-05-26,541,Louisiana,0.43155726354540747
2020-05-27,541,Louisiana,0.43571639971111825
2020-05-28,541,Louisiana,0.4395796488936739
2020-05-29,541,Louisiana,0.4430805693364118
2020-05-30,541,Louisiana,0.4461629361753717
2020-05-31,541,Louisiana,0.4487902277519116
2020-06-01,541,Louisiana,0.4509525019133653
2020-06-02,541,Louisiana,0.45272774077953826
2020-06-03,541,Louisiana,0.45418936289064243
2020-06-04,541,Louisiana,0.4554564942798496
2020-06-05,541,Louisiana,0.45669287154958893
2020-06-06,541,Louisiana,0.4580740555237811
2020-06-07,541,Louisiana,0.4598105774609774
2020-06-08,541,Louisiana,0.46204474640763565
2020-06-09,541,Louisiana,0.4649146058147978
2020-06-10,541,Louisiana,0.4685628550308163
2020-06-11,541,Louisiana,0.4731163444488052
2020-06-12,541,Louisiana,0.4786995250167701
2020-06-13,541,Louisiana,0.48537212314766165
2020-06-14,541,Louisiana,0.4931554259608594
2020-06-15,541,Louisiana,0.5020330809204524
2020-06-16,541,Louisiana,0.5119411509631328
2020-06-17,541,Louisiana,0.5227631292748428
2020-06-18,541,Louisiana,0.5343322032796227
2020-06-19,541,Louisiana,0.5464455802357256
2020-06-20,541,Louisiana,0.5588056657973
2020-06-21,541,Louisiana,0.5711175708978976
2020-06-22,541,Louisiana,0.5831437449925713
2020-06-23,541,Louisiana,0.5946265615768229
2020-06-24,541,Louisiana,0.6052969616091587
2020-06-25,541,Louisiana,0.6149356541161797
2020-06-26,541,Louisiana,0.6232659434447342
2020-06-27,541,Louisiana,0.6301745856985992
2020-06-28,541,Louisiana,0.6356085227679591
2020-06-29,541,Louisiana,0.6395344787973354
2020-06-30,541,Louisiana,0.6419344061120905
2020-07-01,541,Louisiana,0.6428521938790975
2020-07-02,541,Louisiana,0.6423732648072077
2020-07-03,541,Louisiana,0.6406550047080907
2020-07-04,541,Louisiana,0.6378587898084797
2020-07-05,541,Louisiana,0.6341488627408519
2020-07-06,541,Louisiana,0.6295944695994599
2020-07-07,541,Louisiana,0.6244098452448121
2020-07-08,541,Louisiana,0.6190003475899094
2020-07-09,541,Louisiana,0.6134109508473484
2020-07-10,541,Louisiana,0.6076980788670063
2020-07-11,541,Louisiana,0.601924440433161
2020-07-12,541,Louisiana,0.5961537556891439
2020-07-13,541,Louisiana,0.5904478603463804
2020-07-14,541,Louisiana,0.5848628982230213
2020-07-15,541,Louisiana,0.5794467958174057
2020-07-16,541,Louisiana,0.5742348256162387
2020-07-17,541,Louisiana,0.5692505900843383
2020-07-18,541,Louisiana,0.5645085852254058
2020-07-19,541,Louisiana,0.5598743163997688
2020-07-20,541,Louisiana,0.5553036932064009
2020-07-21,541,Louisiana,0.5507573733930458
2020-07-22,541,Louisiana,0.5461919808858371
2020-07-23,541,Louisiana,0.5415618523577492
2020-07-24,541,Louisiana,0.536823103696298
2020-07-25,541,Louisiana,0.5319372204575609
2020-07-26,541,Louisiana,0.5268754901642049
2020-07-27,541,Louisiana,0.5216192530393227
2020-07-28,541,Louisiana,0.5161638668344086
2020-07-29,541,Louisiana,0.5104929905739763
2020-07-30,541,Louisiana,0.5046703493538192
2020-07-31,541,Louisiana,0.4987655654168592
2020-08-01,541,Louisiana,0.49279664106026577
2020-08-02,541,Louisiana,0.48680118028389
2020-08-03,541,Louisiana,0.4808327939667603
2020-08-04,541,Louisiana,0.4749620461664297
2020-08-05,541,Louisiana,0.46927416506754005
2020-08-06,541,Louisiana,0.4638546349647122
2020-08-07,541,Louisiana,0.45878328085426895
2020-08-08,541,Louisiana,0.45412046558244484
2020-08-09,541,Louisiana,0.44991806031310577
2020-08-10,541,Louisiana,0.44622600175979876
2020-08-11,541,Louisiana,0.44309000756453804
2020-08-12,541,Louisiana,0.44054625141732573
2020-08-13,541,Louisiana,0.4386201353627372
2020-08-14,541,Louisiana,0.4374355751979554
2020-08-15,541,Louisiana,0.4368096680649903
2020-08-16,541,Louisiana,0.436715308817225
2020-08-17,541,Louisiana,0.4371763449846312
2020-08-18,541,Louisiana,0.43820219161417084
2020-08-19,541,Louisiana,0.4397828601226664
2020-08-20,541,Louisiana,0.4418877490542348
2020-08-21,541,Louisiana,0.4444653350335834
2020-08-22,541,Louisiana,0.4474408925348924
2020-08-23,541,Louisiana,0.45071430894896336
2020-08-24,541,Louisiana,0.45415985543312154
2020-08-25,541,Louisiana,0.45765468640411966
2020-08-26,541,Louisiana,0.4610733074655201
2020-08-27,541,Louisiana,0.4642804368907939
2020-08-28,541,Louisiana,0.46719309227795003
2020-08-29,541,Louisiana,0.469733492742131
2020-08-30,541,Louisiana,0.4718288666403344
2020-08-31,541,Louisiana,0.4734059562493267
2020-09-01,541,Louisiana,0.4744098844559193
2020-09-02,541,Louisiana,0.47483049407771927
2020-09-03,541,Louisiana,0.47465368777715333
2020-09-04,541,Louisiana,0.4739006764459927
2020-09-05,541,Louisiana,0.47267943971743986
2020-09-06,541,Louisiana,0.47121773564662206
2020-09-07,541,Louisiana,0.4696708453837806
2020-09-08,541,Louisiana,0.4681251372475556
2020-09-09,541,Louisiana,0.4674582595537027
2020-09-10,541,Louisiana,0.4670347991887573
2020-09-11,541,Louisiana,0.4670426222585119
2020-09-12,541,Louisiana,0.4675607601150041
2020-09-13,541,Louisiana,0.4685540390575121
2020-09-14,541,Louisiana,0.46928697803626773
2020-09-15,541,Louisiana,0.470352225608347
2020-09-16,541,Louisiana,0.47163041830093716
2020-09-17,541,Louisiana,0.4728921511557375
2020-09-18,541,Louisiana,0.47459096879549845
2020-09-19,541,Louisiana,0.4766104629051881
2020-09-20,541,Louisiana,0.4785254726142358
2020-09-21,541,Louisiana,0.4802852747402911
2020-02-01,542,Maine,0.0
2020-02-02,542,Maine,0.0
2020-02-03,542,Maine,0.0
2020-02-04,542,Maine,0.0
2020-02-05,542,Maine,0.0
2020-02-06,542,Maine,0.0
2020-02-07,542,Maine,0.0
2020-02-08,542,Maine,0.0
2020-02-09,542,Maine,0.0
2020-02-10,542,Maine,0.0
2020-02-11,542,Maine,0.0
2020-02-12,542,Maine,0.0
2020-02-13,542,Maine,0.0
2020-02-14,542,Maine,0.0
2020-02-15,542,Maine,0.0
2020-02-16,542,Maine,0.0
2020-02-17,542,Maine,2.109092465573906
2020-02-18,542,Maine,3.449240961287338
2020-02-19,542,Maine,3.1436454705199894
2020-02-20,542,Maine,2.5165903380324273
2020-02-21,542,Maine,2.0778134028620068
2020-02-22,542,Maine,1.66444266579488
2020-02-23,542,Maine,1.4281956749546807
2020-02-24,542,Maine,1.288288043867613
2020-02-25,542,Maine,1.1996496563674013
2020-02-26,542,Maine,1.1400495020743215
2020-02-27,542,Maine,1.097628794356657
2020-02-28,542,Maine,1.0649324390387322
2020-02-29,542,Maine,1.0382289467404908
2020-03-01,542,Maine,1.0146113899290536
2020-03-02,542,Maine,0.9926571111102254
2020-03-03,542,Maine,0.9715526488587933
2020-03-04,542,Maine,0.9510058880326105
2020-03-05,542,Maine,0.9311477903869896
2020-03-06,542,Maine,0.9116587315983955
2020-03-07,542,Maine,0.8921998437058717
2020-03-08,542,Maine,0.8728113478698769
2020-03-09,542,Maine,0.8535925067378612
2020-03-10,542,Maine,0.834672924519138
2020-03-11,542,Maine,0.815788012133314
2020-03-12,542,Maine,0.7970961283884005
2020-03-13,542,Maine,0.7787673272634165
2020-03-14,542,Maine,0.7607897057604243
2020-03-15,542,Maine,0.7431680297743396
2020-03-16,542,Maine,0.7257747710184568
2020-03-17,542,Maine,0.7087793445888578
2020-03-18,542,Maine,0.6921842624208796
2020-03-19,542,Maine,0.6760381610843411
2020-03-20,542,Maine,0.6600565439651919
2020-03-21,542,Maine,0.6442131982790592
2020-03-22,542,Maine,0.6286408939058034
2020-03-23,542,Maine,0.6133435052014694
2020-03-24,542,Maine,0.5982451983410795
2020-03-25,542,Maine,0.5832239207837022
2020-03-26,542,Maine,0.5682009096405143
2020-03-27,542,Maine,0.5530531224945621
2020-03-28,542,Maine,0.5377649276002255
2020-03-29,542,Maine,0.5222988112631665
2020-03-30,542,Maine,0.506602400679741
2020-03-31,542,Maine,0.49062953542466176
2020-04-01,542,Maine,0.4743190435281303
2020-04-02,542,Maine,0.457697318944482
2020-04-03,542,Maine,0.4409969772898401
2020-04-04,542,Maine,0.42417199780477494
2020-04-05,542,Maine,0.4072535273675734
2020-04-06,542,Maine,0.3903421062694724
2020-04-07,542,Maine,0.37360494945405676
2020-04-08,542,Maine,0.3571903712256352
2020-04-09,542,Maine,0.3413916868366132
2020-04-10,542,Maine,0.3263561518109094
2020-04-11,542,Maine,0.3121783715780206
2020-04-12,542,Maine,0.2990078715195408
2020-04-13,542,Maine,0.2870319807701523
2020-04-14,542,Maine,0.27646220923469167
2020-04-15,542,Maine,0.26752945357750213
2020-04-16,542,Maine,0.2602645658851349
2020-04-17,542,Maine,0.2548489832989429
2020-04-18,542,Maine,0.2514710444540591
2020-04-19,542,Maine,0.25031328144766574
2020-04-20,542,Maine,0.2515505185188648
2020-04-21,542,Maine,0.25536019717875236
2020-04-22,542,Maine,0.2619181466254018
2020-04-23,542,Maine,0.2713962188606114
2020-04-24,542,Maine,0.28402801841937275
2020-04-25,542,Maine,0.2999727508510572
2020-04-26,542,Maine,0.31925608518660653
2020-04-27,542,Maine,0.34170149596881166
2020-04-28,542,Maine,0.36698140082362374
2020-04-29,542,Maine,0.39421022648444226
2020-04-30,542,Maine,0.42237497088382764
2020-05-01,542,Maine,0.45033942263435767
2020-05-02,542,Maine,0.4767626902591726
2020-05-03,542,Maine,0.5001765359333459
2020-05-04,542,Maine,0.5190784192189454
2020-05-05,542,Maine,0.532303642727522
2020-05-06,542,Maine,0.538665343868662
2020-05-07,542,Maine,0.538121995550098
2020-05-08,542,Maine,0.530851024749764
2020-05-09,542,Maine,0.5172155499822272
2020-05-10,542,Maine,0.4981148036947674
2020-05-11,542,Maine,0.47472177614847205
2020-05-12,542,Maine,0.44811007713685236
2020-05-13,542,Maine,0.4193758827388636
2020-05-14,542,Maine,0.3894761500224848
2020-05-15,542,Maine,0.3595615413761219
2020-05-16,542,Maine,0.3301542270560245
2020-05-17,542,Maine,0.3016630345013717
2020-05-18,542,Maine,0.2745651750296003
2020-05-19,542,Maine,0.24927229281130678
2020-05-20,542,Maine,0.22606793033604058
2020-05-21,542,Maine,0.20513190229681388
2020-05-22,542,Maine,0.1866466280528645
2020-05-23,542,Maine,0.17075896356514864
2020-05-24,542,Maine,0.15750058179890558
2020-05-25,542,Maine,0.1468638993861258
2020-05-26,542,Maine,0.13884484277146847
2020-05-27,542,Maine,0.13343835166479465
2020-05-28,542,Maine,0.13063632195720326
2020-05-29,542,Maine,0.13064209060429133
2020-05-30,542,Maine,0.13376459638532745
2020-05-31,542,Maine,0.14041071273521533
2020-06-01,542,Maine,0.1511632088969936
2020-06-02,542,Maine,0.16679564461935129
2020-06-03,542,Maine,0.1881715409561677
2020-06-04,542,Maine,0.21609711399541437
2020-06-05,542,Maine,0.251083908950209
2020-06-06,542,Maine,0.2933459828511707
2020-06-07,542,Maine,0.3420734255467954
2020-06-08,542,Maine,0.39537461897614323
2020-06-09,542,Maine,0.45030998067048994
2020-06-10,542,Maine,0.5032394981322967
2020-06-11,542,Maine,0.5504274430904467
2020-06-12,542,Maine,0.5884373929775621
2020-06-13,542,Maine,0.6150436911838228
2020-06-14,542,Maine,0.6293674474361777
2020-06-15,542,Maine,0.6316986694054644
2020-06-16,542,Maine,0.6236355169390809
2020-06-17,542,Maine,0.6071637087640723
2020-06-18,542,Maine,0.5845068072939249
2020-06-19,542,Maine,0.5578776733698555
2020-06-20,542,Maine,0.5291372156448203
2020-06-21,542,Maine,0.49991823163453064
2020-06-22,542,Maine,0.47122976838842656
2020-06-23,542,Maine,0.44383131523184505
2020-06-24,542,Maine,0.4184336632780215
2020-06-25,542,Maine,0.39526175791567913
2020-06-26,542,Maine,0.37439202930830195
2020-06-27,542,Maine,0.35594687331796565
2020-06-28,542,Maine,0.3399647843701308
2020-06-29,542,Maine,0.32636213352511906
2020-06-30,542,Maine,0.31499862049392996
2020-07-01,542,Maine,0.30574492137006565
2020-07-02,542,Maine,0.2985327282973811
2020-07-03,542,Maine,0.2930356705057755
2020-07-04,542,Maine,0.2891244666651839
2020-07-05,542,Maine,0.2867169054984453
2020-07-06,542,Maine,0.2857164608444758
2020-07-07,542,Maine,0.2860085403068018
2020-07-08,542,Maine,0.2874533353431861
2020-07-09,542,Maine,0.2899602160783177
2020-07-10,542,Maine,0.2933533822288211
2020-07-11,542,Maine,0.29757304191013156
2020-07-12,542,Maine,0.3025467913691334
2020-07-13,542,Maine,0.30816416849095907
2020-07-14,542,Maine,0.3142737376500503
2020-07-15,542,Maine,0.32068168741748443
2020-07-16,542,Maine,0.3272219009170424
2020-07-17,542,Maine,0.33366410145066006
2020-07-18,542,Maine,0.33985593939795977
2020-07-19,542,Maine,0.3456415000639942
2020-07-20,542,Maine,0.35086457287422956
2020-07-21,542,Maine,0.3553745628026631
2020-07-22,542,Maine,0.35902669408288534
2020-07-23,542,Maine,0.36169940832393666
2020-07-24,542,Maine,0.3634171968070501
2020-07-25,542,Maine,0.3641452276568111
2020-07-26,542,Maine,0.36388488966699756
2020-07-27,542,Maine,0.3626741313837772
2020-07-28,542,Maine,0.36058896510870914
2020-07-29,542,Maine,0.357742787564621
2020-07-30,542,Maine,0.35428023024150707
2020-07-31,542,Maine,0.3502941747305219
2020-08-01,542,Maine,0.3460442156098482
2020-08-02,542,Maine,0.34173730707645406
2020-08-03,542,Maine,0.33745117089111226
2020-08-04,542,Maine,0.3332880635675348
2020-08-05,542,Maine,0.3293733199997628
2020-08-06,542,Maine,0.32585077793614897
2020-08-07,542,Maine,0.3228800179468176
2020-08-08,542,Maine,0.32063388428359463
2020-08-09,542,Maine,0.3192843893891029
2020-08-10,542,Maine,0.3188645581948551
2020-08-11,542,Maine,0.31945421137044333
2020-08-12,542,Maine,0.32111961860451244
2020-08-13,542,Maine,0.3238945748694665
2020-08-14,542,Maine,0.32777530982179137
2020-08-15,542,Maine,0.33271772165159147
2020-08-16,542,Maine,0.3386383207439504
2020-08-17,542,Maine,0.34545074787344027
2020-08-18,542,Maine,0.35303652932939855
2020-08-19,542,Maine,0.36109986231821034
2020-08-20,542,Maine,0.36953669157524077
2020-08-21,542,Maine,0.37820456544684583
2020-08-22,542,Maine,0.3869121358185654
2020-08-23,542,Maine,0.39541646218130766
2020-08-24,542,Maine,0.4034295286684626
2020-08-25,542,Maine,0.4106256395622759
2020-08-26,542,Maine,0.41679205917512274
2020-08-27,542,Maine,0.4214305794441048
2020-08-28,542,Maine,0.42426656527057444
2020-08-29,542,Maine,0.42516725160569474
2020-08-30,542,Maine,0.42395367069095374
2020-08-31,542,Maine,0.42053973329553995
2020-09-01,542,Maine,0.4151230435928633
2020-09-02,542,Maine,0.4082565378476956
2020-09-03,542,Maine,0.40068986200004
2020-09-04,542,Maine,0.39331056580479923
2020-09-05,542,Maine,0.3869491650742797
2020-09-06,542,Maine,0.3817795280936387
2020-09-07,542,Maine,0.3777657119306
2020-09-08,542,Maine,0.3747439088151825
2020-09-09,542,Maine,0.3724878236844907
2020-09-10,542,Maine,0.370733052375368
2020-09-11,542,Maine,0.36921212583746693
2020-09-12,542,Maine,0.367713498945592
2020-09-13,542,Maine,0.3659552638787138
2020-09-14,542,Maine,0.3637502131039393
2020-09-15,542,Maine,0.3609304041003432
2020-09-16,542,Maine,0.35732906077112053
2020-09-17,542,Maine,0.35298635479954915
2020-09-18,542,Maine,0.3482469207055888
2020-09-19,542,Maine,0.3432776449523452
2020-09-20,542,Maine,0.33819510467854486
2020-09-21,542,Maine,0.33326527525410354
2020-02-01,543,Maryland,0.0
2020-02-02,543,Maryland,0.0
2020-02-03,543,Maryland,0.0
2020-02-04,543,Maryland,0.0
2020-02-05,543,Maryland,0.0
2020-02-06,543,Maryland,0.0
2020-02-07,543,Maryland,0.0
2020-02-08,543,Maryland,0.0
2020-02-09,543,Maryland,0.0
2020-02-10,543,Maryland,0.0
2020-02-11,543,Maryland,0.0
2020-02-12,543,Maryland,0.0
2020-02-13,543,Maryland,0.0
2020-02-14,543,Maryland,0.0
2020-02-15,543,Maryland,0.0
2020-02-16,543,Maryland,0.0
2020-02-17,543,Maryland,0.0
2020-02-18,543,Maryland,0.0
2020-02-19,543,Maryland,0.0
2020-02-20,543,Maryland,0.0
2020-02-21,543,Maryland,0.0
2020-02-22,543,Maryland,0.0
2020-02-23,543,Maryland,0.0
2020-02-24,543,Maryland,0.0
2020-02-25,543,Maryland,0.0
2020-02-26,543,Maryland,0.0
2020-02-27,543,Maryland,0.0
2020-02-28,543,Maryland,24.979116285337373
2020-02-29,543,Maryland,8.011253849844397
2020-03-01,543,Maryland,4.478861861403864
2020-03-02,543,Maryland,3.0457216250146137
2020-03-03,543,Maryland,2.3314602550427663
2020-03-04,543,Maryland,1.751762729290797
2020-03-05,543,Maryland,1.4484706739270428
2020-03-06,543,Maryland,1.2824784377158152
2020-03-07,543,Maryland,1.1902030548647007
2020-03-08,543,Maryland,1.1402142027200053
2020-03-09,543,Maryland,1.1161237497941174
2020-03-10,543,Maryland,1.108166606709493
2020-03-11,543,Maryland,1.1113326322136565
2020-03-12,543,Maryland,1.1208629187551131
2020-03-13,543,Maryland,1.1336616690094836
2020-03-14,543,Maryland,1.1468548683297253
2020-03-15,543,Maryland,1.1584066487690052
2020-03-16,543,Maryland,1.1662806734253384
2020-03-17,543,Maryland,1.1691434640970333
2020-03-18,543,Maryland,1.1660758239507212
2020-03-19,543,Maryland,1.156464991506245
2020-03-20,543,Maryland,1.1392191024210296
2020-03-21,543,Maryland,1.1148115727531298
2020-03-22,543,Maryland,1.0839245761274163
2020-03-23,543,Maryland,1.047152630991505
2020-03-24,543,Maryland,1.0051908664717437
2020-03-25,543,Maryland,0.9602245029306685
2020-03-26,543,Maryland,0.9136001760798245
2020-03-27,543,Maryland,0.8665975914299329
2020-03-28,543,Maryland,0.8206148181971757
2020-03-29,543,Maryland,0.7767270479251458
2020-03-30,543,Maryland,0.7355257291547193
2020-03-31,543,Maryland,0.6980262673675188
2020-04-01,543,Maryland,0.6643387388376045
2020-04-02,543,Maryland,0.6344126409632012
2020-04-03,543,Maryland,0.6082951199224127
2020-04-04,543,Maryland,0.5859604792455734
2020-04-05,543,Maryland,0.5672834980929512
2020-04-06,543,Maryland,0.5518854844985516
2020-04-07,543,Maryland,0.539400838076837
2020-04-08,543,Maryland,0.5294980655519591
2020-04-09,543,Maryland,0.5218837815541253
2020-04-10,543,Maryland,0.5159765203108253
2020-04-11,543,Maryland,0.511419020129647
2020-04-12,543,Maryland,0.5078916847939479
2020-04-13,543,Maryland,0.5050823145290801
2020-04-14,543,Maryland,0.5026915570940519
2020-04-15,543,Maryland,0.5004571173593451
2020-04-16,543,Maryland,0.49816643010274314
2020-04-17,543,Maryland,0.49569131014468415
2020-04-18,543,Maryland,0.4929616222872223
2020-04-19,543,Maryland,0.4899269685048902
2020-04-20,543,Maryland,0.48655911301685173
2020-04-21,543,Maryland,0.48283968372193053
2020-04-22,543,Maryland,0.478768815560246
2020-04-23,543,Maryland,0.47460589699308753
2020-04-24,543,Maryland,0.4703874008813134
2020-04-25,543,Maryland,0.4661691157269854
2020-04-26,543,Maryland,0.462018434446399
2020-04-27,543,Maryland,0.4580079830726381
2020-04-28,543,Maryland,0.4542134739957666
2020-04-29,543,Maryland,0.450711901943637
2020-04-30,543,Maryland,0.44757999936535336
2020-05-01,543,Maryland,0.4449153955203343
2020-05-02,543,Maryland,0.4427136188230798
2020-05-03,543,Maryland,0.44088446215756594
2020-05-04,543,Maryland,0.4394366231198221
2020-05-05,543,Maryland,0.438354930183478
2020-05-06,543,Maryland,0.4376017711465564
2020-05-07,543,Maryland,0.4371210045496591
2020-05-08,543,Maryland,0.4368409507307031
2020-05-09,543,Maryland,0.43667803095000984
2020-05-10,543,Maryland,0.4365383818588145
2020-05-11,543,Maryland,0.436336412746771
2020-05-12,543,Maryland,0.43598843402795223
2020-05-13,543,Maryland,0.43542377947333616
2020-05-14,543,Maryland,0.43459205526886197
2020-05-15,543,Maryland,0.4334449050759614
2020-05-16,543,Maryland,0.4319401306879966
2020-05-17,543,Maryland,0.4300462906857996
2020-05-18,543,Maryland,0.42774718840749837
2020-05-19,543,Maryland,0.425038628627351
2020-05-20,543,Maryland,0.4219261875343464
2020-05-21,543,Maryland,0.4183984918537797
2020-05-22,543,Maryland,0.4145431964802698
2020-05-23,543,Maryland,0.41038578114033436
2020-05-24,543,Maryland,0.40593992687312924
2020-05-25,543,Maryland,0.4012402510520836
2020-05-26,543,Maryland,0.3963452828098055
2020-05-27,543,Maryland,0.39134117178724215
2020-05-28,543,Maryland,0.3863380208894331
2020-05-29,543,Maryland,0.38145613392802247
2020-05-30,543,Maryland,0.3768041403627879
2020-05-31,543,Maryland,0.37247122763631585
2020-06-01,543,Maryland,0.36853783604604506
2020-06-02,543,Maryland,0.3650783769767073
2020-06-03,543,Maryland,0.3621595789253513
2020-06-04,543,Maryland,0.35983931093684507
2020-06-05,543,Maryland,0.35816423317314816
2020-06-06,543,Maryland,0.35724631724498607
2020-06-07,543,Maryland,0.35700061290654694
2020-06-08,543,Maryland,0.3573516747157106
2020-06-09,543,Maryland,0.3583264146972361
2020-06-10,543,Maryland,0.3599278693002597
2020-06-11,543,Maryland,0.362137590670257
2020-06-12,543,Maryland,0.3649203667844985
2020-06-13,543,Maryland,0.36822802849108704
2020-06-14,543,Maryland,0.37200355195724005
2020-06-15,543,Maryland,0.3761820013417564
2020-06-16,543,Maryland,0.38069032528568436
2020-06-17,543,Maryland,0.3854449537729878
2020-06-18,543,Maryland,0.3904329613033058
2020-06-19,543,Maryland,0.3956626214672572
2020-06-20,543,Maryland,0.4011045385906717
2020-06-21,543,Maryland,0.4067264409318067
2020-06-22,543,Maryland,0.41249266980359506
2020-06-23,543,Maryland,0.4183631926291064
2020-06-24,543,Maryland,0.4242910160407428
2020-06-25,543,Maryland,0.4302241309003744
2020-06-26,543,Maryland,0.4361069302719026
2020-06-27,543,Maryland,0.441881376225925
2020-06-28,543,Maryland,0.4474898136147826
2020-06-29,543,Maryland,0.45293173685541127
2020-06-30,543,Maryland,0.45804392571164765
2020-07-01,543,Maryland,0.4627810132312631
2020-07-02,543,Maryland,0.46709843816998536
2020-07-03,543,Maryland,0.4709521869626712
2020-07-04,543,Maryland,0.474299961384545
2020-07-05,543,Maryland,0.4771009825133191
2020-07-06,543,Maryland,0.47931750301434306
2020-07-07,543,Maryland,0.4809193877813794
2020-07-08,543,Maryland,0.4818867097833763
2020-07-09,543,Maryland,0.482212771130776
2020-07-10,543,Maryland,0.4819050266161678
2020-07-11,543,Maryland,0.4809855143435686
2020-07-12,543,Maryland,0.47949077923717337
2020-07-13,543,Maryland,0.4774716524531862
2020-07-14,543,Maryland,0.47499283407717235
2020-07-15,543,Maryland,0.4721131737856012
2020-07-16,543,Maryland,0.46893454860901557
2020-07-17,543,Maryland,0.4655982287355087
2020-07-18,543,Maryland,0.4621500905251623
2020-07-19,543,Maryland,0.4586531277339667
2020-07-20,543,Maryland,0.45518341596171724
2020-07-21,543,Maryland,0.4518259918927659
2020-07-22,543,Maryland,0.44867124344556614
2020-07-23,543,Maryland,0.44580580628581423
2020-07-24,543,Maryland,0.44328014996265536
2020-07-25,543,Maryland,0.4411252822002436
2020-07-26,543,Maryland,0.43936260792612364
2020-07-27,543,Maryland,0.4380049614105469
2020-07-28,543,Maryland,0.4370544882760969
2020-07-29,543,Maryland,0.4365001113110018
2020-07-30,543,Maryland,0.43631453354158234
2020-07-31,543,Maryland,0.4365527870914905
2020-08-01,543,Maryland,0.4369956721439578
2020-08-02,543,Maryland,0.437575559272978
2020-08-03,543,Maryland,0.4382637475321502
2020-08-04,543,Maryland,0.43902011849238426
2020-08-05,543,Maryland,0.43979539192178024
2020-08-06,543,Maryland,0.440535144993082
2020-08-07,543,Maryland,0.44118157167357236
2020-08-08,543,Maryland,0.44167500819661587
2020-08-09,543,Maryland,0.44195687462383165
2020-08-10,543,Maryland,0.44197468222036984
2020-08-11,543,Maryland,0.4416623564950095
2020-08-12,543,Maryland,0.4409633705219783
2020-08-13,543,Maryland,0.440087020177404
2020-08-14,543,Maryland,0.4390250395793252
2020-08-15,543,Maryland,0.4377867369927498
2020-08-16,543,Maryland,0.4363994757733396
2020-08-17,543,Maryland,0.4349084093131731
2020-08-18,543,Maryland,0.43337423273400133
2020-08-19,543,Maryland,0.4318710875333625
2020-08-20,543,Maryland,0.4304886273602005
2020-08-21,543,Maryland,0.4293343946088237
2020-08-22,543,Maryland,0.428531742390753
2020-08-23,543,Maryland,0.4282226704088116
2020-08-24,543,Maryland,0.4284710473978405
2020-08-25,543,Maryland,0.4293238663262127
2020-08-26,543,Maryland,0.43084488542246613
2020-08-27,543,Maryland,0.4330871989735201
2020-08-28,543,Maryland,0.4360840770142471
2020-08-29,543,Maryland,0.4398499157292964
2020-08-30,543,Maryland,0.44438769100603825
2020-08-31,543,Maryland,0.4496738999187547
2020-09-01,543,Maryland,0.4556216116123135
2020-09-02,543,Maryland,0.4620404998465813
2020-09-03,543,Maryland,0.46868531611935327
2020-09-04,543,Maryland,0.47528809545838263
2020-09-05,543,Maryland,0.48147996431169093
2020-09-06,543,Maryland,0.48708849028011025
2020-09-07,543,Maryland,0.49205237832849147
2020-09-08,543,Maryland,0.4963419986663795
2020-09-09,543,Maryland,0.4996916477082795
2020-09-10,543,Maryland,0.5026612229446891
2020-09-11,543,Maryland,0.5057101949596204
2020-09-12,543,Maryland,0.5088624711721322
2020-09-13,543,Maryland,0.5123993493050073
2020-09-14,543,Maryland,0.5167978267893043
2020-09-15,543,Maryland,0.5209895147416825
2020-09-16,543,Maryland,0.5250591970523472
2020-09-17,543,Maryland,0.5282180336185038
2020-09-18,543,Maryland,0.5309597301044209
2020-09-19,543,Maryland,0.5332379905269348
2020-09-20,543,Maryland,0.5348611389937361
2020-09-21,543,Maryland,0.5357714397500425
2020-02-01,544,Massachusetts,2.202304255994157e+16
2020-02-02,544,Massachusetts,1.2061010785692372
2020-02-03,544,Massachusetts,0.6531977695814225
2020-02-04,544,Massachusetts,0.484047756880591
2020-02-05,544,Massachusetts,0.4122631462098878
2020-02-06,544,Massachusetts,0.38096988929664705
2020-02-07,544,Massachusetts,0.37184255353403844
2020-02-08,544,Massachusetts,0.37738520679152743
2020-02-09,544,Massachusetts,0.3942794654139664
2020-02-10,544,Massachusetts,0.4207825210954637
2020-02-11,544,Massachusetts,0.45600069845056745
2020-02-12,544,Massachusetts,0.4992653346074862
2020-02-13,544,Massachusetts,0.5502209303514455
2020-02-14,544,Massachusetts,0.6079652143959381
2020-02-15,544,Massachusetts,0.6715291225122811
2020-02-16,544,Massachusetts,0.7396888574287543
2020-02-17,544,Massachusetts,0.8107504256683284
2020-02-18,544,Massachusetts,0.8846225179698293
2020-02-19,544,Massachusetts,0.9585507432364914
2020-02-20,544,Massachusetts,1.03117437065683
2020-02-21,544,Massachusetts,1.1001511639464538
2020-02-22,544,Massachusetts,1.163563317832254
2020-02-23,544,Massachusetts,1.221980428500901
2020-02-24,544,Massachusetts,1.2733651473184544
2020-02-25,544,Massachusetts,1.3167366839452637
2020-02-26,544,Massachusetts,1.3520382647479756
2020-02-27,544,Massachusetts,1.380202551253406
2020-02-28,544,Massachusetts,1.3998482705686033
2020-02-29,544,Massachusetts,1.4145845772486105
2020-03-01,544,Massachusetts,1.4218102403391648
2020-03-02,544,Massachusetts,1.4224749467825997
2020-03-03,544,Massachusetts,1.4166102860124672
2020-03-04,544,Massachusetts,1.4059373817238459
2020-03-05,544,Massachusetts,1.3911442476362625
2020-03-06,544,Massachusetts,1.373679051501963
2020-03-07,544,Massachusetts,1.3549752321065776
2020-03-08,544,Massachusetts,1.3348734308068961
2020-03-09,544,Massachusetts,1.3146723980787784
2020-03-10,544,Massachusetts,1.2936464842360789
2020-03-11,544,Massachusetts,1.2716388730271933
2020-03-12,544,Massachusetts,1.248658416393313
2020-03-13,544,Massachusetts,1.2251556337151381
2020-03-14,544,Massachusetts,1.2015410706325516
2020-03-15,544,Massachusetts,1.1773993813711063
2020-03-16,544,Massachusetts,1.1527042134003198
2020-03-17,544,Massachusetts,1.127583301835921
2020-03-18,544,Massachusetts,1.1020814378778512
2020-03-19,544,Massachusetts,1.0762392684422748
2020-03-20,544,Massachusetts,1.0494214695922826
2020-03-21,544,Massachusetts,1.022220556735255
2020-03-22,544,Massachusetts,0.9946948840871345
2020-03-23,544,Massachusetts,0.9667959786425914
2020-03-24,544,Massachusetts,0.9381909202743483
2020-03-25,544,Massachusetts,0.9092696937143487
2020-03-26,544,Massachusetts,0.8803446860346914
2020-03-27,544,Massachusetts,0.8514672436627194
2020-03-28,544,Massachusetts,0.82277367046044
2020-03-29,544,Massachusetts,0.7944955441006758
2020-03-30,544,Massachusetts,0.7669145458543933
2020-03-31,544,Massachusetts,0.7402068876063876
2020-04-01,544,Massachusetts,0.7144030171901956
2020-04-02,544,Massachusetts,0.6899068461387037
2020-04-03,544,Massachusetts,0.6667350208507064
2020-04-04,544,Massachusetts,0.64484158418862
2020-04-05,544,Massachusetts,0.6242485561415501
2020-04-06,544,Massachusetts,0.6050192870138459
2020-04-07,544,Massachusetts,0.5871653653872015
2020-04-08,544,Massachusetts,0.5707802417085011
2020-04-09,544,Massachusetts,0.5557648709963408
2020-04-10,544,Massachusetts,0.5420024029508266
2020-04-11,544,Massachusetts,0.5294100954873484
2020-04-12,544,Massachusetts,0.517930037804914
2020-04-13,544,Massachusetts,0.5075129098558067
2020-04-14,544,Massachusetts,0.49804361114198825
2020-04-15,544,Massachusetts,0.4894263603233519
2020-04-16,544,Massachusetts,0.4815817039505265
2020-04-17,544,Massachusetts,0.4744350688081321
2020-04-18,544,Massachusetts,0.4679112086440466
2020-04-19,544,Massachusetts,0.4619270657620796
2020-04-20,544,Massachusetts,0.45643485575209386
2020-04-21,544,Massachusetts,0.4512967432506129
2020-04-22,544,Massachusetts,0.4463961914180488
2020-04-23,544,Massachusetts,0.4417028532463982
2020-04-24,544,Massachusetts,0.4371869324215229
2020-04-25,544,Massachusetts,0.4328220077869789
2020-04-26,544,Massachusetts,0.4285843396397981
2020-04-27,544,Massachusetts,0.4244509466334244
2020-04-28,544,Massachusetts,0.42039979904393154
2020-04-29,544,Massachusetts,0.4164108577235873
2020-04-30,544,Massachusetts,0.4124678265789035
2020-05-01,544,Massachusetts,0.40857844505138335
2020-05-02,544,Massachusetts,0.4047852387158544
2020-05-03,544,Massachusetts,0.4011257991025699
2020-05-04,544,Massachusetts,0.3976482509896134
2020-05-05,544,Massachusetts,0.3944073955046302
2020-05-06,544,Massachusetts,0.3914621481952494
2020-05-07,544,Massachusetts,0.38887182159579825
2020-05-08,544,Massachusetts,0.3866936863858322
2020-05-09,544,Massachusetts,0.3849792444882012
2020-05-10,544,Massachusetts,0.3837726497536273
2020-05-11,544,Massachusetts,0.38311237544163135
2020-05-12,544,Massachusetts,0.3830438024314168
2020-05-13,544,Massachusetts,0.38351362091621116
2020-05-14,544,Massachusetts,0.3845415319000264
2020-05-15,544,Massachusetts,0.38611560633958897
2020-05-16,544,Massachusetts,0.3881846332547787
2020-05-17,544,Massachusetts,0.39065609369006726
2020-05-18,544,Massachusetts,0.39339941560043584
2020-05-19,544,Massachusetts,0.3962807055973065
2020-05-20,544,Massachusetts,0.3991369972717495
2020-05-21,544,Massachusetts,0.4018527004470794
2020-05-22,544,Massachusetts,0.40432267983059983
2020-05-23,544,Massachusetts,0.4064472486383722
2020-05-24,544,Massachusetts,0.40813488723866564
2020-05-25,544,Massachusetts,0.4093074219356818
2020-05-26,544,Massachusetts,0.4098823385022698
2020-05-27,544,Massachusetts,0.40989823382011253
2020-05-28,544,Massachusetts,0.40937578107937983
2020-05-29,544,Massachusetts,0.4083292520247337
2020-05-30,544,Massachusetts,0.406812813586507
2020-05-31,544,Massachusetts,0.4049165871304812
2020-06-01,544,Massachusetts,0.4027621117426219
2020-06-02,544,Massachusetts,0.40048325884675867
2020-06-03,544,Massachusetts,0.39820842324763733
2020-06-04,544,Massachusetts,0.39604923965046646
2020-06-05,544,Massachusetts,0.39407723184019494
2020-06-06,544,Massachusetts,0.39235968087734985
2020-06-07,544,Massachusetts,0.39095923495004126
2020-06-08,544,Massachusetts,0.38993256915815805
2020-06-09,544,Massachusetts,0.3893336020428061
2020-06-10,544,Massachusetts,0.38926137011022344
2020-06-11,544,Massachusetts,0.389555756706502
2020-06-12,544,Massachusetts,0.3902349563538999
2020-06-13,544,Massachusetts,0.3913021580482461
2020-06-14,544,Massachusetts,0.392744242497222
2020-06-15,544,Massachusetts,0.39453445097413575
2020-06-16,544,Massachusetts,0.3966352187281523
2020-06-17,544,Massachusetts,0.3989996043426176
2020-06-18,544,Massachusetts,0.4015722923107576
2020-06-19,544,Massachusetts,0.40428991433261297
2020-06-20,544,Massachusetts,0.40708125795266376
2020-06-21,544,Massachusetts,0.40986367012095076
2020-06-22,544,Massachusetts,0.41264193638127683
2020-06-23,544,Massachusetts,0.4153989767988609
2020-06-24,544,Massachusetts,0.4181028253952401
2020-06-25,544,Massachusetts,0.42072827675660557
2020-06-26,544,Massachusetts,0.42325751308920073
2020-06-27,544,Massachusetts,0.42568083058429845
2020-06-28,544,Massachusetts,0.427996836511167
2020-06-29,544,Massachusetts,0.4302129671313916
2020-06-30,544,Massachusetts,0.43234630130616614
2020-07-01,544,Massachusetts,0.4344232498318534
2020-07-02,544,Massachusetts,0.4364718600946659
2020-07-03,544,Massachusetts,0.4385103908845185
2020-07-04,544,Massachusetts,0.44061047277017856
2020-07-05,544,Massachusetts,0.44278024742947225
2020-07-06,544,Massachusetts,0.44502865374935524
2020-07-07,544,Massachusetts,0.4473664365273806
2020-07-08,544,Massachusetts,0.44980410045620867
2020-07-09,544,Massachusetts,0.45235075317995266
2020-07-10,544,Massachusetts,0.45501219390262376
2020-07-11,544,Massachusetts,0.4577874531827027
2020-07-12,544,Massachusetts,0.46066862559655225
2020-07-13,544,Massachusetts,0.46363919913483365
2020-07-14,544,Massachusetts,0.4666732719529255
2020-07-15,544,Massachusetts,0.4697358955715678
2020-07-16,544,Massachusetts,0.47278563131153406
2020-07-17,544,Massachusetts,0.4758456269317479
2020-07-18,544,Massachusetts,0.4787989775616689
2020-07-19,544,Massachusetts,0.48150658089831977
2020-07-20,544,Massachusetts,0.4839452757246516
2020-07-21,544,Massachusetts,0.4860872054227839
2020-07-22,544,Massachusetts,0.48790185015208304
2020-07-23,544,Massachusetts,0.4893593221117862
2020-07-24,544,Massachusetts,0.4904293641469749
2020-07-25,544,Massachusetts,0.4910855713744515
2020-07-26,544,Massachusetts,0.49130806720929154
2020-07-27,544,Massachusetts,0.4910816285422477
2020-07-28,544,Massachusetts,0.49039865805638766
2020-07-29,544,Massachusetts,0.4892601749285062
2020-07-30,544,Massachusetts,0.48767616129486885
2020-07-31,544,Massachusetts,0.485667400630045
2020-08-01,544,Massachusetts,0.48326655676634833
2020-08-02,544,Massachusetts,0.4805201373021244
2020-08-03,544,Massachusetts,0.4774899487316464
2020-08-04,544,Massachusetts,0.4742524827698572
2020-08-05,544,Massachusetts,0.4708488932017863
2020-08-06,544,Massachusetts,0.467395775991501
2020-08-07,544,Massachusetts,0.4641139649659177
2020-08-08,544,Massachusetts,0.4610256290694654
2020-08-09,544,Massachusetts,0.4581661229416236
2020-08-10,544,Massachusetts,0.45557984363683623
2020-08-11,544,Massachusetts,0.45331857677015674
2020-08-12,544,Massachusetts,0.45143890630202277
2020-08-13,544,Massachusetts,0.449997740027143
2020-08-14,544,Massachusetts,0.449049168634116
2020-08-15,544,Massachusetts,0.44864322271496215
2020-08-16,544,Massachusetts,0.44882500546282106
2020-08-17,544,Massachusetts,0.4496339252508845
2020-08-18,544,Massachusetts,0.45109879751766263
2020-08-19,544,Massachusetts,0.4531773498312665
2020-08-20,544,Massachusetts,0.4558483136008302
2020-08-21,544,Massachusetts,0.4590829855157472
2020-08-22,544,Massachusetts,0.4628289737858492
2020-08-23,544,Massachusetts,0.4670057002084038
2020-08-24,544,Massachusetts,0.4715264836234092
2020-08-25,544,Massachusetts,0.47622657980620886
2020-08-26,544,Massachusetts,0.4810007453198355
2020-08-27,544,Massachusetts,0.4857231799783736
2020-08-28,544,Massachusetts,0.490246941657586
2020-08-29,544,Massachusetts,0.4944186960329529
2020-08-30,544,Massachusetts,0.4980859715971714
2020-08-31,544,Massachusetts,0.5011244006571982
2020-09-01,544,Massachusetts,0.5034469807458705
2020-09-02,544,Massachusetts,0.5049698135100287
2020-09-03,544,Massachusetts,0.5056841078153035
2020-09-04,544,Massachusetts,0.5055004447889707
2020-09-05,544,Massachusetts,0.5047412250892769
2020-09-06,544,Massachusetts,0.503591542718403
2020-09-07,544,Massachusetts,0.5021837196520615
2020-09-08,544,Massachusetts,0.5006866437003556
2020-09-09,544,Massachusetts,0.49914414804050017
2020-09-10,544,Massachusetts,0.497822335005698
2020-09-11,544,Massachusetts,0.4968133384027816
2020-09-12,544,Massachusetts,0.4962273602805044
2020-09-13,544,Massachusetts,0.4960217250125839
2020-09-14,544,Massachusetts,0.49627134836133047
2020-09-15,544,Massachusetts,0.49665400469284904
2020-09-16,544,Massachusetts,0.4969461698788903
2020-09-17,544,Massachusetts,0.4971419992668181
2020-09-18,544,Massachusetts,0.4976517354603734
2020-09-19,544,Massachusetts,0.4984317148032876
2020-09-20,544,Massachusetts,0.49922203794555997
2020-09-21,544,Massachusetts,0.5000380084501359
2020-02-01,545,Michigan,0.0
2020-02-02,545,Michigan,0.0
2020-02-03,545,Michigan,0.0
2020-02-04,545,Michigan,0.0
2020-02-05,545,Michigan,0.0
2020-02-06,545,Michigan,0.0
2020-02-07,545,Michigan,0.0
2020-02-08,545,Michigan,0.0
2020-02-09,545,Michigan,0.0
2020-02-10,545,Michigan,0.0
2020-02-11,545,Michigan,0.0
2020-02-12,545,Michigan,0.0
2020-02-13,545,Michigan,0.0
2020-02-14,545,Michigan,0.0
2020-02-15,545,Michigan,0.0
2020-02-16,545,Michigan,0.0
2020-02-17,545,Michigan,0.0
2020-02-18,545,Michigan,0.0
2020-02-19,545,Michigan,24.8410004667349
2020-02-20,545,Michigan,7.978610745902033
2020-02-21,545,Michigan,4.508994780314682
2020-02-22,545,Michigan,3.094698286307027
2020-02-23,545,Michigan,2.369710062424688
2020-02-24,545,Michigan,1.764863537317696
2020-02-25,545,Michigan,1.4510844114071604
2020-02-26,545,Michigan,1.2818274152096196
2020-02-27,545,Michigan,1.1900469927289268
2020-02-28,545,Michigan,1.1432620917016274
2020-02-29,545,Michigan,1.1242441085678985
2020-03-01,545,Michigan,1.123234729226301
2020-03-02,545,Michigan,1.133999371917406
2020-03-03,545,Michigan,1.1517627064864737
2020-03-04,545,Michigan,1.1740680952343194
2020-03-05,545,Michigan,1.1970130490584305
2020-03-06,545,Michigan,1.2183129192168272
2020-03-07,545,Michigan,1.2368176720302901
2020-03-08,545,Michigan,1.2504682617576495
2020-03-09,545,Michigan,1.257916030534534
2020-03-10,545,Michigan,1.2580070209253038
2020-03-11,545,Michigan,1.250927442893645
2020-03-12,545,Michigan,1.236055144808941
2020-03-13,545,Michigan,1.2138887198760606
2020-03-14,545,Michigan,1.1850253055699398
2020-03-15,545,Michigan,1.1498780758252665
2020-03-16,545,Michigan,1.1093515596210703
2020-03-17,545,Michigan,1.0653502470706435
2020-03-18,545,Michigan,1.0188962506637171
2020-03-19,545,Michigan,0.9711067543790826
2020-03-20,545,Michigan,0.9235339065979502
2020-03-21,545,Michigan,0.8771233713134178
2020-03-22,545,Michigan,0.8326272800071166
2020-03-23,545,Michigan,0.7907884808799329
2020-03-24,545,Michigan,0.7518039128162514
2020-03-25,545,Michigan,0.7158533186111692
2020-03-26,545,Michigan,0.6829746016526175
2020-03-27,545,Michigan,0.6534845489441686
2020-03-28,545,Michigan,0.627201679961549
2020-03-29,545,Michigan,0.6038058489032769
2020-03-30,545,Michigan,0.5830993686782064
2020-03-31,545,Michigan,0.5649368268850142
2020-04-01,545,Michigan,0.5490995465637699
2020-04-02,545,Michigan,0.5352181410645327
2020-04-03,545,Michigan,0.5229486100183842
2020-04-04,545,Michigan,0.5119743134578986
2020-04-05,545,Michigan,0.5020124537032713
2020-04-06,545,Michigan,0.4928256367083684
2020-04-07,545,Michigan,0.48416057393036466
2020-04-08,545,Michigan,0.47582481694579704
2020-04-09,545,Michigan,0.46771071393712005
2020-04-10,545,Michigan,0.4597316009438384
2020-04-11,545,Michigan,0.45182476365432
2020-04-12,545,Michigan,0.4439570394831116
2020-04-13,545,Michigan,0.4361315676080021
2020-04-14,545,Michigan,0.42839386672730545
2020-04-15,545,Michigan,0.42086743692908163
2020-04-16,545,Michigan,0.41366270560903706
2020-04-17,545,Michigan,0.4068602135749298
2020-04-18,545,Michigan,0.40060307194032463
2020-04-19,545,Michigan,0.39503576752239167
2020-04-20,545,Michigan,0.3902964241005748
2020-04-21,545,Michigan,0.386512506400417
2020-04-22,545,Michigan,0.38379560134107576
2020-04-23,545,Michigan,0.38223417107379687
2020-04-24,545,Michigan,0.3818841592447109
2020-04-25,545,Michigan,0.38275676638652256
2020-04-26,545,Michigan,0.3848043609480872
2020-04-27,545,Michigan,0.3879430094640909
2020-04-28,545,Michigan,0.39196880182703114
2020-04-29,545,Michigan,0.39667537121354673
2020-04-30,545,Michigan,0.40190163647129373
2020-05-01,545,Michigan,0.4074312830585444
2020-05-02,545,Michigan,0.4129998885363533
2020-05-03,545,Michigan,0.4183007360442688
2020-05-04,545,Michigan,0.4230000689833428
2020-05-05,545,Michigan,0.42683532634970645
2020-05-06,545,Michigan,0.42959388726535486
2020-05-07,545,Michigan,0.43108506114422035
2020-05-08,545,Michigan,0.43116449833184034
2020-05-09,545,Michigan,0.4297510687847691
2020-05-10,545,Michigan,0.42683322812021746
2020-05-11,545,Michigan,0.4223941262341964
2020-05-12,545,Michigan,0.4166471233685117
2020-05-13,545,Michigan,0.40991168757906216
2020-05-14,545,Michigan,0.40228100169070247
2020-05-15,545,Michigan,0.39389230054967383
2020-05-16,545,Michigan,0.3849127069814396
2020-05-17,545,Michigan,0.3755294491863919
2020-05-18,545,Michigan,0.365952394969992
2020-05-19,545,Michigan,0.3564150359736044
2020-05-20,545,Michigan,0.3471459214448394
2020-05-21,545,Michigan,0.33827345796982655
2020-05-22,545,Michigan,0.32998828485040627
2020-05-23,545,Michigan,0.32250577063911984
2020-05-24,545,Michigan,0.31604338524373954
2020-05-25,545,Michigan,0.31080501675114175
2020-05-26,545,Michigan,0.30697429246883057
2020-05-27,545,Michigan,0.30471209118536924
2020-05-28,545,Michigan,0.30417139483228706
2020-05-29,545,Michigan,0.30547133364075624
2020-05-30,545,Michigan,0.3087475953037168
2020-05-31,545,Michigan,0.31420455073477316
2020-06-01,545,Michigan,0.32201506476244035
2020-06-02,545,Michigan,0.3322803156966754
2020-06-03,545,Michigan,0.3450012440950267
2020-06-04,545,Michigan,0.35999761219402077
2020-06-05,545,Michigan,0.3769651247507035
2020-06-06,545,Michigan,0.3954916941268579
2020-06-07,545,Michigan,0.4149922185774121
2020-06-08,545,Michigan,0.434733813732768
2020-06-09,545,Michigan,0.4539189032425355
2020-06-10,545,Michigan,0.4716954324252128
2020-06-11,545,Michigan,0.4873428523448028
2020-06-12,545,Michigan,0.5002692437500053
2020-06-13,545,Michigan,0.5100042748202597
2020-06-14,545,Michigan,0.5162373562891719
2020-06-15,545,Michigan,0.5187192618710017
2020-06-16,545,Michigan,0.5179630213181079
2020-06-17,545,Michigan,0.5142960735170992
2020-06-18,545,Michigan,0.5080833891445509
2020-06-19,545,Michigan,0.4998087147740133
2020-06-20,545,Michigan,0.4900313712097651
2020-06-21,545,Michigan,0.4793471544031489
2020-06-22,545,Michigan,0.4682655677443604
2020-06-23,545,Michigan,0.4573181875781311
2020-06-24,545,Michigan,0.44685967896243267
2020-06-25,545,Michigan,0.43704993567756995
2020-06-26,545,Michigan,0.42805655149607347
2020-06-27,545,Michigan,0.4200481101193257
2020-06-28,545,Michigan,0.41318864353610546
2020-06-29,545,Michigan,0.4076432326374877
2020-06-30,545,Michigan,0.40350929244815603
2020-07-01,545,Michigan,0.4007187168057264
2020-07-02,545,Michigan,0.3993315878686622
2020-07-03,545,Michigan,0.3993860167333277
2020-07-04,545,Michigan,0.4008996291768864
2020-07-05,545,Michigan,0.40386647294280764
2020-07-06,545,Michigan,0.4082511467034956
2020-07-07,545,Michigan,0.41403599129528995
2020-07-08,545,Michigan,0.42110049639135677
2020-07-09,545,Michigan,0.4293982229538323
2020-07-10,545,Michigan,0.4388644044536482
2020-07-11,545,Michigan,0.4493912574276634
2020-07-12,545,Michigan,0.4608240907751737
2020-07-13,545,Michigan,0.47296092603544015
2020-07-14,545,Michigan,0.4856404807129755
2020-07-15,545,Michigan,0.49853150016739434
2020-07-16,545,Michigan,0.5113111341323734
2020-07-17,545,Michigan,0.523777694690944
2020-07-18,545,Michigan,0.5357227133347827
2020-07-19,545,Michigan,0.546936548018623
2020-07-20,545,Michigan,0.5572106223864414
2020-07-21,545,Michigan,0.5663370759551049
2020-07-22,545,Michigan,0.5741120585028895
2020-07-23,545,Michigan,0.5804222411336322
2020-07-24,545,Michigan,0.5850804669514291
2020-07-25,545,Michigan,0.5879726741759849
2020-07-26,545,Michigan,0.5891653786498453
2020-07-27,545,Michigan,0.5887312229097192
2020-07-28,545,Michigan,0.5867479602773914
2020-07-29,545,Michigan,0.5832996024000059
2020-07-30,545,Michigan,0.5784747164711893
2020-07-31,545,Michigan,0.5723666021886383
2020-08-01,545,Michigan,0.5650618996961134
2020-08-02,545,Michigan,0.5567588826590787
2020-08-03,545,Michigan,0.5476284375124272
2020-08-04,545,Michigan,0.5377881283514181
2020-08-05,545,Michigan,0.5273829016261998
2020-08-06,545,Michigan,0.5165902810741604
2020-08-07,545,Michigan,0.5055678237468486
2020-08-08,545,Michigan,0.4945956551466977
2020-08-09,545,Michigan,0.48381543822602385
2020-08-10,545,Michigan,0.47336683376183236
2020-08-11,545,Michigan,0.46342365138111524
2020-08-12,545,Michigan,0.45418357244857077
2020-08-13,545,Michigan,0.44581155305175635
2020-08-14,545,Michigan,0.4384631317437711
2020-08-15,545,Michigan,0.4322274107101686
2020-08-16,545,Michigan,0.42719987926640696
2020-08-17,545,Michigan,0.42347813923741806
2020-08-18,545,Michigan,0.4212003569381469
2020-08-19,545,Michigan,0.42041395444343166
2020-08-20,545,Michigan,0.42102214203588273
2020-08-21,545,Michigan,0.42309587634882845
2020-08-22,545,Michigan,0.4266771722959066
2020-08-23,545,Michigan,0.4317718503752231
2020-08-24,545,Michigan,0.43834519304039304
2020-08-25,545,Michigan,0.4463194276660219
2020-08-26,545,Michigan,0.45556366237721807
2020-08-27,545,Michigan,0.4658896755242435
2020-08-28,545,Michigan,0.47713489415586563
2020-08-29,545,Michigan,0.48905638094629533
2020-08-30,545,Michigan,0.5015020280938344
2020-08-31,545,Michigan,0.5143060460348309
2020-09-01,545,Michigan,0.5271832895246549
2020-09-02,545,Michigan,0.5397196527587582
2020-09-03,545,Michigan,0.5514588214774784
2020-09-04,545,Michigan,0.5619763033459274
2020-09-05,545,Michigan,0.5709479029982337
2020-09-06,545,Michigan,0.5783841677346093
2020-09-07,545,Michigan,0.5844279085074892
2020-09-08,545,Michigan,0.5893328663771101
2020-09-09,545,Michigan,0.5918885754541725
2020-09-10,545,Michigan,0.5942349830629527
2020-09-11,545,Michigan,0.5964623430146208
2020-09-12,545,Michigan,0.5992800708761604
2020-09-13,545,Michigan,0.6025624069459895
2020-09-14,545,Michigan,0.6082520923818616
2020-09-15,545,Michigan,0.613597372448383
2020-09-16,545,Michigan,0.618629813091454
2020-09-17,545,Michigan,0.6224165890310588
2020-09-18,545,Michigan,0.6254381332622737
2020-09-19,545,Michigan,0.6276356027995742
2020-09-20,545,Michigan,0.6288885822927779
2020-09-21,545,Michigan,0.629236797368889
2020-02-01,546,Minnesota,0.0
2020-02-02,546,Minnesota,0.0
2020-02-03,546,Minnesota,0.0
2020-02-04,546,Minnesota,0.0
2020-02-05,546,Minnesota,0.0
2020-02-06,546,Minnesota,0.0
2020-02-07,546,Minnesota,0.0
2020-02-08,546,Minnesota,0.0
2020-02-09,546,Minnesota,0.0
2020-02-10,546,Minnesota,0.0
2020-02-11,546,Minnesota,0.0
2020-02-12,546,Minnesota,0.0
2020-02-13,546,Minnesota,0.0
2020-02-14,546,Minnesota,0.0
2020-02-15,546,Minnesota,2.3673887415752572
2020-02-16,546,Minnesota,3.708442235259235
2020-02-17,546,Minnesota,3.2096951846807733
2020-02-18,546,Minnesota,2.5058618613847123
2020-02-19,546,Minnesota,2.020433286986222
2020-02-20,546,Minnesota,1.585773911135852
2020-02-21,546,Minnesota,1.3505464540773477
2020-02-22,546,Minnesota,1.2202660351952497
2020-02-23,546,Minnesota,1.1461842070904396
2020-02-24,546,Minnesota,1.1041781349025352
2020-02-25,546,Minnesota,1.081531455981402
2020-02-26,546,Minnesota,1.069968816840489
2020-02-27,546,Minnesota,1.0651803192247624
2020-02-28,546,Minnesota,1.0643659251130024
2020-02-29,546,Minnesota,1.065424491803328
2020-03-01,546,Minnesota,1.0680569819199819
2020-03-02,546,Minnesota,1.0704093885952732
2020-03-03,546,Minnesota,1.0716203719922983
2020-03-04,546,Minnesota,1.0706526368452383
2020-03-05,546,Minnesota,1.0670590575361363
2020-03-06,546,Minnesota,1.0602237431029276
2020-03-07,546,Minnesota,1.050008472888295
2020-03-08,546,Minnesota,1.0364622647767494
2020-03-09,546,Minnesota,1.0195398875949575
2020-03-10,546,Minnesota,0.9992389528588985
2020-03-11,546,Minnesota,0.9761979675251908
2020-03-12,546,Minnesota,0.9511430207078669
2020-03-13,546,Minnesota,0.9247359911170655
2020-03-14,546,Minnesota,0.8977398664933353
2020-03-15,546,Minnesota,0.8711882510897226
2020-03-16,546,Minnesota,0.8456537118365539
2020-03-17,546,Minnesota,0.8219640275041994
2020-03-18,546,Minnesota,0.8006402872004568
2020-03-19,546,Minnesota,0.781763101002845
2020-03-20,546,Minnesota,0.7654223871115006
2020-03-21,546,Minnesota,0.751690306181276
2020-03-22,546,Minnesota,0.7404733392709087
2020-03-23,546,Minnesota,0.7318331287644466
2020-03-24,546,Minnesota,0.725369963803409
2020-03-25,546,Minnesota,0.7206804946497658
2020-03-26,546,Minnesota,0.7174056073648435
2020-03-27,546,Minnesota,0.7152108220984973
2020-03-28,546,Minnesota,0.7137429646280764
2020-03-29,546,Minnesota,0.7122900062625451
2020-03-30,546,Minnesota,0.7106263808668903
2020-03-31,546,Minnesota,0.7084588143974085
2020-04-01,546,Minnesota,0.7054478553468015
2020-04-02,546,Minnesota,0.7013637155592409
2020-04-03,546,Minnesota,0.6957395534362754
2020-04-04,546,Minnesota,0.688438573009835
2020-04-05,546,Minnesota,0.6796013440652101
2020-04-06,546,Minnesota,0.6692714640138183
2020-04-07,546,Minnesota,0.6574491179626675
2020-04-08,546,Minnesota,0.6441853387873867
2020-04-09,546,Minnesota,0.6296923967315755
2020-04-10,546,Minnesota,0.6142436024297091
2020-04-11,546,Minnesota,0.5981001370057014
2020-04-12,546,Minnesota,0.5815309046108464
2020-04-13,546,Minnesota,0.5648143063155064
2020-04-14,546,Minnesota,0.5482597178353797
2020-04-15,546,Minnesota,0.53228222506165
2020-04-16,546,Minnesota,0.517019307029513
2020-04-17,546,Minnesota,0.502662423692472
2020-04-18,546,Minnesota,0.48943562725422785
2020-04-19,546,Minnesota,0.477503886366885
2020-04-20,546,Minnesota,0.46704576880584
2020-04-21,546,Minnesota,0.45808278310489736
2020-04-22,546,Minnesota,0.4506545362214697
2020-04-23,546,Minnesota,0.4448020732528983
2020-04-24,546,Minnesota,0.4405411957058076
2020-04-25,546,Minnesota,0.4377828113960365
2020-04-26,546,Minnesota,0.43646064479646185
2020-04-27,546,Minnesota,0.4364809205319134
2020-04-28,546,Minnesota,0.43770963787007877
2020-04-29,546,Minnesota,0.44006852280824926
2020-04-30,546,Minnesota,0.4431900333147321
2020-05-01,546,Minnesota,0.44692103014068874
2020-05-02,546,Minnesota,0.45111781084258246
2020-05-03,546,Minnesota,0.4556102521485902
2020-05-04,546,Minnesota,0.4602035138925617
2020-05-05,546,Minnesota,0.4646779089171097
2020-05-06,546,Minnesota,0.46879661827393115
2020-05-07,546,Minnesota,0.47239173521247985
2020-05-08,546,Minnesota,0.4751743742085359
2020-05-09,546,Minnesota,0.4770527453219792
2020-05-10,546,Minnesota,0.4779343884493607
2020-05-11,546,Minnesota,0.4777343153827411
2020-05-12,546,Minnesota,0.47637661322823827
2020-05-13,546,Minnesota,0.47379593301837725
2020-05-14,546,Minnesota,0.4699007632569095
2020-05-15,546,Minnesota,0.4647518751458712
2020-05-16,546,Minnesota,0.4584501340305278
2020-05-17,546,Minnesota,0.4510014174029541
2020-05-18,546,Minnesota,0.44245324330767316
2020-05-19,546,Minnesota,0.4329095230147345
2020-05-20,546,Minnesota,0.4225411588717619
2020-05-21,546,Minnesota,0.41158575744140957
2020-05-22,546,Minnesota,0.40024834957757055
2020-05-23,546,Minnesota,0.3889290556370048
2020-05-24,546,Minnesota,0.3778178780168657
2020-05-25,546,Minnesota,0.3670395155960126
2020-05-26,546,Minnesota,0.3567200263158785
2020-05-27,546,Minnesota,0.34697904436222815
2020-05-28,546,Minnesota,0.3379285397495943
2020-05-29,546,Minnesota,0.3296738750612137
2020-05-30,546,Minnesota,0.3223252554304989
2020-05-31,546,Minnesota,0.315779545761644
2020-06-01,546,Minnesota,0.3101049593672584
2020-06-02,546,Minnesota,0.3053584677526145
2020-06-03,546,Minnesota,0.30157698867375016
2020-06-04,546,Minnesota,0.29877251781561737
2020-06-05,546,Minnesota,0.29692824739796375
2020-06-06,546,Minnesota,0.29601890573570055
2020-06-07,546,Minnesota,0.29601396329578156
2020-06-08,546,Minnesota,0.2968472149978936
2020-06-09,546,Minnesota,0.29854883397719706
2020-06-10,546,Minnesota,0.3011354700698713
2020-06-11,546,Minnesota,0.30460336954243605
2020-06-12,546,Minnesota,0.3089192967643649
2020-06-13,546,Minnesota,0.3140102108921868
2020-06-14,546,Minnesota,0.3197813635229871
2020-06-15,546,Minnesota,0.3261196736022656
2020-06-16,546,Minnesota,0.33289995236166336
2020-06-17,546,Minnesota,0.33999384266359745
2020-06-18,546,Minnesota,0.3472546693331415
2020-06-19,546,Minnesota,0.3545248100084767
2020-06-20,546,Minnesota,0.36164326420528886
2020-06-21,546,Minnesota,0.36845239629447163
2020-06-22,546,Minnesota,0.37471241055665616
2020-06-23,546,Minnesota,0.38050282933579377
2020-06-24,546,Minnesota,0.3857422814244107
2020-06-25,546,Minnesota,0.39034404372504905
2020-06-26,546,Minnesota,0.3942596852382821
2020-06-27,546,Minnesota,0.39748694580213334
2020-06-28,546,Minnesota,0.40007308438858374
2020-06-29,546,Minnesota,0.4021171027504397
2020-06-30,546,Minnesota,0.4037649891051508
2020-07-01,546,Minnesota,0.4052052351724077
2020-07-02,546,Minnesota,0.4065666639030283
2020-07-03,546,Minnesota,0.40812572736802805
2020-07-04,546,Minnesota,0.41010580947368497
2020-07-05,546,Minnesota,0.4125907299420703
2020-07-06,546,Minnesota,0.4156682691545019
2020-07-07,546,Minnesota,0.4194258867334052
2020-07-08,546,Minnesota,0.42394854064185544
2020-07-09,546,Minnesota,0.4293141647141579
2020-07-10,546,Minnesota,0.43558600030686717
2020-07-11,546,Minnesota,0.44279715365774897
2020-07-12,546,Minnesota,0.45094463255345374
2020-07-13,546,Minnesota,0.459904136616013
2020-07-14,546,Minnesota,0.46941126664220173
2020-07-15,546,Minnesota,0.4792691905304945
2020-07-16,546,Minnesota,0.489212103858658
2020-07-17,546,Minnesota,0.4989151509568877
2020-07-18,546,Minnesota,0.5080304139095674
2020-07-19,546,Minnesota,0.516174895518224
2020-07-20,546,Minnesota,0.5228995011369515
2020-07-21,546,Minnesota,0.5280237366949999
2020-07-22,546,Minnesota,0.5313639238910317
2020-07-23,546,Minnesota,0.5327412620083767
2020-07-24,546,Minnesota,0.5320045975605832
2020-07-25,546,Minnesota,0.5291302699682945
2020-07-26,546,Minnesota,0.5242429837302222
2020-07-27,546,Minnesota,0.5175273977185523
2020-07-28,546,Minnesota,0.5092246084416175
2020-07-29,546,Minnesota,0.4996307017475908
2020-07-30,546,Minnesota,0.48907580832718334
2020-07-31,546,Minnesota,0.4779692834959536
2020-08-01,546,Minnesota,0.46668308310226564
2020-08-02,546,Minnesota,0.4554734472947326
2020-08-03,546,Minnesota,0.4446200917869859
2020-08-04,546,Minnesota,0.43438663809714795
2020-08-05,546,Minnesota,0.42502235129261
2020-08-06,546,Minnesota,0.4166693100409535
2020-08-07,546,Minnesota,0.40944602795653356
2020-08-08,546,Minnesota,0.403474536977277
2020-08-09,546,Minnesota,0.3988510309520234
2020-08-10,546,Minnesota,0.3955993873541324
2020-08-11,546,Minnesota,0.39372931337211825
2020-08-12,546,Minnesota,0.3932264993112164
2020-08-13,546,Minnesota,0.3940840451184471
2020-08-14,546,Minnesota,0.39624864255484793
2020-08-15,546,Minnesota,0.39947298718907304
2020-08-16,546,Minnesota,0.4037292772444389
2020-08-17,546,Minnesota,0.4089618087898882
2020-08-18,546,Minnesota,0.4150807665317153
2020-08-19,546,Minnesota,0.42195797565105686
2020-08-20,546,Minnesota,0.42941855224711156
2020-08-21,546,Minnesota,0.437230290720834
2020-08-22,546,Minnesota,0.4451788161706304
2020-08-23,546,Minnesota,0.4529670187055056
2020-08-24,546,Minnesota,0.4601435645794675
2020-08-25,546,Minnesota,0.46654246406387095
2020-08-26,546,Minnesota,0.4719935116867375
2020-08-27,546,Minnesota,0.4763295357171667
2020-08-28,546,Minnesota,0.47938849596028943
2020-08-29,546,Minnesota,0.48101781944329897
2020-08-30,546,Minnesota,0.48107349356149554
2020-08-31,546,Minnesota,0.47944823842784257
2020-09-01,546,Minnesota,0.4763594822608289
2020-09-02,546,Minnesota,0.47212030257600013
2020-09-03,546,Minnesota,0.4669975059425385
2020-09-04,546,Minnesota,0.46134585664421024
2020-09-05,546,Minnesota,0.4556058787646871
2020-09-06,546,Minnesota,0.4501537316448796
2020-09-07,546,Minnesota,0.44533531151199013
2020-09-08,546,Minnesota,0.44119095243024925
2020-09-09,546,Minnesota,0.4384035171728931
2020-09-10,546,Minnesota,0.4365914372787027
2020-09-11,546,Minnesota,0.43614595675737083
2020-09-12,546,Minnesota,0.4368229723963362
2020-09-13,546,Minnesota,0.4386987304909848
2020-09-14,546,Minnesota,0.4419969648127169
2020-09-15,546,Minnesota,0.4457099101889538
2020-09-16,546,Minnesota,0.4499249411774498
2020-09-17,546,Minnesota,0.4539454404211612
2020-09-18,546,Minnesota,0.4576430771941198
2020-09-19,546,Minnesota,0.46076642355969977
2020-09-20,546,Minnesota,0.4632468331934369
2020-09-21,546,Minnesota,0.46511522881621187
2020-02-01,547,Mississippi,0.0
2020-02-02,547,Mississippi,0.0
2020-02-03,547,Mississippi,0.0
2020-02-04,547,Mississippi,0.0
2020-02-05,547,Mississippi,0.0
2020-02-06,547,Mississippi,0.0
2020-02-07,547,Mississippi,0.0
2020-02-08,547,Mississippi,0.0
2020-02-09,547,Mississippi,0.0
2020-02-10,547,Mississippi,0.0
2020-02-11,547,Mississippi,0.0
2020-02-12,547,Mississippi,0.0
2020-02-13,547,Mississippi,0.0
2020-02-14,547,Mississippi,0.0
2020-02-15,547,Mississippi,0.0
2020-02-16,547,Mississippi,0.0
2020-02-17,547,Mississippi,0.0
2020-02-18,547,Mississippi,0.0
2020-02-19,547,Mississippi,14.326436299219719
2020-02-20,547,Mississippi,6.79021191697237
2020-02-21,547,Mississippi,4.054811007186696
2020-02-22,547,Mississippi,2.8529037006271953
2020-02-23,547,Mississippi,2.242227098687962
2020-02-24,547,Mississippi,1.7190437583193705
2020-02-25,547,Mississippi,1.442423545128492
2020-02-26,547,Mississippi,1.2898422284606479
2020-02-27,547,Mississippi,1.2039456546861338
2020-02-28,547,Mississippi,1.1556022140560986
2020-02-29,547,Mississippi,1.1293538213038359
2020-03-01,547,Mississippi,1.116633820024568
2020-03-02,547,Mississippi,1.1129103372438596
2020-03-03,547,Mississippi,1.113948662343193
2020-03-04,547,Mississippi,1.1177483360722729
2020-03-05,547,Mississippi,1.1217362207740766
2020-03-06,547,Mississippi,1.1246555716435258
2020-03-07,547,Mississippi,1.125940071189439
2020-03-08,547,Mississippi,1.1241310553137587
2020-03-09,547,Mississippi,1.1181073379426487
2020-03-10,547,Mississippi,1.1073905022061166
2020-03-11,547,Mississippi,1.091659176605101
2020-03-12,547,Mississippi,1.07071494698704
2020-03-13,547,Mississippi,1.0441483674902137
2020-03-14,547,Mississippi,1.0128080027413233
2020-03-15,547,Mississippi,0.9773071085422994
2020-03-16,547,Mississippi,0.9372912884556123
2020-03-17,547,Mississippi,0.8946770869693058
2020-03-18,547,Mississippi,0.8506652902766829
2020-03-19,547,Mississippi,0.8060518519036446
2020-03-20,547,Mississippi,0.7620610103928991
2020-03-21,547,Mississippi,0.7198348376007645
2020-03-22,547,Mississippi,0.6802078785100942
2020-03-23,547,Mississippi,0.6437470952488576
2020-03-24,547,Mississippi,0.611134390219058
2020-03-25,547,Mississippi,0.5824481170249187
2020-03-26,547,Mississippi,0.5577721577006741
2020-03-27,547,Mississippi,0.537208741542437
2020-03-28,547,Mississippi,0.5207895290613049
2020-03-29,547,Mississippi,0.5082694685452652
2020-03-30,547,Mississippi,0.4994081043366912
2020-03-31,547,Mississippi,0.49399557536207317
2020-04-01,547,Mississippi,0.4916270177648358
2020-04-02,547,Mississippi,0.4918877344536565
2020-04-03,547,Mississippi,0.4943546199388901
2020-04-04,547,Mississippi,0.4985578376092983
2020-04-05,547,Mississippi,0.5040483700050044
2020-04-06,547,Mississippi,0.5102521276682941
2020-04-07,547,Mississippi,0.5165945186316758
2020-04-08,547,Mississippi,0.5227868896759028
2020-04-09,547,Mississippi,0.528522557911465
2020-04-10,547,Mississippi,0.533487447064696
2020-04-11,547,Mississippi,0.5373762041364619
2020-04-12,547,Mississippi,0.5399630943298969
2020-04-13,547,Mississippi,0.5411082116113802
2020-04-14,547,Mississippi,0.5408233579606284
2020-04-15,547,Mississippi,0.5391908428869996
2020-04-16,547,Mississippi,0.5363225399332043
2020-04-17,547,Mississippi,0.5323536747075922
2020-04-18,547,Mississippi,0.5274411528132842
2020-04-19,547,Mississippi,0.5215926191433945
2020-04-20,547,Mississippi,0.5154521430768627
2020-04-21,547,Mississippi,0.5090767342474325
2020-04-22,547,Mississippi,0.5025470182755132
2020-04-23,547,Mississippi,0.49596791512461336
2020-04-24,547,Mississippi,0.4894635130169316
2020-04-25,547,Mississippi,0.4831667698426433
2020-04-26,547,Mississippi,0.4772118490288608
2020-04-27,547,Mississippi,0.47172670010579215
2020-04-28,547,Mississippi,0.46683059886460393
2020-04-29,547,Mississippi,0.4624964501117662
2020-04-30,547,Mississippi,0.4586964639864921
2020-05-01,547,Mississippi,0.4554121263094411
2020-05-02,547,Mississippi,0.45261369265879675
2020-05-03,547,Mississippi,0.45026119314354174
2020-05-04,547,Mississippi,0.44830423217872706
2020-05-05,547,Mississippi,0.44667798631978967
2020-05-06,547,Mississippi,0.44529980347882786
2020-05-07,547,Mississippi,0.4440873765694915
2020-05-08,547,Mississippi,0.44296258615525885
2020-05-09,547,Mississippi,0.44172746006688646
2020-05-10,547,Mississippi,0.4403279653894118
2020-05-11,547,Mississippi,0.4387072787469466
2020-05-12,547,Mississippi,0.43681330384053674
2020-05-13,547,Mississippi,0.43460328156933803
2020-05-14,547,Mississippi,0.4320489633955972
2020-05-15,547,Mississippi,0.4291354202287235
2020-05-16,547,Mississippi,0.4258574222657948
2020-05-17,547,Mississippi,0.42222105821683437
2020-05-18,547,Mississippi,0.4182502532104543
2020-05-19,547,Mississippi,0.4139777096836828
2020-05-20,547,Mississippi,0.40955731303952797
2020-05-21,547,Mississippi,0.4051196156372001
2020-05-22,547,Mississippi,0.4007833277742302
2020-05-23,547,Mississippi,0.39670572702444845
2020-05-24,547,Mississippi,0.39307476440926775
2020-05-25,547,Mississippi,0.3900907719382491
2020-05-26,547,Mississippi,0.38793609987091915
2020-05-27,547,Mississippi,0.3867645195062604
2020-05-28,547,Mississippi,0.38670299256573004
2020-05-29,547,Mississippi,0.3878755971283567
2020-05-30,547,Mississippi,0.39040113405672466
2020-05-31,547,Mississippi,0.39439984418917157
2020-06-01,547,Mississippi,0.39999112251808505
2020-06-02,547,Mississippi,0.4069652331735186
2020-06-03,547,Mississippi,0.41531564885269323
2020-06-04,547,Mississippi,0.424948430672206
2020-06-05,547,Mississippi,0.4356770180607139
2020-06-06,547,Mississippi,0.4472293676657464
2020-06-07,547,Mississippi,0.4592561317570937
2020-06-08,547,Mississippi,0.4713456798558018
2020-06-09,547,Mississippi,0.4831389741732696
2020-06-10,547,Mississippi,0.4941632922947409
2020-06-11,547,Mississippi,0.5041042324236807
2020-06-12,547,Mississippi,0.5127877807623182
2020-06-13,547,Mississippi,0.5200858365936151
2020-06-14,547,Mississippi,0.5259241545193938
2020-06-15,547,Mississippi,0.5302920230827541
2020-06-16,547,Mississippi,0.5332452301211249
2020-06-17,547,Mississippi,0.5348903086117873
2020-06-18,547,Mississippi,0.5353082326101098
2020-06-19,547,Mississippi,0.5351380769515345
2020-06-20,547,Mississippi,0.534520307586078
2020-06-21,547,Mississippi,0.5336299497735869
2020-06-22,547,Mississippi,0.5326635412725789
2020-06-23,547,Mississippi,0.5318257280126165
2020-06-24,547,Mississippi,0.5313175600802067
2020-06-25,547,Mississippi,0.5313311674706074
2020-06-26,547,Mississippi,0.5320397128304502
2020-06-27,547,Mississippi,0.5334663008107846
2020-06-28,547,Mississippi,0.5355876443198058
2020-06-29,547,Mississippi,0.5383739119441019
2020-06-30,547,Mississippi,0.5417626834046143
2020-07-01,547,Mississippi,0.5456548507450791
2020-07-02,547,Mississippi,0.5499139864744201
2020-07-03,547,Mississippi,0.5543642274606068
2020-07-04,547,Mississippi,0.5587911443349254
2020-07-05,547,Mississippi,0.563035241493017
2020-07-06,547,Mississippi,0.5666896979143901
2020-07-07,547,Mississippi,0.5696521074100979
2020-07-08,547,Mississippi,0.5718028442468415
2020-07-09,547,Mississippi,0.5730133366720055
2020-07-10,547,Mississippi,0.573156177459773
2020-07-11,547,Mississippi,0.5721292135441303
2020-07-12,547,Mississippi,0.5699129943019305
2020-07-13,547,Mississippi,0.5665589151184098
2020-07-14,547,Mississippi,0.5621525792489733
2020-07-15,547,Mississippi,0.5568023165575783
2020-07-16,547,Mississippi,0.5506447820291195
2020-07-17,547,Mississippi,0.5438439405906558
2020-07-18,547,Mississippi,0.5365450923270432
2020-07-19,547,Mississippi,0.5290573829997107
2020-07-20,547,Mississippi,0.521512637370898
2020-07-21,547,Mississippi,0.5140472848821656
2020-07-22,547,Mississippi,0.5068085328736345
2020-07-23,547,Mississippi,0.49994826737731485
2020-07-24,547,Mississippi,0.4935748874390544
2020-07-25,547,Mississippi,0.48778241814217954
2020-07-26,547,Mississippi,0.48259034708103066
2020-07-27,547,Mississippi,0.4780067630059621
2020-07-28,547,Mississippi,0.4740251218146585
2020-07-29,547,Mississippi,0.4706171281327963
2020-07-30,547,Mississippi,0.4677377987971505
2020-07-31,547,Mississippi,0.46525709427858786
2020-08-01,547,Mississippi,0.46310506491647074
2020-08-02,547,Mississippi,0.46119625737367004
2020-08-03,547,Mississippi,0.45943348552516006
2020-08-04,547,Mississippi,0.4577131913436084
2020-08-05,547,Mississippi,0.4559525379449715
2020-08-06,547,Mississippi,0.4540601971707148
2020-08-07,547,Mississippi,0.451993583425316
2020-08-08,547,Mississippi,0.44971806383478086
2020-08-09,547,Mississippi,0.44721280271137337
2020-08-10,547,Mississippi,0.4444778460547323
2020-08-11,547,Mississippi,0.44153586405787454
2020-08-12,547,Mississippi,0.43840974047332665
2020-08-13,547,Mississippi,0.4350607557152675
2020-08-14,547,Mississippi,0.4318066333731757
2020-08-15,547,Mississippi,0.4286734592750635
2020-08-16,547,Mississippi,0.4256949360634762
2020-08-17,547,Mississippi,0.42291357096370746
2020-08-18,547,Mississippi,0.42038246911108196
2020-08-19,547,Mississippi,0.4181674187736919
2020-08-20,547,Mississippi,0.4163442203015426
2020-08-21,547,Mississippi,0.4149951436227209
2020-08-22,547,Mississippi,0.41420728550241437
2020-08-23,547,Mississippi,0.41406759983959296
2020-08-24,547,Mississippi,0.4146626770514558
2020-08-25,547,Mississippi,0.4160764856486588
2020-08-26,547,Mississippi,0.4183890898878822
2020-08-27,547,Mississippi,0.4216381354164562
2020-08-28,547,Mississippi,0.4258442794476795
2020-08-29,547,Mississippi,0.43106128882804146
2020-08-30,547,Mississippi,0.43734560257199473
2020-08-31,547,Mississippi,0.4447173009032533
2020-09-01,547,Mississippi,0.4530915006708309
2020-09-02,547,Mississippi,0.46236143024187304
2020-09-03,547,Mississippi,0.4719542189106465
2020-09-04,547,Mississippi,0.48153067769814806
2020-09-05,547,Mississippi,0.49082376582866644
2020-09-06,547,Mississippi,0.4995654643764063
2020-09-07,547,Mississippi,0.5075775503601492
2020-09-08,547,Mississippi,0.5147930059973295
2020-09-09,547,Mississippi,0.5203152359862439
2020-09-10,547,Mississippi,0.5246979269778957
2020-09-11,547,Mississippi,0.528205633588701
2020-09-12,547,Mississippi,0.5308768171995019
2020-09-13,547,Mississippi,0.5328244477973384
2020-09-14,547,Mississippi,0.5351029204167522
2020-09-15,547,Mississippi,0.5367857133499112
2020-09-16,547,Mississippi,0.5378798565061232
2020-09-17,547,Mississippi,0.5383869279882545
2020-09-18,547,Mississippi,0.5390199359267644
2020-09-19,547,Mississippi,0.5396813497488655
2020-09-20,547,Mississippi,0.5400259957822264
2020-09-21,547,Mississippi,0.540158398994797
2020-02-01,548,Missouri,0.0
2020-02-02,548,Missouri,0.0
2020-02-03,548,Missouri,0.0
2020-02-04,548,Missouri,0.0
2020-02-05,548,Missouri,0.0
2020-02-06,548,Missouri,0.0
2020-02-07,548,Missouri,0.0
2020-02-08,548,Missouri,0.0
2020-02-09,548,Missouri,0.0
2020-02-10,548,Missouri,0.0
2020-02-11,548,Missouri,0.0
2020-02-12,548,Missouri,0.0
2020-02-13,548,Missouri,0.0
2020-02-14,548,Missouri,0.0
2020-02-15,548,Missouri,0.0
2020-02-16,548,Missouri,0.0
2020-02-17,548,Missouri,18.515568235652335
2020-02-18,548,Missouri,6.910173484820519
2020-02-19,548,Missouri,3.8161708657330604
2020-02-20,548,Missouri,2.5050829735126565
2020-02-21,548,Missouri,1.8420432437057466
2020-02-22,548,Missouri,1.2615849129858878
2020-02-23,548,Missouri,0.9691016837531626
2020-02-24,548,Missouri,0.811996559811586
2020-02-25,548,Missouri,0.7252720711647433
2020-02-26,548,Missouri,0.6793215305760814
2020-02-27,548,Missouri,0.6592290783305569
2020-02-28,548,Missouri,0.6570031273746502
2020-02-29,548,Missouri,0.668286067584208
2020-03-01,548,Missouri,0.6900372944408009
2020-03-02,548,Missouri,0.7201838750144278
2020-03-03,548,Missouri,0.7568137891568386
2020-03-04,548,Missouri,0.7981881997924314
2020-03-05,548,Missouri,0.842751070112903
2020-03-06,548,Missouri,0.8881544715099061
2020-03-07,548,Missouri,0.932470691802736
2020-03-08,548,Missouri,0.9731656789642802
2020-03-09,548,Missouri,1.0083016951276074
2020-03-10,548,Missouri,1.0361571907908966
2020-03-11,548,Missouri,1.0557098142770602
2020-03-12,548,Missouri,1.0666449095154584
2020-03-13,548,Missouri,1.068568351517934
2020-03-14,548,Missouri,1.0609937593860534
2020-03-15,548,Missouri,1.044712749861182
2020-03-16,548,Missouri,1.0211204392693283
2020-03-17,548,Missouri,0.9914395085844483
2020-03-18,548,Missouri,0.9567331210825537
2020-03-19,548,Missouri,0.9191966964364513
2020-03-20,548,Missouri,0.8801739713070199
2020-03-21,548,Missouri,0.8406363797483989
2020-03-22,548,Missouri,0.8015098481627159
2020-03-23,548,Missouri,0.7635408724309495
2020-03-24,548,Missouri,0.7270286181647938
2020-03-25,548,Missouri,0.692497906328361
2020-03-26,548,Missouri,0.6601666402368171
2020-03-27,548,Missouri,0.6301324673165385
2020-03-28,548,Missouri,0.6025621010661195
2020-03-29,548,Missouri,0.5775544449640836
2020-03-30,548,Missouri,0.5553739720371259
2020-03-31,548,Missouri,0.5358808305790919
2020-04-01,548,Missouri,0.5190017488004965
2020-04-02,548,Missouri,0.5047319528549763
2020-04-03,548,Missouri,0.49301710650714137
2020-04-04,548,Missouri,0.48374054153000245
2020-04-05,548,Missouri,0.4767259423070375
2020-04-06,548,Missouri,0.4718154878691368
2020-04-07,548,Missouri,0.46891442254837085
2020-04-08,548,Missouri,0.4676992471149309
2020-04-09,548,Missouri,0.4678118822685299
2020-04-10,548,Missouri,0.46905402732436696
2020-04-11,548,Missouri,0.4711723055943685
2020-04-12,548,Missouri,0.47386643742816803
2020-04-13,548,Missouri,0.476797538316503
2020-04-14,548,Missouri,0.4795949645815222
2020-04-15,548,Missouri,0.4820153177171974
2020-04-16,548,Missouri,0.4836025215552568
2020-04-17,548,Missouri,0.48422217199624656
2020-04-18,548,Missouri,0.4837582878791444
2020-04-19,548,Missouri,0.48211104999666743
2020-04-20,548,Missouri,0.47920820777831913
2020-04-21,548,Missouri,0.47501577034450077
2020-04-22,548,Missouri,0.46946880629260423
2020-04-23,548,Missouri,0.46284086491450743
2020-04-24,548,Missouri,0.45533265899171854
2020-04-25,548,Missouri,0.4470553630463116
2020-04-26,548,Missouri,0.43818033498022463
2020-04-27,548,Missouri,0.42893664166376383
2020-04-28,548,Missouri,0.41959760763171944
2020-04-29,548,Missouri,0.41045242272885035
2020-04-30,548,Missouri,0.40172643692065263
2020-05-01,548,Missouri,0.3937135125151598
2020-05-02,548,Missouri,0.38653272735372374
2020-05-03,548,Missouri,0.3803100024500961
2020-05-04,548,Missouri,0.3751708125023499
2020-05-05,548,Missouri,0.3712282161647383
2020-05-06,548,Missouri,0.3685769601564409
2020-05-07,548,Missouri,0.3673355360651251
2020-05-08,548,Missouri,0.3673737412426805
2020-05-09,548,Missouri,0.36865773250232087
2020-05-10,548,Missouri,0.371163302928418
2020-05-11,548,Missouri,0.3748118149195838
2020-05-12,548,Missouri,0.3794689193305162
2020-05-13,548,Missouri,0.38494530010368055
2020-05-14,548,Missouri,0.3910250252494715
2020-05-15,548,Missouri,0.39749742842898844
2020-05-16,548,Missouri,0.40409938163198517
2020-05-17,548,Missouri,0.4106870469313578
2020-05-18,548,Missouri,0.4170957869680503
2020-05-19,548,Missouri,0.4231379271577332
2020-05-20,548,Missouri,0.428605925451698
2020-05-21,548,Missouri,0.433283412113864
2020-05-22,548,Missouri,0.436990151826278
2020-05-23,548,Missouri,0.4396049291718299
2020-05-24,548,Missouri,0.44106209741373986
2020-05-25,548,Missouri,0.44133592606157596
2020-05-26,548,Missouri,0.44042652737890403
2020-05-27,548,Missouri,0.4383491195678313
2020-05-28,548,Missouri,0.4351303167822118
2020-05-29,548,Missouri,0.43080783328605793
2020-05-30,548,Missouri,0.42546595693836453
2020-05-31,548,Missouri,0.41919772420933427
2020-06-01,548,Missouri,0.4121250872712149
2020-06-02,548,Missouri,0.4044375815922771
2020-06-03,548,Missouri,0.39639884885042664
2020-06-04,548,Missouri,0.3882939685388118
2020-06-05,548,Missouri,0.38038201720291814
2020-06-06,548,Missouri,0.37295829652061424
2020-06-07,548,Missouri,0.36629659401420633
2020-06-08,548,Missouri,0.36062516924320637
2020-06-09,548,Missouri,0.3561140364258807
2020-06-10,548,Missouri,0.3529258740381285
2020-06-11,548,Missouri,0.3512644311296361
2020-06-12,548,Missouri,0.35111200270045495
2020-06-13,548,Missouri,0.35257845762584783
2020-06-14,548,Missouri,0.35575982294412434
2020-06-15,548,Missouri,0.3607073192432313
2020-06-16,548,Missouri,0.36741553635020807
2020-06-17,548,Missouri,0.3758092700137802
2020-06-18,548,Missouri,0.3857346962003331
2020-06-19,548,Missouri,0.3970584303369562
2020-06-20,548,Missouri,0.4094015323898415
2020-06-21,548,Missouri,0.422539582737945
2020-06-22,548,Missouri,0.4362283738363258
2020-06-23,548,Missouri,0.45018408740603527
2020-06-24,548,Missouri,0.4640898570220517
2020-06-25,548,Missouri,0.47759993351957747
2020-06-26,548,Missouri,0.4903376352516541
2020-06-27,548,Missouri,0.5020979489129503
2020-06-28,548,Missouri,0.51225966265053
2020-06-29,548,Missouri,0.5206183242537216
2020-06-30,548,Missouri,0.5270487761587674
2020-07-01,548,Missouri,0.5314498824623806
2020-07-02,548,Missouri,0.5337519436487862
2020-07-03,548,Missouri,0.5339196222156799
2020-07-04,548,Missouri,0.5319549019660967
2020-07-05,548,Missouri,0.5278274675651914
2020-07-06,548,Missouri,0.5219809937890303
2020-07-07,548,Missouri,0.5145976668139792
2020-07-08,548,Missouri,0.5058469657203142
2020-07-09,548,Missouri,0.4959458207777629
2020-07-10,548,Missouri,0.48515611549716053
2020-07-11,548,Missouri,0.47379690163971
2020-07-12,548,Missouri,0.4622470281260809
2020-07-13,548,Missouri,0.4507375702173848
2020-07-14,548,Missouri,0.4399692465557193
2020-07-15,548,Missouri,0.43014292612731403
2020-07-16,548,Missouri,0.4214137215248201
2020-07-17,548,Missouri,0.4139687331806513
2020-07-18,548,Missouri,0.408014921285947
2020-07-19,548,Missouri,0.40376240193396956
2020-07-20,548,Missouri,0.40141066259439917
2020-07-21,548,Missouri,0.4011789384643891
2020-07-22,548,Missouri,0.4029050422917183
2020-07-23,548,Missouri,0.4066071737575376
2020-07-24,548,Missouri,0.41229108831821815
2020-07-25,548,Missouri,0.41989182823220406
2020-07-26,548,Missouri,0.42924780755368686
2020-07-27,548,Missouri,0.44008313274889893
2020-07-28,548,Missouri,0.45200406182187414
2020-07-29,548,Missouri,0.46458211962180174
2020-07-30,548,Missouri,0.47718882225756404
2020-07-31,548,Missouri,0.48936229088647926
2020-08-01,548,Missouri,0.500634090338309
2020-08-02,548,Missouri,0.5105014402368189
2020-08-03,548,Missouri,0.5184861991929494
2020-08-04,548,Missouri,0.524177364596051
2020-08-05,548,Missouri,0.5273369912057022
2020-08-06,548,Missouri,0.5279245885754694
2020-08-07,548,Missouri,0.5259798676553846
2020-08-08,548,Missouri,0.5216388313489355
2020-08-09,548,Missouri,0.5150979407595863
2020-08-10,548,Missouri,0.506968002186333
2020-08-11,548,Missouri,0.4976614183338028
2020-08-12,548,Missouri,0.4876408981929738
2020-08-13,548,Missouri,0.4774167172600257
2020-08-14,548,Missouri,0.467468584757048
2020-08-15,548,Missouri,0.45828014753357027
2020-08-16,548,Missouri,0.4501644269192584
2020-08-17,548,Missouri,0.4433192571404834
2020-08-18,548,Missouri,0.4379531601293379
2020-08-19,548,Missouri,0.43427532867517565
2020-08-20,548,Missouri,0.43245177243741084
2020-08-21,548,Missouri,0.43253178227891786
2020-08-22,548,Missouri,0.4345447219871177
2020-08-23,548,Missouri,0.4384702596661565
2020-08-24,548,Missouri,0.44422620533240903
2020-08-25,548,Missouri,0.4517758372734624
2020-08-26,548,Missouri,0.46074943668014734
2020-08-27,548,Missouri,0.4708063415601096
2020-08-28,548,Missouri,0.4817442284875936
2020-08-29,548,Missouri,0.49330842340122594
2020-08-30,548,Missouri,0.5051985580352608
2020-08-31,548,Missouri,0.5170539222273591
2020-09-01,548,Missouri,0.5284427601444935
2020-09-02,548,Missouri,0.538851288671131
2020-09-03,548,Missouri,0.5478139129543895
2020-09-04,548,Missouri,0.5550207346176325
2020-09-05,548,Missouri,0.5603934851709019
2020-09-06,548,Missouri,0.5641018236675773
2020-09-07,548,Missouri,0.5665115962079097
2020-09-08,548,Missouri,0.5680670370372729
2020-09-09,548,Missouri,0.5675719336447871
2020-09-10,548,Missouri,0.5671022819764339
2020-09-11,548,Missouri,0.56681865080397
2020-09-12,548,Missouri,0.5672825819811944
2020-09-13,548,Missouri,0.5684321160599071
2020-09-14,548,Missouri,0.5720513944314847
2020-09-15,548,Missouri,0.5757042820205965
2020-09-16,548,Missouri,0.5791330493521337
2020-09-17,548,Missouri,0.5818888099513809
2020-09-18,548,Missouri,0.5844029821605287
2020-09-19,548,Missouri,0.5866226100363823
2020-09-20,548,Missouri,0.5882847182691974
2020-09-21,548,Missouri,0.589226198920571
2020-02-01,549,Montana,0.0
2020-02-02,549,Montana,0.0
2020-02-03,549,Montana,0.0
2020-02-04,549,Montana,0.0
2020-02-05,549,Montana,0.0
2020-02-06,549,Montana,0.0
2020-02-07,549,Montana,0.0
2020-02-08,549,Montana,0.0
2020-02-09,549,Montana,0.0
2020-02-10,549,Montana,0.0
2020-02-11,549,Montana,0.0
2020-02-12,549,Montana,0.0
2020-02-13,549,Montana,0.0
2020-02-14,549,Montana,0.0
2020-02-15,549,Montana,0.0
2020-02-16,549,Montana,0.0
2020-02-17,549,Montana,0.0
2020-02-18,549,Montana,0.0
2020-02-19,549,Montana,2.5243518050453573
2020-02-20,549,Montana,4.102350932816181
2020-02-21,549,Montana,3.577428692248625
2020-02-22,549,Montana,2.905449278786506
2020-02-23,549,Montana,2.4163000702295023
2020-02-24,549,Montana,1.999001945972748
2020-02-25,549,Montana,1.748136863866678
2020-02-26,549,Montana,1.5851769693912172
2020-02-27,549,Montana,1.4670635923174487
2020-02-28,549,Montana,1.3707786936967905
2020-02-29,549,Montana,1.2862329533321373
2020-03-01,549,Montana,1.2082779079813857
2020-03-02,549,Montana,1.1339552367232757
2020-03-03,549,Montana,1.061646062581787
2020-03-04,549,Montana,0.9911359592808302
2020-03-05,549,Montana,0.9227451559195672
2020-03-06,549,Montana,0.8569434240600723
2020-03-07,549,Montana,0.7947294463045377
2020-03-08,549,Montana,0.7365167920441742
2020-03-09,549,Montana,0.6828422713303776
2020-03-10,549,Montana,0.6340602801876137
2020-03-11,549,Montana,0.5902896068471092
2020-03-12,549,Montana,0.5518179252066632
2020-03-13,549,Montana,0.5183207137958754
2020-03-14,549,Montana,0.48967908706204355
2020-03-15,549,Montana,0.46584596105406434
2020-03-16,549,Montana,0.446614145300115
2020-03-17,549,Montana,0.43167564165554795
2020-03-18,549,Montana,0.4208520382359394
2020-03-19,549,Montana,0.41386771415879525
2020-03-20,549,Montana,0.41030720107634916
2020-03-21,549,Montana,0.40970596848378954
2020-03-22,549,Montana,0.41154934374216334
2020-03-23,549,Montana,0.41541251134852675
2020-03-24,549,Montana,0.42033029419081075
2020-03-25,549,Montana,0.4257673729188686
2020-03-26,549,Montana,0.4312699585029198
2020-03-27,549,Montana,0.4363159339243818
2020-03-28,549,Montana,0.44030711637792264
2020-03-29,549,Montana,0.4426417214214895
2020-03-30,549,Montana,0.4427160615004057
2020-03-31,549,Montana,0.43987226086942693
2020-04-01,549,Montana,0.43399315674548766
2020-04-02,549,Montana,0.4249847717502213
2020-04-03,549,Montana,0.4128248180782634
2020-04-04,549,Montana,0.39759440362888243
2020-04-05,549,Montana,0.37950866479669154
2020-04-06,549,Montana,0.3591096777629489
2020-04-07,549,Montana,0.33681462954037694
2020-04-08,549,Montana,0.31312552664158516
2020-04-09,549,Montana,0.28860265061612744
2020-04-10,549,Montana,0.26387574903562133
2020-04-11,549,Montana,0.23940847046554561
2020-04-12,549,Montana,0.2157572926414448
2020-04-13,549,Montana,0.19345210117957584
2020-04-14,549,Montana,0.1728860019702244
2020-04-15,549,Montana,0.15434741418468018
2020-04-16,549,Montana,0.1380452659429116
2020-04-17,549,Montana,0.12403574448584592
2020-04-18,549,Montana,0.11231909651639115
2020-04-19,549,Montana,0.10284044813571108
2020-04-20,549,Montana,0.09549586884631629
2020-04-21,549,Montana,0.09019155536803936
2020-04-22,549,Montana,0.08690368756974233
2020-04-23,549,Montana,0.08561797872733969
2020-04-24,549,Montana,0.08639036845096364
2020-04-25,549,Montana,0.08939362398344022
2020-04-26,549,Montana,0.09486394539924574
2020-04-27,549,Montana,0.1031248357425978
2020-04-28,549,Montana,0.11460703197706121
2020-04-29,549,Montana,0.1298029653511599
2020-04-30,549,Montana,0.1492377575662483
2020-05-01,549,Montana,0.17341100565855577
2020-05-02,549,Montana,0.202702792893523
2020-05-03,549,Montana,0.23711411419060843
2020-05-04,549,Montana,0.2762334286562486
2020-05-05,549,Montana,0.3191950987161276
2020-05-06,549,Montana,0.36442869504763253
2020-05-07,549,Montana,0.4098779197141364
2020-05-08,549,Montana,0.453464080047151
2020-05-09,549,Montana,0.493231968987224
2020-05-10,549,Montana,0.527610441565018
2020-05-11,549,Montana,0.5557085350634413
2020-05-12,549,Montana,0.5772898761223084
2020-05-13,549,Montana,0.5921670776589691
2020-05-14,549,Montana,0.6008932835393218
2020-05-15,549,Montana,0.6040163283372335
2020-05-16,549,Montana,0.6020630980577727
2020-05-17,549,Montana,0.5952838905914261
2020-05-18,549,Montana,0.5841631166852679
2020-05-19,549,Montana,0.5695350526045888
2020-05-20,549,Montana,0.5520280638705607
2020-05-21,549,Montana,0.5322122608581517
2020-05-22,549,Montana,0.5111479506616178
2020-05-23,549,Montana,0.4896999769584173
2020-05-24,549,Montana,0.4686044348531226
2020-05-25,549,Montana,0.4485809140339951
2020-05-26,549,Montana,0.43017982251270803
2020-05-27,549,Montana,0.4140188026905108
2020-05-28,549,Montana,0.4002117473991198
2020-05-29,549,Montana,0.38890868135477485
2020-05-30,549,Montana,0.38030740987358175
2020-05-31,549,Montana,0.37455090627076015
2020-06-01,549,Montana,0.37172199187790306
2020-06-02,549,Montana,0.37180691894476076
2020-06-03,549,Montana,0.37478775156943317
2020-06-04,549,Montana,0.3806121006538653
2020-06-05,549,Montana,0.38911970626925335
2020-06-06,549,Montana,0.40009348462355854
2020-06-07,549,Montana,0.41327624229782967
2020-06-08,549,Montana,0.42837150492979825
2020-06-09,549,Montana,0.4450569291707466
2020-06-10,549,Montana,0.4629747435863108
2020-06-11,549,Montana,0.48183771605835785
2020-06-12,549,Montana,0.5012905610652251
2020-06-13,549,Montana,0.520857894195217
2020-06-14,549,Montana,0.5400729026772396
2020-06-15,549,Montana,0.5584910876378494
2020-06-16,549,Montana,0.575708453101238
2020-06-17,549,Montana,0.5913763141180511
2020-06-18,549,Montana,0.6052014676189635
2020-06-19,549,Montana,0.6169402957712526
2020-06-20,549,Montana,0.626387936068975
2020-06-21,549,Montana,0.6333653688094957
2020-06-22,549,Montana,0.6377555277161489
2020-06-23,549,Montana,0.6393656063008262
2020-06-24,549,Montana,0.6382604356441378
2020-06-25,549,Montana,0.6347021452447995
2020-06-26,549,Montana,0.6288623351388811
2020-06-27,549,Montana,0.6209623139024828
2020-06-28,549,Montana,0.6111909465112101
2020-06-29,549,Montana,0.5999756119788374
2020-06-30,549,Montana,0.58764993799381
2020-07-01,549,Montana,0.5744716241458936
2020-07-02,549,Montana,0.5607426169915998
2020-07-03,549,Montana,0.546728368997845
2020-07-04,549,Montana,0.5326271325296299
2020-07-05,549,Montana,0.518606952066785
2020-07-06,549,Montana,0.5047000284009816
2020-07-07,549,Montana,0.4913040219528704
2020-07-08,549,Montana,0.47838009099200135
2020-07-09,549,Montana,0.46591722874730235
2020-07-10,549,Montana,0.4539314388501017
2020-07-11,549,Montana,0.4424589951761198
2020-07-12,549,Montana,0.4315538940719092
2020-07-13,549,Montana,0.4212201033365367
2020-07-14,549,Montana,0.4115537282572386
2020-07-15,549,Montana,0.4025425283898052
2020-07-16,549,Montana,0.39416177497111876
2020-07-17,549,Montana,0.38641591092846234
2020-07-18,549,Montana,0.379332149738169
2020-07-19,549,Montana,0.3729553483105443
2020-07-20,549,Montana,0.3673422020771653
2020-07-21,549,Montana,0.36251291112134576
2020-07-22,549,Montana,0.3584786717706798
2020-07-23,549,Montana,0.35526053293280013
2020-07-24,549,Montana,0.3528784676834817
2020-07-25,549,Montana,0.35134601142514843
2020-07-26,549,Montana,0.35066937454836744
2020-07-27,549,Montana,0.35085902194584656
2020-07-28,549,Montana,0.3519637384119238
2020-07-29,549,Montana,0.3538184363783687
2020-07-30,549,Montana,0.3564423988638647
2020-07-31,549,Montana,0.3598407014521395
2020-08-01,549,Montana,0.3640028688166096
2020-08-02,549,Montana,0.3689054837756536
2020-08-03,549,Montana,0.37451470227441896
2020-08-04,549,Montana,0.3807854696944925
2020-08-05,549,Montana,0.38766002112151465
2020-08-06,549,Montana,0.39506550356966347
2020-08-07,549,Montana,0.4029118385225449
2020-08-08,549,Montana,0.41118989111246146
2020-08-09,549,Montana,0.4197070643310599
2020-08-10,549,Montana,0.4283087439813228
2020-08-11,549,Montana,0.4369050048472011
2020-08-12,549,Montana,0.4453964614706788
2020-08-13,549,Montana,0.4536823644781694
2020-08-14,549,Montana,0.46166302599430176
2020-08-15,549,Montana,0.4692376834970779
2020-08-16,549,Montana,0.47630548390912986
2020-08-17,549,Montana,0.48276550378257377
2020-08-18,549,Montana,0.48851668155997263
2020-08-19,549,Montana,0.4934881150093442
2020-08-20,549,Montana,0.49767120037137463
2020-08-21,549,Montana,0.5008577788400385
2020-08-22,549,Montana,0.5031122076079946
2020-08-23,549,Montana,0.5044985325466268
2020-08-24,549,Montana,0.5050773953124175
2020-08-25,549,Montana,0.504911123056844
2020-08-26,549,Montana,0.5040651961202428
2020-08-27,549,Montana,0.5026105265406308
2020-08-28,549,Montana,0.5006201115921275
2020-08-29,549,Montana,0.49816124281335394
2020-08-30,549,Montana,0.49528576330637414
2020-08-31,549,Montana,0.4918675149495665
2020-09-01,549,Montana,0.48829246393361325
2020-09-02,549,Montana,0.48474515516280126
2020-09-03,549,Montana,0.4812958273304849
2020-09-04,549,Montana,0.47796788119459827
2020-09-05,549,Montana,0.47487893998377934
2020-09-06,549,Montana,0.47219369268467387
2020-09-07,549,Montana,0.46999822367076016
2020-09-08,549,Montana,0.4683704656621449
2020-09-09,549,Montana,0.4663460041308766
2020-09-10,549,Montana,0.4648899745780194
2020-09-11,549,Montana,0.4635796283745317
2020-09-12,549,Montana,0.46215013597825666
2020-09-13,549,Montana,0.4603700042859303
2020-09-14,549,Montana,0.45894370974572135
2020-09-15,549,Montana,0.45675066810984966
2020-09-16,549,Montana,0.45353155770458803
2020-09-17,549,Montana,0.44930168513229973
2020-09-18,549,Montana,0.4445718418452208
2020-09-19,549,Montana,0.43955853588210003
2020-09-20,549,Montana,0.4342611788718442
2020-09-21,549,Montana,0.42894686278985794
2020-02-01,550,Nebraska,0.0
2020-02-02,550,Nebraska,0.0
2020-02-03,550,Nebraska,0.0
2020-02-04,550,Nebraska,0.0
2020-02-05,550,Nebraska,0.0
2020-02-06,550,Nebraska,0.0
2020-02-07,550,Nebraska,0.0
2020-02-08,550,Nebraska,0.0
2020-02-09,550,Nebraska,0.0
2020-02-10,550,Nebraska,0.0
2020-02-11,550,Nebraska,0.0
2020-02-12,550,Nebraska,0.0
2020-02-13,550,Nebraska,0.0
2020-02-14,550,Nebraska,0.0
2020-02-15,550,Nebraska,0.0
2020-02-16,550,Nebraska,0.0
2020-02-17,550,Nebraska,0.0
2020-02-18,550,Nebraska,0.0
2020-02-19,550,Nebraska,0.0
2020-02-20,550,Nebraska,0.0
2020-02-21,550,Nebraska,0.0
2020-02-22,550,Nebraska,0.0
2020-02-23,550,Nebraska,0.0
2020-02-24,550,Nebraska,0.0
2020-02-25,550,Nebraska,0.0
2020-02-26,550,Nebraska,0.0
2020-02-27,550,Nebraska,0.0
2020-02-28,550,Nebraska,21.53192907432886
2020-02-29,550,Nebraska,7.369909020107528
2020-03-01,550,Nebraska,4.147425607011838
2020-03-02,550,Nebraska,2.884982288627539
2020-03-03,550,Nebraska,2.2084369801090626
2020-03-04,550,Nebraska,1.6621843264363876
2020-03-05,550,Nebraska,1.3631681698893927
2020-03-06,550,Nebraska,1.1870947036574873
2020-03-07,550,Nebraska,1.0747792463826262
2020-03-08,550,Nebraska,0.9977657523548868
2020-03-09,550,Nebraska,0.9410479596064861
2020-03-10,550,Nebraska,0.8965738147977207
2020-03-11,550,Nebraska,0.8594656088900046
2020-03-12,550,Nebraska,0.8271470289291117
2020-03-13,550,Nebraska,0.7980909632374011
2020-03-14,550,Nebraska,0.7713994031316898
2020-03-15,550,Nebraska,0.746678420611662
2020-03-16,550,Nebraska,0.7239396469736765
2020-03-17,550,Nebraska,0.7032342274606238
2020-03-18,550,Nebraska,0.6846161397742444
2020-03-19,550,Nebraska,0.6679288269100858
2020-03-20,550,Nebraska,0.6538010125677777
2020-03-21,550,Nebraska,0.6419191457114752
2020-03-22,550,Nebraska,0.6320783862873621
2020-03-23,550,Nebraska,0.6241261089059025
2020-03-24,550,Nebraska,0.6179048508623411
2020-03-25,550,Nebraska,0.6132103454107811
2020-03-26,550,Nebraska,0.6099649542120666
2020-03-27,550,Nebraska,0.6071074904353279
2020-03-28,550,Nebraska,0.6044170245579688
2020-03-29,550,Nebraska,0.6016319595760709
2020-03-30,550,Nebraska,0.5984329175408772
2020-03-31,550,Nebraska,0.594471643106798
2020-04-01,550,Nebraska,0.5893997408769645
2020-04-02,550,Nebraska,0.5830711054421727
2020-04-03,550,Nebraska,0.5751596787635481
2020-04-04,550,Nebraska,0.5658270198674743
2020-04-05,550,Nebraska,0.5552427058441851
2020-04-06,550,Nebraska,0.5435904128810021
2020-04-07,550,Nebraska,0.531092116093824
2020-04-08,550,Nebraska,0.5180125275201428
2020-04-09,550,Nebraska,0.5044909233837087
2020-04-10,550,Nebraska,0.49137815220627656
2020-04-11,550,Nebraska,0.47885214949293986
2020-04-12,550,Nebraska,0.46707960729318854
2020-04-13,550,Nebraska,0.45627858082590667
2020-04-14,550,Nebraska,0.44669051682101507
2020-04-15,550,Nebraska,0.4385491883122703
2020-04-16,550,Nebraska,0.4320274212135865
2020-04-17,550,Nebraska,0.4270844060264708
2020-04-18,550,Nebraska,0.4236647303567908
2020-04-19,550,Nebraska,0.421679551863285
2020-04-20,550,Nebraska,0.4209901863111213
2020-04-21,550,Nebraska,0.42139405878859376
2020-04-22,550,Nebraska,0.42261722808471547
2020-04-23,550,Nebraska,0.42442205767239266
2020-04-24,550,Nebraska,0.426224958301354
2020-04-25,550,Nebraska,0.4277386708081683
2020-04-26,550,Nebraska,0.42872515811021394
2020-04-27,550,Nebraska,0.42894368813289735
2020-04-28,550,Nebraska,0.4281682275067216
2020-04-29,550,Nebraska,0.4262117509963346
2020-04-30,550,Nebraska,0.422898951191131
2020-05-01,550,Nebraska,0.41847492540706915
2020-05-02,550,Nebraska,0.4130675064395387
2020-05-03,550,Nebraska,0.4068346150267383
2020-05-04,550,Nebraska,0.4000356409009552
2020-05-05,550,Nebraska,0.3930221367031608
2020-05-06,550,Nebraska,0.38620635079642085
2020-05-07,550,Nebraska,0.3799607292754081
2020-05-08,550,Nebraska,0.3747646431915059
2020-05-09,550,Nebraska,0.3708924930825634
2020-05-10,550,Nebraska,0.3685539500629685
2020-05-11,550,Nebraska,0.36795318473252137
2020-05-12,550,Nebraska,0.36927394694266885
2020-05-13,550,Nebraska,0.37265792903609424
2020-05-14,550,Nebraska,0.37824866193616397
2020-05-15,550,Nebraska,0.3857370868569715
2020-05-16,550,Nebraska,0.39488415620618145
2020-05-17,550,Nebraska,0.40541785617193016
2020-05-18,550,Nebraska,0.4169134445337462
2020-05-19,550,Nebraska,0.42881566205161636
2020-05-20,550,Nebraska,0.44045928594020006
2020-05-21,550,Nebraska,0.45125790387486936
2020-05-22,550,Nebraska,0.4603460444688131
2020-05-23,550,Nebraska,0.46720213308822356
2020-05-24,550,Nebraska,0.4715493751666279
2020-05-25,550,Nebraska,0.47317574729887335
2020-05-26,550,Nebraska,0.4719649184971472
2020-05-27,550,Nebraska,0.46792683811081853
2020-05-28,550,Nebraska,0.4611223248731971
2020-05-29,550,Nebraska,0.4521376042613814
2020-05-30,550,Nebraska,0.44140354290565925
2020-05-31,550,Nebraska,0.4291977587346466
2020-06-01,550,Nebraska,0.41580883278265907
2020-06-02,550,Nebraska,0.4015210632468405
2020-06-03,550,Nebraska,0.38661807679299837
2020-06-04,550,Nebraska,0.37128558155925967
2020-06-05,550,Nebraska,0.3559101200010368
2020-06-06,550,Nebraska,0.3407433765556574
2020-06-07,550,Nebraska,0.32593194757636096
2020-06-08,550,Nebraska,0.31171450501173265
2020-06-09,550,Nebraska,0.29840153872400843
2020-06-10,550,Nebraska,0.28633996392466526
2020-06-11,550,Nebraska,0.27590528368662603
2020-06-12,550,Nebraska,0.26724383592873974
2020-06-13,550,Nebraska,0.26048321657414103
2020-06-14,550,Nebraska,0.2558203797945345
2020-06-15,550,Nebraska,0.25343819886320573
2020-06-16,550,Nebraska,0.25350716540617574
2020-06-17,550,Nebraska,0.25616841167241394
2020-06-18,550,Nebraska,0.26156591718892996
2020-06-19,550,Nebraska,0.26972391432129666
2020-06-20,550,Nebraska,0.28063207741890883
2020-06-21,550,Nebraska,0.2943058774228875
2020-06-22,550,Nebraska,0.3106116926405585
2020-06-23,550,Nebraska,0.3292325672132043
2020-06-24,550,Nebraska,0.3496405151373183
2020-06-25,550,Nebraska,0.3711549936905539
2020-06-26,550,Nebraska,0.3929281305044591
2020-06-27,550,Nebraska,0.4140171039600939
2020-06-28,550,Nebraska,0.4336405958478351
2020-06-29,550,Nebraska,0.45106464006388125
2020-06-30,550,Nebraska,0.46565779423982745
2020-07-01,550,Nebraska,0.47693895830981375
2020-07-02,550,Nebraska,0.484581772144215
2020-07-03,550,Nebraska,0.4886342190050961
2020-07-04,550,Nebraska,0.48944153896406584
2020-07-05,550,Nebraska,0.4873622432202796
2020-07-06,550,Nebraska,0.48285538460586114
2020-07-07,550,Nebraska,0.47644347223836353
2020-07-08,550,Nebraska,0.4686733326424143
2020-07-09,550,Nebraska,0.4600267164265773
2020-07-10,550,Nebraska,0.45104229258556994
2020-07-11,550,Nebraska,0.4422339656456984
2020-07-12,550,Nebraska,0.433760393260633
2020-07-13,550,Nebraska,0.42578195166839033
2020-07-14,550,Nebraska,0.4184509251905979
2020-07-15,550,Nebraska,0.4119063062678393
2020-07-16,550,Nebraska,0.4062710459566988
2020-07-17,550,Nebraska,0.40155724090398676
2020-07-18,550,Nebraska,0.3977088666874459
2020-07-19,550,Nebraska,0.39469160235141154
2020-07-20,550,Nebraska,0.3924604181014122
2020-07-21,550,Nebraska,0.3909586126704791
2020-07-22,550,Nebraska,0.3901156057888013
2020-07-23,550,Nebraska,0.38986867024855687
2020-07-24,550,Nebraska,0.39014937804670086
2020-07-25,550,Nebraska,0.39076497884526373
2020-07-26,550,Nebraska,0.39167707195164164
2020-07-27,550,Nebraska,0.3928430599566444
2020-07-28,550,Nebraska,0.3942187304126269
2020-07-29,550,Nebraska,0.39576025558563294
2020-07-30,550,Nebraska,0.3974296070951898
2020-07-31,550,Nebraska,0.3991953014141649
2020-08-01,550,Nebraska,0.4010311788858324
2020-08-02,550,Nebraska,0.4029140669030107
2020-08-03,550,Nebraska,0.4048557071949693
2020-08-04,550,Nebraska,0.40685138464362763
2020-08-05,550,Nebraska,0.40890222845937096
2020-08-06,550,Nebraska,0.41100873437319146
2020-08-07,550,Nebraska,0.41316593280693753
2020-08-08,550,Nebraska,0.4153622080972499
2020-08-09,550,Nebraska,0.4175812805247807
2020-08-10,550,Nebraska,0.4197999404239886
2020-08-11,550,Nebraska,0.42198782192208584
2020-08-12,550,Nebraska,0.42410662693013484
2020-08-13,550,Nebraska,0.4261700007314794
2020-08-14,550,Nebraska,0.4280436351235261
2020-08-15,550,Nebraska,0.42970667044700195
2020-08-16,550,Nebraska,0.4311475585215043
2020-08-17,550,Nebraska,0.4323525948488672
2020-08-18,550,Nebraska,0.43330732246078824
2020-08-19,550,Nebraska,0.43399781522597436
2020-08-20,550,Nebraska,0.4344111166977685
2020-08-21,550,Nebraska,0.43453350796220036
2020-08-22,550,Nebraska,0.43434907110947596
2020-08-23,550,Nebraska,0.43383680658633506
2020-08-24,550,Nebraska,0.4329588200899089
2020-08-25,550,Nebraska,0.4317073524648359
2020-08-26,550,Nebraska,0.43009397056002474
2020-08-27,550,Nebraska,0.42810632670442217
2020-08-28,550,Nebraska,0.42573290602425007
2020-08-29,550,Nebraska,0.422964372060716
2020-08-30,550,Nebraska,0.4197728427060598
2020-08-31,550,Nebraska,0.4161596617006315
2020-09-01,550,Nebraska,0.4121798656917524
2020-09-02,550,Nebraska,0.407912331329653
2020-09-03,550,Nebraska,0.40350515369486945
2020-09-04,550,Nebraska,0.399187529395124
2020-09-05,550,Nebraska,0.395088853338212
2020-09-06,550,Nebraska,0.3914976068953254
2020-09-07,550,Nebraska,0.38840209974870943
2020-09-08,550,Nebraska,0.38665499860764124
2020-09-09,550,Nebraska,0.385671956220411
2020-09-10,550,Nebraska,0.3855406373842518
2020-09-11,550,Nebraska,0.3866438978723902
2020-09-12,550,Nebraska,0.38920244414969063
2020-09-13,550,Nebraska,0.39273515906651835
2020-09-14,550,Nebraska,0.396839865532269
2020-09-15,550,Nebraska,0.40189473023712285
2020-09-16,550,Nebraska,0.40682843852066436
2020-09-17,550,Nebraska,0.4108337977113722
2020-09-18,550,Nebraska,0.4144283436618386
2020-09-19,550,Nebraska,0.4175988894802983
2020-09-20,550,Nebraska,0.4198779197751927
2020-09-21,550,Nebraska,0.42179779920169636
2020-02-01,551,Nevada,0.0
2020-02-02,551,Nevada,0.0
2020-02-03,551,Nevada,0.0
2020-02-04,551,Nevada,0.0
2020-02-05,551,Nevada,0.0
2020-02-06,551,Nevada,0.0
2020-02-07,551,Nevada,0.0
2020-02-08,551,Nevada,0.0
2020-02-09,551,Nevada,0.0
2020-02-10,551,Nevada,0.0
2020-02-11,551,Nevada,0.0
2020-02-12,551,Nevada,0.0
2020-02-13,551,Nevada,0.0
2020-02-14,551,Nevada,7.19167796282374
2020-02-15,551,Nevada,5.515661426691009
2020-02-16,551,Nevada,3.531107756462477
2020-02-17,551,Nevada,2.438152733781503
2020-02-18,551,Nevada,1.8354655911784368
2020-02-19,551,Nevada,1.2916746559252679
2020-02-20,551,Nevada,1.0182703126903867
2020-02-21,551,Nevada,0.8749793814932034
2020-02-22,551,Nevada,0.8006544241188155
2020-02-23,551,Nevada,0.7669288742565014
2020-02-24,551,Nevada,0.7598691830680624
2020-02-25,551,Nevada,0.7714964929090243
2020-02-26,551,Nevada,0.7973694651029177
2020-02-27,551,Nevada,0.8337446122053417
2020-02-28,551,Nevada,0.8786630929026074
2020-02-29,551,Nevada,0.9289042947161881
2020-03-01,551,Nevada,0.9816897256242614
2020-03-02,551,Nevada,1.0334603451283024
2020-03-03,551,Nevada,1.0815895229032393
2020-03-04,551,Nevada,1.1237060585022645
2020-03-05,551,Nevada,1.1571435627077873
2020-03-06,551,Nevada,1.1812537172474085
2020-03-07,551,Nevada,1.193951929683083
2020-03-08,551,Nevada,1.1940674682952983
2020-03-09,551,Nevada,1.1816578386347936
2020-03-10,551,Nevada,1.1581756063073587
2020-03-11,551,Nevada,1.1244851834105012
2020-03-12,551,Nevada,1.0834591232966326
2020-03-13,551,Nevada,1.0369845690858206
2020-03-14,551,Nevada,0.9865094445697778
2020-03-15,551,Nevada,0.9345362459172093
2020-03-16,551,Nevada,0.882426913228335
2020-03-17,551,Nevada,0.8311234276354981
2020-03-18,551,Nevada,0.781672976724114
2020-03-19,551,Nevada,0.7346586203564206
2020-03-20,551,Nevada,0.6904728351049402
2020-03-21,551,Nevada,0.6496690262251956
2020-03-22,551,Nevada,0.6122074953029916
2020-03-23,551,Nevada,0.5781946947823277
2020-03-24,551,Nevada,0.5477215387807212
2020-03-25,551,Nevada,0.5209768047461693
2020-03-26,551,Nevada,0.49774332299475266
2020-03-27,551,Nevada,0.47779678870527803
2020-03-28,551,Nevada,0.46103491474645825
2020-03-29,551,Nevada,0.4473313618638733
2020-03-30,551,Nevada,0.4364942671534386
2020-03-31,551,Nevada,0.4282967363652701
2020-04-01,551,Nevada,0.42252921525980724
2020-04-02,551,Nevada,0.4190522675207898
2020-04-03,551,Nevada,0.4174429405462257
2020-04-04,551,Nevada,0.417335537843079
2020-04-05,551,Nevada,0.41851403174330404
2020-04-06,551,Nevada,0.42071654362360594
2020-04-07,551,Nevada,0.4236360155737544
2020-04-08,551,Nevada,0.4269273879676825
2020-04-09,551,Nevada,0.4302390684196479
2020-04-10,551,Nevada,0.43328044793437803
2020-04-11,551,Nevada,0.43574257830480173
2020-04-12,551,Nevada,0.4374918557251387
2020-04-13,551,Nevada,0.43840370228654457
2020-04-14,551,Nevada,0.4383703900731087
2020-04-15,551,Nevada,0.43731013286159653
2020-04-16,551,Nevada,0.43517815454988085
2020-04-17,551,Nevada,0.43193921559177717
2020-04-18,551,Nevada,0.42781118258151346
2020-04-19,551,Nevada,0.42285558830695547
2020-04-20,551,Nevada,0.417156908523215
2020-04-21,551,Nevada,0.4108288633076147
2020-04-22,551,Nevada,0.4040116477443588
2020-04-23,551,Nevada,0.39687436276357085
2020-04-24,551,Nevada,0.38955533811954907
2020-04-25,551,Nevada,0.3823074975150538
2020-04-26,551,Nevada,0.3752739703323682
2020-04-27,551,Nevada,0.36856609407862523
2020-04-28,551,Nevada,0.3623150946783094
2020-04-29,551,Nevada,0.35665885916622536
2020-04-30,551,Nevada,0.35173568560357643
2020-05-01,551,Nevada,0.3476941574481089
2020-05-02,551,Nevada,0.34457926318047793
2020-05-03,551,Nevada,0.34239911405547524
2020-05-04,551,Nevada,0.3412072134714742
2020-05-05,551,Nevada,0.34102469808777236
2020-05-06,551,Nevada,0.3418297914755376
2020-05-07,551,Nevada,0.3435495242150607
2020-05-08,551,Nevada,0.3460593863498167
2020-05-09,551,Nevada,0.3492312040760353
2020-05-10,551,Nevada,0.3527563284289542
2020-05-11,551,Nevada,0.35648903548589833
2020-05-12,551,Nevada,0.3602567857938876
2020-05-13,551,Nevada,0.36386724188090613
2020-05-14,551,Nevada,0.36711526309576564
2020-05-15,551,Nevada,0.3697927235880819
2020-05-16,551,Nevada,0.3716933666159007
2020-05-17,551,Nevada,0.3728089824098008
2020-05-18,551,Nevada,0.37308947972049505
2020-05-19,551,Nevada,0.372528728546257
2020-05-20,551,Nevada,0.37119877949164726
2020-05-21,551,Nevada,0.36926146918196534
2020-05-22,551,Nevada,0.36695661848361544
2020-05-23,551,Nevada,0.36453328828136605
2020-05-24,551,Nevada,0.36235155891380944
2020-05-25,551,Nevada,0.3606685590117515
2020-05-26,551,Nevada,0.3596596224116836
2020-05-27,551,Nevada,0.359496262753525
2020-05-28,551,Nevada,0.36034763129036684
2020-05-29,551,Nevada,0.36238087494839666
2020-05-30,551,Nevada,0.36576553492496855
2020-05-31,551,Nevada,0.370585431856506
2020-06-01,551,Nevada,0.3768403816326129
2020-06-02,551,Nevada,0.3845511901248911
2020-06-03,551,Nevada,0.3936854088485612
2020-06-04,551,Nevada,0.4041606107020688
2020-06-05,551,Nevada,0.4158517824426299
2020-06-06,551,Nevada,0.42860324515333215
2020-06-07,551,Nevada,0.4422325761570248
2020-06-08,551,Nevada,0.45663298801588514
2020-06-09,551,Nevada,0.47163365775756183
2020-06-10,551,Nevada,0.4870573433327383
2020-06-11,551,Nevada,0.502719569421813
2020-06-12,551,Nevada,0.5184174362032405
2020-06-13,551,Nevada,0.5339192230462262
2020-06-14,551,Nevada,0.5489962948740489
2020-06-15,551,Nevada,0.5632645691565421
2020-06-16,551,Nevada,0.5764315631184511
2020-06-17,551,Nevada,0.5882314053950553
2020-06-18,551,Nevada,0.598397860159523
2020-06-19,551,Nevada,0.6067174251400196
2020-06-20,551,Nevada,0.6129338204482937
2020-06-21,551,Nevada,0.6168920354627042
2020-06-22,551,Nevada,0.6186706120671288
2020-06-23,551,Nevada,0.6183362432125371
2020-06-24,551,Nevada,0.6159554397621212
2020-06-25,551,Nevada,0.6116561480351003
2020-06-26,551,Nevada,0.6056909928282838
2020-06-27,551,Nevada,0.598384004228205
2020-06-28,551,Nevada,0.5900627535445999
2020-06-29,551,Nevada,0.5810625039794663
2020-06-30,551,Nevada,0.5716729167833162
2020-07-01,551,Nevada,0.5623322030173905
2020-07-02,551,Nevada,0.5533280477407625
2020-07-03,551,Nevada,0.544826996990754
2020-07-04,551,Nevada,0.5370081697741562
2020-07-05,551,Nevada,0.5300524644776979
2020-07-06,551,Nevada,0.5240917476461407
2020-07-07,551,Nevada,0.5192513218656514
2020-07-08,551,Nevada,0.5155394306444402
2020-07-09,551,Nevada,0.5129353870348791
2020-07-10,551,Nevada,0.5114080285576131
2020-07-11,551,Nevada,0.5109007271130164
2020-07-12,551,Nevada,0.5113355647100676
2020-07-13,551,Nevada,0.5124465844218028
2020-07-14,551,Nevada,0.5140659646645406
2020-07-15,551,Nevada,0.5160010501279725
2020-07-16,551,Nevada,0.5180273192085741
2020-07-17,551,Nevada,0.519903612996562
2020-07-18,551,Nevada,0.5214208827063747
2020-07-19,551,Nevada,0.5223168832953697
2020-07-20,551,Nevada,0.5224969301439216
2020-07-21,551,Nevada,0.5218599322907916
2020-07-22,551,Nevada,0.5203082376202426
2020-07-23,551,Nevada,0.5177434718628012
2020-07-24,551,Nevada,0.5141444955972768
2020-07-25,551,Nevada,0.5095803636434
2020-07-26,551,Nevada,0.5040961192568311
2020-07-27,551,Nevada,0.4977658115957676
2020-07-28,551,Nevada,0.4906886048181259
2020-07-29,551,Nevada,0.4829849063134264
2020-07-30,551,Nevada,0.4747935193703248
2020-07-31,551,Nevada,0.46612346194186993
2020-08-01,551,Nevada,0.4573710417564795
2020-08-02,551,Nevada,0.4486465286081178
2020-08-03,551,Nevada,0.4399830060854494
2020-08-04,551,Nevada,0.43144220549958534
2020-08-05,551,Nevada,0.4231100257653815
2020-08-06,551,Nevada,0.4150910061045267
2020-08-07,551,Nevada,0.40750626117244576
2020-08-08,551,Nevada,0.4004922982391274
2020-08-09,551,Nevada,0.3942026032522845
2020-08-10,551,Nevada,0.388650580310815
2020-08-11,551,Nevada,0.383858320779193
2020-08-12,551,Nevada,0.37987815147638965
2020-08-13,551,Nevada,0.37675463816259425
2020-08-14,551,Nevada,0.3745226304865834
2020-08-15,551,Nevada,0.37320484304770263
2020-08-16,551,Nevada,0.37280880666945754
2020-08-17,551,Nevada,0.37332269874800217
2020-08-18,551,Nevada,0.37476306700106377
2020-08-19,551,Nevada,0.37704935831491454
2020-08-20,551,Nevada,0.3800335827470878
2020-08-21,551,Nevada,0.3836994875619198
2020-08-22,551,Nevada,0.3879966139966732
2020-08-23,551,Nevada,0.3928346671295168
2020-08-24,551,Nevada,0.39808436697724264
2020-08-25,551,Nevada,0.4035803678387261
2020-08-26,551,Nevada,0.40913059230109333
2020-08-27,551,Nevada,0.4145261319362408
2020-08-28,551,Nevada,0.4196083708679136
2020-08-29,551,Nevada,0.4242358755961564
2020-08-30,551,Nevada,0.4283014644945752
2020-08-31,551,Nevada,0.43171008865219673
2020-09-01,551,Nevada,0.4344014344114054
2020-09-02,551,Nevada,0.43635175147183464
2020-09-03,551,Nevada,0.43757052400523183
2020-09-04,551,Nevada,0.438127487076188
2020-09-05,551,Nevada,0.4381571361788963
2020-09-06,551,Nevada,0.43779055985225723
2020-09-07,551,Nevada,0.43740846549027157
2020-09-08,551,Nevada,0.4370284233991765
2020-09-09,551,Nevada,0.43704377274367157
2020-09-10,551,Nevada,0.43706221674718887
2020-09-11,551,Nevada,0.4374049431502867
2020-09-12,551,Nevada,0.4381134658675737
2020-09-13,551,Nevada,0.43910791591389514
2020-09-14,551,Nevada,0.44038751028491707
2020-09-15,551,Nevada,0.4419205420496999
2020-09-16,551,Nevada,0.4436223215772547
2020-09-17,551,Nevada,0.4453026390688426
2020-09-18,551,Nevada,0.447292003833056
2020-09-19,551,Nevada,0.44952951486472964
2020-09-20,551,Nevada,0.4516586331240605
2020-09-21,551,Nevada,0.4535487168652208
2020-02-01,552,New Hampshire,0.0
2020-02-02,552,New Hampshire,0.0
2020-02-03,552,New Hampshire,0.0
2020-02-04,552,New Hampshire,0.0
2020-02-05,552,New Hampshire,0.0
2020-02-06,552,New Hampshire,0.0
2020-02-07,552,New Hampshire,0.0
2020-02-08,552,New Hampshire,0.0
2020-02-09,552,New Hampshire,0.0
2020-02-10,552,New Hampshire,0.0
2020-02-11,552,New Hampshire,0.36565547011519206
2020-02-12,552,New Hampshire,0.8567941930655498
2020-02-13,552,New Hampshire,1.3204899189790336
2020-02-14,552,New Hampshire,1.4910594069336645
2020-02-15,552,New Hampshire,1.4482731225424081
2020-02-16,552,New Hampshire,1.1868582623173127
2020-02-17,552,New Hampshire,1.0106533638297392
2020-02-18,552,New Hampshire,0.8990264617665844
2020-02-19,552,New Hampshire,0.829113169613165
2020-02-20,552,New Hampshire,0.7853019968270274
2020-02-21,552,New Hampshire,0.7586650145792625
2020-02-22,552,New Hampshire,0.7431072407993109
2020-02-23,552,New Hampshire,0.7350936229453394
2020-02-24,552,New Hampshire,0.732432508120989
2020-02-25,552,New Hampshire,0.7337021306286489
2020-02-26,552,New Hampshire,0.7381671893282785
2020-02-27,552,New Hampshire,0.7454301192869986
2020-02-28,552,New Hampshire,0.7550763748208642
2020-02-29,552,New Hampshire,0.7668666179049287
2020-03-01,552,New Hampshire,0.7809476026685584
2020-03-02,552,New Hampshire,0.7969161596204656
2020-03-03,552,New Hampshire,0.814702029112981
2020-03-04,552,New Hampshire,0.8339268015045964
2020-03-05,552,New Hampshire,0.854344435166532
2020-03-06,552,New Hampshire,0.8760657585107585
2020-03-07,552,New Hampshire,0.8978918291383113
2020-03-08,552,New Hampshire,0.9188417169316597
2020-03-09,552,New Hampshire,0.9372717918709157
2020-03-10,552,New Hampshire,0.9519133875359478
2020-03-11,552,New Hampshire,0.9614417447820512
2020-03-12,552,New Hampshire,0.9649288391294192
2020-03-13,552,New Hampshire,0.961868800422543
2020-03-14,552,New Hampshire,0.9520021026981659
2020-03-15,552,New Hampshire,0.9344001441201584
2020-03-16,552,New Hampshire,0.9094392270636463
2020-03-17,552,New Hampshire,0.8786344180462188
2020-03-18,552,New Hampshire,0.8428080839269076
2020-03-19,552,New Hampshire,0.8027142174272568
2020-03-20,552,New Hampshire,0.7601899291829625
2020-03-21,552,New Hampshire,0.71696013848377
2020-03-22,552,New Hampshire,0.6741639747565655
2020-03-23,552,New Hampshire,0.6332025965120277
2020-03-24,552,New Hampshire,0.5950434161903039
2020-03-25,552,New Hampshire,0.5603898040625834
2020-03-26,552,New Hampshire,0.5298154543568443
2020-03-27,552,New Hampshire,0.5039089003039873
2020-03-28,552,New Hampshire,0.48270148268276086
2020-03-29,552,New Hampshire,0.4662299274000776
2020-03-30,552,New Hampshire,0.454577755493903
2020-03-31,552,New Hampshire,0.44770902361468196
2020-04-01,552,New Hampshire,0.4453904353825865
2020-04-02,552,New Hampshire,0.4473768164912312
2020-04-03,552,New Hampshire,0.45342764039329553
2020-04-04,552,New Hampshire,0.4629384458736939
2020-04-05,552,New Hampshire,0.47536687649410486
2020-04-06,552,New Hampshire,0.4900525251506976
2020-04-07,552,New Hampshire,0.5061767817737413
2020-04-08,552,New Hampshire,0.5227956681140201
2020-04-09,552,New Hampshire,0.5389855499653312
2020-04-10,552,New Hampshire,0.5533778520696905
2020-04-11,552,New Hampshire,0.5654036971427779
2020-04-12,552,New Hampshire,0.5745054479863946
2020-04-13,552,New Hampshire,0.5801791018946442
2020-04-14,552,New Hampshire,0.5820925500062148
2020-04-15,552,New Hampshire,0.5801524618825541
2020-04-16,552,New Hampshire,0.5746479182220707
2020-04-17,552,New Hampshire,0.5661184969281081
2020-04-18,552,New Hampshire,0.5551159974725537
2020-04-19,552,New Hampshire,0.5421919388635046
2020-04-20,552,New Hampshire,0.5278106739552282
2020-04-21,552,New Hampshire,0.5127895931949777
2020-04-22,552,New Hampshire,0.49755665767320073
2020-04-23,552,New Hampshire,0.4824447574833483
2020-04-24,552,New Hampshire,0.4678119655717972
2020-04-25,552,New Hampshire,0.45402519543576164
2020-04-26,552,New Hampshire,0.44133830388969114
2020-04-27,552,New Hampshire,0.43003374930371996
2020-04-28,552,New Hampshire,0.4201289733983295
2020-04-29,552,New Hampshire,0.4116435623167119
2020-04-30,552,New Hampshire,0.40460614753674357
2020-05-01,552,New Hampshire,0.39905532096325697
2020-05-02,552,New Hampshire,0.39495743520070703
2020-05-03,552,New Hampshire,0.392225868929336
2020-05-04,552,New Hampshire,0.39080246431378785
2020-05-05,552,New Hampshire,0.39058756221360214
2020-05-06,552,New Hampshire,0.3914280909983347
2020-05-07,552,New Hampshire,0.3931912529043034
2020-05-08,552,New Hampshire,0.395504401365129
2020-05-09,552,New Hampshire,0.39808664889131307
2020-05-10,552,New Hampshire,0.4007707433321282
2020-05-11,552,New Hampshire,0.40336988948886215
2020-05-12,552,New Hampshire,0.40568723303024656
2020-05-13,552,New Hampshire,0.4075233365786246
2020-05-14,552,New Hampshire,0.4086839699348821
2020-05-15,552,New Hampshire,0.40899106561716647
2020-05-16,552,New Hampshire,0.40847127019942014
2020-05-17,552,New Hampshire,0.40712356623761514
2020-05-18,552,New Hampshire,0.4049697687477429
2020-05-19,552,New Hampshire,0.40207389865249227
2020-05-20,552,New Hampshire,0.3985336091052582
2020-05-21,552,New Hampshire,0.39446883662897153
2020-05-22,552,New Hampshire,0.3900087297281545
2020-05-23,552,New Hampshire,0.38523663191457747
2020-05-24,552,New Hampshire,0.38031025686108405
2020-05-25,552,New Hampshire,0.3752611086453547
2020-05-26,552,New Hampshire,0.3701167222786937
2020-05-27,552,New Hampshire,0.3649054412704062
2020-05-28,552,New Hampshire,0.3596570456260887
2020-05-29,552,New Hampshire,0.35440372048930346
2020-05-30,552,New Hampshire,0.3491781181602203
2020-05-31,552,New Hampshire,0.343998357597756
2020-06-01,552,New Hampshire,0.33890935941857814
2020-06-02,552,New Hampshire,0.33393068171052537
2020-06-03,552,New Hampshire,0.3290895432153278
2020-06-04,552,New Hampshire,0.324418248771614
2020-06-05,552,New Hampshire,0.31995139675830797
2020-06-06,552,New Hampshire,0.31572275204267686
2020-06-07,552,New Hampshire,0.3117632745151036
2020-06-08,552,New Hampshire,0.3081009920690541
2020-06-09,552,New Hampshire,0.30477413457658986
2020-06-10,552,New Hampshire,0.3017845117582668
2020-06-11,552,New Hampshire,0.2991181084571895
2020-06-12,552,New Hampshire,0.29680873463730095
2020-06-13,552,New Hampshire,0.2948869066949194
2020-06-14,552,New Hampshire,0.2933786655773237
2020-06-15,552,New Hampshire,0.29230230741507884
2020-06-16,552,New Hampshire,0.2916652654145846
2020-06-17,552,New Hampshire,0.29146152675377546
2020-06-18,552,New Hampshire,0.29170072865894575
2020-06-19,552,New Hampshire,0.29233961380867296
2020-06-20,552,New Hampshire,0.29336769531133866
2020-06-21,552,New Hampshire,0.2947850181933342
2020-06-22,552,New Hampshire,0.29658215667854754
2020-06-23,552,New Hampshire,0.2987389877956797
2020-06-24,552,New Hampshire,0.30122212304026547
2020-06-25,552,New Hampshire,0.3039822454545674
2020-06-26,552,New Hampshire,0.3069532443942764
2020-06-27,552,New Hampshire,0.31007970035449
2020-06-28,552,New Hampshire,0.3132678076024378
2020-06-29,552,New Hampshire,0.31645406724278086
2020-06-30,552,New Hampshire,0.3195699263193553
2020-07-01,552,New Hampshire,0.3225429994426337
2020-07-02,552,New Hampshire,0.3252996554462459
2020-07-03,552,New Hampshire,0.3277673605924912
2020-07-04,552,New Hampshire,0.32987720401623777
2020-07-05,552,New Hampshire,0.3315575367810092
2020-07-06,552,New Hampshire,0.33278205456608134
2020-07-07,552,New Hampshire,0.3335406972086637
2020-07-08,552,New Hampshire,0.3338059502530053
2020-07-09,552,New Hampshire,0.3335687983967407
2020-07-10,552,New Hampshire,0.33284056400182066
2020-07-11,552,New Hampshire,0.3316552888625956
2020-07-12,552,New Hampshire,0.3300704403178646
2020-07-13,552,New Hampshire,0.32812839525531534
2020-07-14,552,New Hampshire,0.32595792420258807
2020-07-15,552,New Hampshire,0.3236096931070734
2020-07-16,552,New Hampshire,0.321132375750002
2020-07-17,552,New Hampshire,0.31857984190638616
2020-07-18,552,New Hampshire,0.3160087692647965
2020-07-19,552,New Hampshire,0.3134766173905871
2020-07-20,552,New Hampshire,0.31103952794969636
2020-07-21,552,New Hampshire,0.3087208639887361
2020-07-22,552,New Hampshire,0.30653212134509594
2020-07-23,552,New Hampshire,0.30448765247672516
2020-07-24,552,New Hampshire,0.3025971217869389
2020-07-25,552,New Hampshire,0.300865996362609
2020-07-26,552,New Hampshire,0.29929721979670604
2020-07-27,552,New Hampshire,0.2978919867430286
2020-07-28,552,New Hampshire,0.2966890965115646
2020-07-29,552,New Hampshire,0.29563046598619447
2020-07-30,552,New Hampshire,0.2947216223755575
2020-07-31,552,New Hampshire,0.29397800677217745
2020-08-01,552,New Hampshire,0.29341392034293134
2020-08-02,552,New Hampshire,0.2930417308585137
2020-08-03,552,New Hampshire,0.29287127453444645
2020-08-04,552,New Hampshire,0.292909804346723
2020-08-05,552,New Hampshire,0.2931613670695915
2020-08-06,552,New Hampshire,0.29362647387844454
2020-08-07,552,New Hampshire,0.294301465526221
2020-08-08,552,New Hampshire,0.2951752439700168
2020-08-09,552,New Hampshire,0.2962277525192901
2020-08-10,552,New Hampshire,0.29745371106564206
2020-08-11,552,New Hampshire,0.29881366842088714
2020-08-12,552,New Hampshire,0.30026345615333994
2020-08-13,552,New Hampshire,0.30178242221092183
2020-08-14,552,New Hampshire,0.3033469830140991
2020-08-15,552,New Hampshire,0.30493190090952804
2020-08-16,552,New Hampshire,0.30651151776768165
2020-08-17,552,New Hampshire,0.3080587949137962
2020-08-18,552,New Hampshire,0.3095444309111647
2020-08-19,552,New Hampshire,0.3109379602933453
2020-08-20,552,New Hampshire,0.3122096220252338
2020-08-21,552,New Hampshire,0.3133325789527294
2020-08-22,552,New Hampshire,0.3142891231413114
2020-08-23,552,New Hampshire,0.3150468146040407
2020-08-24,552,New Hampshire,0.31559999317749504
2020-08-25,552,New Hampshire,0.316156974173148
2020-08-26,552,New Hampshire,0.3167411244604825
2020-08-27,552,New Hampshire,0.31739236780460295
2020-08-28,552,New Hampshire,0.31815950374232965
2020-08-29,552,New Hampshire,0.3190960531730999
2020-08-30,552,New Hampshire,0.32025864476125365
2020-08-31,552,New Hampshire,0.3217127542460122
2020-09-01,552,New Hampshire,0.3235083064022449
2020-09-02,552,New Hampshire,0.3256586053264312
2020-09-03,552,New Hampshire,0.328186954922111
2020-09-04,552,New Hampshire,0.3310698795129272
2020-09-05,552,New Hampshire,0.334179847107106
2020-09-06,552,New Hampshire,0.3374175347144092
2020-09-07,552,New Hampshire,0.34045430719818953
2020-09-08,552,New Hampshire,0.3431816038359793
2020-09-09,552,New Hampshire,0.34549763987483856
2020-09-10,552,New Hampshire,0.34732126298386384
2020-09-11,552,New Hampshire,0.3486053122183494
2020-09-12,552,New Hampshire,0.34929067007408426
2020-09-13,552,New Hampshire,0.34928314087605594
2020-09-14,552,New Hampshire,0.34847356746900227
2020-09-15,552,New Hampshire,0.34672845098060323
2020-09-16,552,New Hampshire,0.3439636111974404
2020-09-17,552,New Hampshire,0.3402866012760879
2020-09-18,552,New Hampshire,0.33619053421245904
2020-09-19,552,New Hampshire,0.33187741565496276
2020-09-20,552,New Hampshire,0.3273805261817635
2020-09-21,552,New Hampshire,0.32301049760707334
2020-02-01,553,New Jersey,0.0
2020-02-02,553,New Jersey,0.0
2020-02-03,553,New Jersey,0.0
2020-02-04,553,New Jersey,0.0
2020-02-05,553,New Jersey,0.0
2020-02-06,553,New Jersey,0.0
2020-02-07,553,New Jersey,0.0
2020-02-08,553,New Jersey,0.0
2020-02-09,553,New Jersey,0.0
2020-02-10,553,New Jersey,0.0
2020-02-11,553,New Jersey,0.0
2020-02-12,553,New Jersey,0.0
2020-02-13,553,New Jersey,0.0
2020-02-14,553,New Jersey,21.086491667969415
2020-02-15,553,New Jersey,7.362617058148251
2020-02-16,553,New Jersey,4.135622818115838
2020-02-17,553,New Jersey,2.7131462679827676
2020-02-18,553,New Jersey,2.0146025456164742
2020-02-19,553,New Jersey,1.3929437849741875
2020-02-20,553,New Jersey,1.0874301606536667
2020-02-21,553,New Jersey,0.9313859219634744
2020-02-22,553,New Jersey,0.8548824130550116
2020-02-23,553,New Jersey,0.8256626222006863
2020-02-24,553,New Jersey,0.8286828601668985
2020-02-25,553,New Jersey,0.8555883267964046
2020-02-26,553,New Jersey,0.901643860810055
2020-02-27,553,New Jersey,0.9651892263878987
2020-02-28,553,New Jersey,1.0420593152175741
2020-02-29,553,New Jersey,1.1294650920495208
2020-03-01,553,New Jersey,1.223672887174322
2020-03-02,553,New Jersey,1.319744222243843
2020-03-03,553,New Jersey,1.4116820799401204
2020-03-04,553,New Jersey,1.4951924997956467
2020-03-05,553,New Jersey,1.5654977101224834
2020-03-06,553,New Jersey,1.6185842678069404
2020-03-07,553,New Jersey,1.6533918929672835
2020-03-08,553,New Jersey,1.6682712200521368
2020-03-09,553,New Jersey,1.663107795726106
2020-03-10,553,New Jersey,1.6402989355764956
2020-03-11,553,New Jersey,1.6018194962544452
2020-03-12,553,New Jersey,1.550795034152339
2020-03-13,553,New Jersey,1.4910975814893435
2020-03-14,553,New Jersey,1.425857709788313
2020-03-15,553,New Jersey,1.3580406680447743
2020-03-16,553,New Jersey,1.289849067584242
2020-03-17,553,New Jersey,1.2234213778713585
2020-03-18,553,New Jersey,1.1595040803056902
2020-03-19,553,New Jersey,1.099013920471285
2020-03-20,553,New Jersey,1.042598974557236
2020-03-21,553,New Jersey,0.9902311705391303
2020-03-22,553,New Jersey,0.9420579190463667
2020-03-23,553,New Jersey,0.8980464756196934
2020-03-24,553,New Jersey,0.8580310686242821
2020-03-25,553,New Jersey,0.8218925705701879
2020-03-26,553,New Jersey,0.7895695692264957
2020-03-27,553,New Jersey,0.7606570544499996
2020-03-28,553,New Jersey,0.7349173450546412
2020-03-29,553,New Jersey,0.7121408848158175
2020-03-30,553,New Jersey,0.6922759397429255
2020-03-31,553,New Jersey,0.675080725769227
2020-04-01,553,New Jersey,0.660239853124782
2020-04-02,553,New Jersey,0.6475354904758411
2020-04-03,553,New Jersey,0.6368057471399934
2020-04-04,553,New Jersey,0.6279131673603805
2020-04-05,553,New Jersey,0.6205755863829827
2020-04-06,553,New Jersey,0.614534479030705
2020-04-07,553,New Jersey,0.6095720849069742
2020-04-08,553,New Jersey,0.6054654185371832
2020-04-09,553,New Jersey,0.6019917875651019
2020-04-10,553,New Jersey,0.5989769157802068
2020-04-11,553,New Jersey,0.5961555835829754
2020-04-12,553,New Jersey,0.5933416132585735
2020-04-13,553,New Jersey,0.590417684376866
2020-04-14,553,New Jersey,0.5872666659161945
2020-04-15,553,New Jersey,0.5837756783291541
2020-04-16,553,New Jersey,0.5798407376070236
2020-04-17,553,New Jersey,0.5753831214445906
2020-04-18,553,New Jersey,0.5703547710682586
2020-04-19,553,New Jersey,0.5646435622759367
2020-04-20,553,New Jersey,0.5585257800446486
2020-04-21,553,New Jersey,0.5520236849627644
2020-04-22,553,New Jersey,0.5451519753548206
2020-04-23,553,New Jersey,0.5379544396141983
2020-04-24,553,New Jersey,0.5305095160255606
2020-04-25,553,New Jersey,0.5229284803537511
2020-04-26,553,New Jersey,0.5153600827210827
2020-04-27,553,New Jersey,0.5079969868759036
2020-04-28,553,New Jersey,0.501075169760485
2020-04-29,553,New Jersey,0.49495396692163346
2020-04-30,553,New Jersey,0.4897395543296487
2020-05-01,553,New Jersey,0.4855456337879489
2020-05-02,553,New Jersey,0.4826252594902344
2020-05-03,553,New Jersey,0.4812144503801544
2020-05-04,553,New Jersey,0.48152339118165094
2020-05-05,553,New Jersey,0.4837256957833886
2020-05-06,553,New Jersey,0.4879359863804597
2020-05-07,553,New Jersey,0.49418087104653025
2020-05-08,553,New Jersey,0.5023543188638495
2020-05-09,553,New Jersey,0.5122085225478776
2020-05-10,553,New Jersey,0.5234358928939445
2020-05-11,553,New Jersey,0.5353830363051978
2020-05-12,553,New Jersey,0.547637466437583
2020-05-13,553,New Jersey,0.5597108988346391
2020-05-14,553,New Jersey,0.5710551796587582
2020-05-15,553,New Jersey,0.5810850342803416
2020-05-16,553,New Jersey,0.5892145853736316
2020-05-17,553,New Jersey,0.5949001097263676
2020-05-18,553,New Jersey,0.5978758605807292
2020-05-19,553,New Jersey,0.598024233687803
2020-05-20,553,New Jersey,0.5953709641598265
2020-05-21,553,New Jersey,0.5901634175663014
2020-05-22,553,New Jersey,0.5828619151516788
2020-05-23,553,New Jersey,0.5741046645144109
2020-05-24,553,New Jersey,0.5644336833543678
2020-05-25,553,New Jersey,0.5544448986153337
2020-05-26,553,New Jersey,0.5446910653028711
2020-05-27,553,New Jersey,0.535621225899304
2020-05-28,553,New Jersey,0.5275337369866814
2020-05-29,553,New Jersey,0.5206942756956117
2020-05-30,553,New Jersey,0.515390890086376
2020-05-31,553,New Jersey,0.5117040118299802
2020-06-01,553,New Jersey,0.5097362968507893
2020-06-02,553,New Jersey,0.5096297197113362
2020-06-03,553,New Jersey,0.5114588709591421
2020-06-04,553,New Jersey,0.515222111999908
2020-06-05,553,New Jersey,0.5208202202939922
2020-06-06,553,New Jersey,0.5280719781583033
2020-06-07,553,New Jersey,0.5367318374694197
2020-06-08,553,New Jersey,0.5464158889883051
2020-06-09,553,New Jersey,0.5569249360180887
2020-06-10,553,New Jersey,0.5680020880135832
2020-06-11,553,New Jersey,0.579320998097196
2020-06-12,553,New Jersey,0.5904729063178098
2020-06-13,553,New Jersey,0.6009614015383553
2020-06-14,553,New Jersey,0.6103062330472508
2020-06-15,553,New Jersey,0.6180020706802092
2020-06-16,553,New Jersey,0.623657268164462
2020-06-17,553,New Jersey,0.6269397822641708
2020-06-18,553,New Jersey,0.6275877932847159
2020-06-19,553,New Jersey,0.6254573137840909
2020-06-20,553,New Jersey,0.6205589743052983
2020-06-21,553,New Jersey,0.6130314024631093
2020-06-22,553,New Jersey,0.6032632930635141
2020-06-23,553,New Jersey,0.5915783976060532
2020-06-24,553,New Jersey,0.5783038319243606
2020-06-25,553,New Jersey,0.5638222430139668
2020-06-26,553,New Jersey,0.5484913127505303
2020-06-27,553,New Jersey,0.5327009741381535
2020-06-28,553,New Jersey,0.516717428728916
2020-06-29,553,New Jersey,0.5008647251554439
2020-06-30,553,New Jersey,0.48550010534501925
2020-07-01,553,New Jersey,0.4709423477852624
2020-07-02,553,New Jersey,0.4574600894859278
2020-07-03,553,New Jersey,0.44529521202167494
2020-07-04,553,New Jersey,0.4346466920028385
2020-07-05,553,New Jersey,0.4256963581384747
2020-07-06,553,New Jersey,0.418389157363415
2020-07-07,553,New Jersey,0.41279722019925175
2020-07-08,553,New Jersey,0.4089478432635756
2020-07-09,553,New Jersey,0.40680915838595605
2020-07-10,553,New Jersey,0.40629558661358456
2020-07-11,553,New Jersey,0.40730154309256084
2020-07-12,553,New Jersey,0.409667395446351
2020-07-13,553,New Jersey,0.4133050812242604
2020-07-14,553,New Jersey,0.4180550233433896
2020-07-15,553,New Jersey,0.4236779229727515
2020-07-16,553,New Jersey,0.42986029934933956
2020-07-17,553,New Jersey,0.43629409692247273
2020-07-18,553,New Jersey,0.44268538197073265
2020-07-19,553,New Jersey,0.4487453237844357
2020-07-20,553,New Jersey,0.45420331692656235
2020-07-21,553,New Jersey,0.45882559469386025
2020-07-22,553,New Jersey,0.4624141308675535
2020-07-23,553,New Jersey,0.4649291429702686
2020-07-24,553,New Jersey,0.4663211945934193
2020-07-25,553,New Jersey,0.46660716302293825
2020-07-26,553,New Jersey,0.46591070318623895
2020-07-27,553,New Jersey,0.46444617784902137
2020-07-28,553,New Jersey,0.46258662191615335
2020-07-29,553,New Jersey,0.4606890220460967
2020-07-30,553,New Jersey,0.459125160692143
2020-07-31,553,New Jersey,0.4583355585147708
2020-08-01,553,New Jersey,0.4587903314384508
2020-08-02,553,New Jersey,0.46092346477183216
2020-08-03,553,New Jersey,0.46511890433534764
2020-08-04,553,New Jersey,0.4717139347715412
2020-08-05,553,New Jersey,0.4810345229876064
2020-08-06,553,New Jersey,0.49340679300964346
2020-08-07,553,New Jersey,0.5091208310650266
2020-08-08,553,New Jersey,0.5283845892339931
2020-08-09,553,New Jersey,0.5513471711715805
2020-08-10,553,New Jersey,0.5780145676374966
2020-08-11,553,New Jersey,0.6081710098505055
2020-08-12,553,New Jersey,0.6413130500448708
2020-08-13,553,New Jersey,0.6766227238593264
2020-08-14,553,New Jersey,0.7129860103007385
2020-08-15,553,New Jersey,0.749047395853143
2020-08-16,553,New Jersey,0.7834245479191198
2020-08-17,553,New Jersey,0.8147792788047574
2020-08-18,553,New Jersey,0.8419171063535111
2020-08-19,553,New Jersey,0.8635071577804538
2020-08-20,553,New Jersey,0.8789257418907058
2020-08-21,553,New Jersey,0.8878379056747329
2020-08-22,553,New Jersey,0.8900960209178829
2020-08-23,553,New Jersey,0.8859843256649768
2020-08-24,553,New Jersey,0.876300343431354
2020-08-25,553,New Jersey,0.8621752382642759
2020-08-26,553,New Jersey,0.8448532872220251
2020-08-27,553,New Jersey,0.8255548776494842
2020-08-28,553,New Jersey,0.8055791313525895
2020-08-29,553,New Jersey,0.7858207928984859
2020-08-30,553,New Jersey,0.7669534436422679
2020-08-31,553,New Jersey,0.7496481973711719
2020-09-01,553,New Jersey,0.7346243189421996
2020-09-02,553,New Jersey,0.7223855938040796
2020-09-03,553,New Jersey,0.7132033456283864
2020-09-04,553,New Jersey,0.7071930643007943
2020-09-05,553,New Jersey,0.7041252332890253
2020-09-06,553,New Jersey,0.7033964729235833
2020-09-07,553,New Jersey,0.7043815170616636
2020-09-08,553,New Jersey,0.7064340630675728
2020-09-09,553,New Jersey,0.707954017329338
2020-09-10,553,New Jersey,0.7097753555472196
2020-09-11,553,New Jersey,0.7114972185730521
2020-09-12,553,New Jersey,0.7139296241941482
2020-09-13,553,New Jersey,0.7167021109810414
2020-09-14,553,New Jersey,0.721058913551127
2020-09-15,553,New Jersey,0.7258870616542252
2020-09-16,553,New Jersey,0.7304969543426808
2020-09-17,553,New Jersey,0.7346486585705749
2020-09-18,553,New Jersey,0.7388321804317977
2020-09-19,553,New Jersey,0.7428817636283702
2020-09-20,553,New Jersey,0.7463724367964074
2020-09-21,553,New Jersey,0.7491528736983487
2020-02-01,554,New Mexico,0.0
2020-02-02,554,New Mexico,0.0
2020-02-03,554,New Mexico,0.0
2020-02-04,554,New Mexico,0.0
2020-02-05,554,New Mexico,0.0
2020-02-06,554,New Mexico,0.0
2020-02-07,554,New Mexico,0.0
2020-02-08,554,New Mexico,0.0
2020-02-09,554,New Mexico,0.0
2020-02-10,554,New Mexico,0.0
2020-02-11,554,New Mexico,0.0
2020-02-12,554,New Mexico,0.0
2020-02-13,554,New Mexico,0.0
2020-02-14,554,New Mexico,0.0
2020-02-15,554,New Mexico,0.0
2020-02-16,554,New Mexico,0.0
2020-02-17,554,New Mexico,0.0
2020-02-18,554,New Mexico,0.0
2020-02-19,554,New Mexico,4.668596008520237
2020-02-20,554,New Mexico,5.033971125460375
2020-02-21,554,New Mexico,3.544250530355909
2020-02-22,554,New Mexico,2.589038814482051
2020-02-23,554,New Mexico,2.02653197895424
2020-02-24,554,New Mexico,1.5471583748885955
2020-02-25,554,New Mexico,1.2908809440629747
2020-02-26,554,New Mexico,1.1472215209717562
2020-02-27,554,New Mexico,1.0640300141187238
2020-02-28,554,New Mexico,1.0148543831564463
2020-02-29,554,New Mexico,0.9857743378074986
2020-03-01,554,New Mexico,0.9691331719922438
2020-03-02,554,New Mexico,0.9606075659896786
2020-03-03,554,New Mexico,0.9568045045211729
2020-03-04,554,New Mexico,0.9561104344109899
2020-03-05,554,New Mexico,0.9568174747532238
2020-03-06,554,New Mexico,0.9581334491607513
2020-03-07,554,New Mexico,0.9599421236105019
2020-03-08,554,New Mexico,0.9610125183358014
2020-03-09,554,New Mexico,0.9609062531102192
2020-03-10,554,New Mexico,0.959745306099187
2020-03-11,554,New Mexico,0.957092363865489
2020-03-12,554,New Mexico,0.952491485908596
2020-03-13,554,New Mexico,0.9456813390708613
2020-03-14,554,New Mexico,0.9367213085861618
2020-03-15,554,New Mexico,0.9256520040196674
2020-03-16,554,New Mexico,0.9124512561625576
2020-03-17,554,New Mexico,0.8973441765486981
2020-03-18,554,New Mexico,0.8803607047628251
2020-03-19,554,New Mexico,0.861881729420267
2020-03-20,554,New Mexico,0.8422152256609884
2020-03-21,554,New Mexico,0.821589537392274
2020-03-22,554,New Mexico,0.8004113577344029
2020-03-23,554,New Mexico,0.7790518911364995
2020-03-24,554,New Mexico,0.7577956013296565
2020-03-25,554,New Mexico,0.736613773544091
2020-03-26,554,New Mexico,0.7158768061936354
2020-03-27,554,New Mexico,0.695821523302381
2020-03-28,554,New Mexico,0.6765693373078816
2020-03-29,554,New Mexico,0.6581884408054972
2020-03-30,554,New Mexico,0.6407121990942947
2020-03-31,554,New Mexico,0.6244127104762601
2020-04-01,554,New Mexico,0.6092718186757602
2020-04-02,554,New Mexico,0.5952992255780404
2020-04-03,554,New Mexico,0.5825244396350502
2020-04-04,554,New Mexico,0.5709613020337307
2020-04-05,554,New Mexico,0.5606069139606795
2020-04-06,554,New Mexico,0.5515115267665135
2020-04-07,554,New Mexico,0.5435457203005821
2020-04-08,554,New Mexico,0.5366129062097081
2020-04-09,554,New Mexico,0.5306312258104839
2020-04-10,554,New Mexico,0.5255152513404782
2020-04-11,554,New Mexico,0.5211628956374796
2020-04-12,554,New Mexico,0.5176049702231549
2020-04-13,554,New Mexico,0.514263522049901
2020-04-14,554,New Mexico,0.5110540840227016
2020-04-15,554,New Mexico,0.5078637137841113
2020-04-16,554,New Mexico,0.5045535305803437
2020-04-17,554,New Mexico,0.5009690327562865
2020-04-18,554,New Mexico,0.4969509747586224
2020-04-19,554,New Mexico,0.4923453217061667
2020-04-20,554,New Mexico,0.48699467350066483
2020-04-21,554,New Mexico,0.4807756141451759
2020-04-22,554,New Mexico,0.47392367524111945
2020-04-23,554,New Mexico,0.4664182156491983
2020-04-24,554,New Mexico,0.4582819005956125
2020-04-25,554,New Mexico,0.44958826387553075
2020-04-26,554,New Mexico,0.4404677325601544
2020-04-27,554,New Mexico,0.43110299090509874
2020-04-28,554,New Mexico,0.42172042411880645
2020-04-29,554,New Mexico,0.4125434673005967
2020-04-30,554,New Mexico,0.4038103020858208
2020-05-01,554,New Mexico,0.39581157185016796
2020-05-02,554,New Mexico,0.3886326927449592
2020-05-03,554,New Mexico,0.3823671328604664
2020-05-04,554,New Mexico,0.37710726798353833
2020-05-05,554,New Mexico,0.3729388188092097
2020-05-06,554,New Mexico,0.369931836449478
2020-05-07,554,New Mexico,0.3681285860240671
2020-05-08,554,New Mexico,0.36755137208976785
2020-05-09,554,New Mexico,0.3680679635377086
2020-05-10,554,New Mexico,0.36953233360631244
2020-05-11,554,New Mexico,0.37183429274201013
2020-05-12,554,New Mexico,0.3748080817207373
2020-05-13,554,New Mexico,0.37823925245599294
2020-05-14,554,New Mexico,0.3818977002069949
2020-05-15,554,New Mexico,0.38553458131275276
2020-05-16,554,New Mexico,0.38896085508540984
2020-05-17,554,New Mexico,0.3920322125730039
2020-05-18,554,New Mexico,0.3946052834314956
2020-05-19,554,New Mexico,0.3965429015153555
2020-05-20,554,New Mexico,0.3977208094816196
2020-05-21,554,New Mexico,0.3980971893576131
2020-05-22,554,New Mexico,0.39765610379724703
2020-05-23,554,New Mexico,0.39641048227779807
2020-05-24,554,New Mexico,0.3944106404849644
2020-05-25,554,New Mexico,0.39173710483771973
2020-05-26,554,New Mexico,0.3884056373488589
2020-05-27,554,New Mexico,0.38465584848063256
2020-05-28,554,New Mexico,0.38058016395498706
2020-05-29,554,New Mexico,0.3762024650132043
2020-05-30,554,New Mexico,0.37155340990294644
2020-05-31,554,New Mexico,0.36668036258180065
2020-06-01,554,New Mexico,0.3616619518832096
2020-06-02,554,New Mexico,0.35661621163797125
2020-06-03,554,New Mexico,0.35170149387270255
2020-06-04,554,New Mexico,0.3471020936521294
2020-06-05,554,New Mexico,0.34299493624478855
2020-06-06,554,New Mexico,0.33959720876030625
2020-06-07,554,New Mexico,0.33705800320352924
2020-06-08,554,New Mexico,0.33552965187778444
2020-06-09,554,New Mexico,0.33516282511333245
2020-06-10,554,New Mexico,0.33610408905486033
2020-06-11,554,New Mexico,0.33849430283192433
2020-06-12,554,New Mexico,0.34246375004327073
2020-06-13,554,New Mexico,0.3481190758911503
2020-06-14,554,New Mexico,0.355535425609053
2020-06-15,554,New Mexico,0.36467101534976365
2020-06-16,554,New Mexico,0.3754764772315639
2020-06-17,554,New Mexico,0.38781962430839384
2020-06-18,554,New Mexico,0.40145503670683974
2020-06-19,554,New Mexico,0.4160641839159432
2020-06-20,554,New Mexico,0.431169568487619
2020-06-21,554,New Mexico,0.4463410650245772
2020-06-22,554,New Mexico,0.4611045704370132
2020-06-23,554,New Mexico,0.474946620758912
2020-06-24,554,New Mexico,0.487402190670657
2020-06-25,554,New Mexico,0.4979678353958309
2020-06-26,554,New Mexico,0.5063765948685317
2020-06-27,554,New Mexico,0.5124133839572371
2020-06-28,554,New Mexico,0.515922540430108
2020-06-29,554,New Mexico,0.5168621700762378
2020-06-30,554,New Mexico,0.5153489978713188
2020-07-01,554,New Mexico,0.5116175587490749
2020-07-02,554,New Mexico,0.505954553338787
2020-07-03,554,New Mexico,0.49868430848999157
2020-07-04,554,New Mexico,0.49015672938914484
2020-07-05,554,New Mexico,0.48070599619252014
2020-07-06,554,New Mexico,0.4707579920348333
2020-07-07,554,New Mexico,0.46058249976973065
2020-07-08,554,New Mexico,0.4503980735866509
2020-07-09,554,New Mexico,0.4404306580643794
2020-07-10,554,New Mexico,0.4308748116552114
2020-07-11,554,New Mexico,0.42192507677824403
2020-07-12,554,New Mexico,0.41367374549631525
2020-07-13,554,New Mexico,0.40620341048397896
2020-07-14,554,New Mexico,0.39960478845629893
2020-07-15,554,New Mexico,0.39395638714709896
2020-07-16,554,New Mexico,0.3892877539937391
2020-07-17,554,New Mexico,0.3856123651544335
2020-07-18,554,New Mexico,0.38293454152040185
2020-07-19,554,New Mexico,0.38124708027169923
2020-07-20,554,New Mexico,0.3805636155896181
2020-07-21,554,New Mexico,0.38075828571102266
2020-07-22,554,New Mexico,0.38181060201167055
2020-07-23,554,New Mexico,0.38367771931326766
2020-07-24,554,New Mexico,0.3862832385466553
2020-07-25,554,New Mexico,0.38951244320117867
2020-07-26,554,New Mexico,0.3932120632209455
2020-07-27,554,New Mexico,0.3972425901693103
2020-07-28,554,New Mexico,0.4013218388398357
2020-07-29,554,New Mexico,0.4053159230263143
2020-07-30,554,New Mexico,0.40907152829859766
2020-07-31,554,New Mexico,0.41242287231114
2020-08-01,554,New Mexico,0.4151975906716955
2020-08-02,554,New Mexico,0.4172230267679012
2020-08-03,554,New Mexico,0.4183781903612142
2020-08-04,554,New Mexico,0.41860385885076107
2020-08-05,554,New Mexico,0.4178664885686716
2020-08-06,554,New Mexico,0.4161638460871929
2020-08-07,554,New Mexico,0.41353347402930635
2020-08-08,554,New Mexico,0.4100601489304673
2020-08-09,554,New Mexico,0.40585702066501783
2020-08-10,554,New Mexico,0.40113023078937465
2020-08-11,554,New Mexico,0.3961008360988767
2020-08-12,554,New Mexico,0.39092488562908656
2020-08-13,554,New Mexico,0.38578583781099995
2020-08-14,554,New Mexico,0.3808856770469321
2020-08-15,554,New Mexico,0.37641928038422673
2020-08-16,554,New Mexico,0.37255593586416375
2020-08-17,554,New Mexico,0.36941077893713886
2020-08-18,554,New Mexico,0.367071999307313
2020-08-19,554,New Mexico,0.36561937457077137
2020-08-20,554,New Mexico,0.3651212759009246
2020-08-21,554,New Mexico,0.3656369433380277
2020-08-22,554,New Mexico,0.36714532884264584
2020-08-23,554,New Mexico,0.3696417673559881
2020-08-24,554,New Mexico,0.3731000185920466
2020-08-25,554,New Mexico,0.3774564099209984
2020-08-26,554,New Mexico,0.3826070488948827
2020-08-27,554,New Mexico,0.38846767802863924
2020-08-28,554,New Mexico,0.39479472263979515
2020-08-29,554,New Mexico,0.401484159621681
2020-08-30,554,New Mexico,0.4084288268498694
2020-08-31,554,New Mexico,0.41549132632917973
2020-09-01,554,New Mexico,0.4224952180922917
2020-09-02,554,New Mexico,0.42922137339702154
2020-09-03,554,New Mexico,0.4353967609850171
2020-09-04,554,New Mexico,0.4407927076497339
2020-09-05,554,New Mexico,0.4453046242474085
2020-09-06,554,New Mexico,0.44894854473038837
2020-09-07,554,New Mexico,0.451813313081521
2020-09-08,554,New Mexico,0.4540194959069855
2020-09-09,554,New Mexico,0.45543240626545384
2020-09-10,554,New Mexico,0.45676096984543874
2020-09-11,554,New Mexico,0.45803326507806774
2020-09-12,554,New Mexico,0.4598718672532026
2020-09-13,554,New Mexico,0.4624283030508595
2020-09-14,554,New Mexico,0.4660500194761086
2020-09-15,554,New Mexico,0.46956298566750887
2020-09-16,554,New Mexico,0.47286433490319396
2020-09-17,554,New Mexico,0.47563485569783104
2020-09-18,554,New Mexico,0.4778806014500825
2020-09-19,554,New Mexico,0.47966525152213096
2020-09-20,554,New Mexico,0.4808911011733079
2020-09-21,554,New Mexico,0.4815793111657323
2020-02-01,555,New York,0.0
2020-02-02,555,New York,0.0
2020-02-03,555,New York,0.0
2020-02-04,555,New York,0.0
2020-02-05,555,New York,0.0
2020-02-06,555,New York,0.0
2020-02-07,555,New York,0.0
2020-02-08,555,New York,0.0
2020-02-09,555,New York,0.0
2020-02-10,555,New York,20.457014171098077
2020-02-11,555,New York,7.606533772531433
2020-02-12,555,New York,4.224955479197846
2020-02-13,555,New York,2.862230462274618
2020-02-14,555,New York,2.1386885319889264
2020-02-15,555,New York,1.4869864639511747
2020-02-16,555,New York,1.1645659864944857
2020-02-17,555,New York,0.9982793314821456
2020-02-18,555,New York,0.9142795021019708
2020-02-19,555,New York,0.8791350156102519
2020-02-20,555,New York,0.8761366552104431
2020-02-21,555,New York,0.8966125501431775
2020-02-22,555,New York,0.9352463869410916
2020-02-23,555,New York,0.9889891163746113
2020-02-24,555,New York,1.0551337973296078
2020-02-25,555,New York,1.1315438258946977
2020-02-26,555,New York,1.215160271129646
2020-02-27,555,New York,1.302913081077115
2020-02-28,555,New York,1.3907895333542277
2020-02-29,555,New York,1.4751504921899699
2020-03-01,555,New York,1.5523094033273432
2020-03-02,555,New York,1.6192807834888927
2020-03-03,555,New York,1.6738358070250654
2020-03-04,555,New York,1.714135106371826
2020-03-05,555,New York,1.7394641921450515
2020-03-06,555,New York,1.749174430364406
2020-03-07,555,New York,1.7440335971027112
2020-03-08,555,New York,1.7249231108154144
2020-03-09,555,New York,1.69446442363893
2020-03-10,555,New York,1.6545099444654812
2020-03-11,555,New York,1.6064403717792577
2020-03-12,555,New York,1.5522974569246013
2020-03-13,555,New York,1.4948727189654447
2020-03-14,555,New York,1.4344629405342861
2020-03-15,555,New York,1.3732435309768225
2020-03-16,555,New York,1.311990334863082
2020-03-17,555,New York,1.2508020148856318
2020-03-18,555,New York,1.190287232589176
2020-03-19,555,New York,1.1313141416593018
2020-03-20,555,New York,1.0740796547688967
2020-03-21,555,New York,1.0192735490507845
2020-03-22,555,New York,0.9672875792495552
2020-03-23,555,New York,0.9183793424132568
2020-03-24,555,New York,0.873168386290397
2020-03-25,555,New York,0.8317687793508395
2020-03-26,555,New York,0.7940991215888212
2020-03-27,555,New York,0.760338175923838
2020-03-28,555,New York,0.7306658226768531
2020-03-29,555,New York,0.7050184968205929
2020-03-30,555,New York,0.6832168112865681
2020-03-31,555,New York,0.6652017695110906
2020-04-01,555,New York,0.6508616039962989
2020-04-02,555,New York,0.6398149478410041
2020-04-03,555,New York,0.6318521295412445
2020-04-04,555,New York,0.6267113580221844
2020-04-05,555,New York,0.6240698500777586
2020-04-06,555,New York,0.6236290099747661
2020-04-07,555,New York,0.6249118856557732
2020-04-08,555,New York,0.6277114633556676
2020-04-09,555,New York,0.6318121045664866
2020-04-10,555,New York,0.6369237561525682
2020-04-11,555,New York,0.6427077129714529
2020-04-12,555,New York,0.6488477596142687
2020-04-13,555,New York,0.6551078398958515
2020-04-14,555,New York,0.6612853527226347
2020-04-15,555,New York,0.6671561140456387
2020-04-16,555,New York,0.6724744457678704
2020-04-17,555,New York,0.677035989171714
2020-04-18,555,New York,0.6807829961052732
2020-04-19,555,New York,0.6836178538485067
2020-04-20,555,New York,0.6854842172467593
2020-04-21,555,New York,0.6863745156138035
2020-04-22,555,New York,0.6863394668556304
2020-04-23,555,New York,0.6854963683939346
2020-04-24,555,New York,0.6840133566549964
2020-04-25,555,New York,0.6821228446787835
2020-04-26,555,New York,0.6801161907172325
2020-04-27,555,New York,0.6782060908073083
2020-04-28,555,New York,0.6766220294618178
2020-04-29,555,New York,0.6756015291330848
2020-04-30,555,New York,0.6753842738986765
2020-05-01,555,New York,0.6762021623166579
2020-05-02,555,New York,0.6782648545412265
2020-05-03,555,New York,0.6817449905119645
2020-05-04,555,New York,0.6867781905417376
2020-05-05,555,New York,0.693439686639845
2020-05-06,555,New York,0.7014799178602833
2020-05-07,555,New York,0.710860865043076
2020-05-08,555,New York,0.7214662589630674
2020-05-09,555,New York,0.7330960630007299
2020-05-10,555,New York,0.745471132147335
2020-05-11,555,New York,0.7582486618994222
2020-05-12,555,New York,0.7710345848661326
2020-05-13,555,New York,0.783374383578688
2020-05-14,555,New York,0.7950825785861979
2020-05-15,555,New York,0.8058981822805983
2020-05-16,555,New York,0.8155435472864347
2020-05-17,555,New York,0.8237994455683453
2020-05-18,555,New York,0.8305243525405434
2020-05-19,555,New York,0.8356654032289217
2020-05-20,555,New York,0.8392607887383422
2020-05-21,555,New York,0.8413833442796779
2020-05-22,555,New York,0.8421641898063004
2020-05-23,555,New York,0.8418636998389332
2020-05-24,555,New York,0.8404945401615502
2020-05-25,555,New York,0.8380884250261704
2020-05-26,555,New York,0.8347029191455883
2020-05-27,555,New York,0.8304346065507809
2020-05-28,555,New York,0.8254325289937925
2020-05-29,555,New York,0.8199103578026847
2020-05-30,555,New York,0.8140484939429269
2020-05-31,555,New York,0.8081501115569517
2020-06-01,555,New York,0.8024177229330801
2020-06-02,555,New York,0.7970487525214878
2020-06-03,555,New York,0.792248144906691
2020-06-04,555,New York,0.7882184421344826
2020-06-05,555,New York,0.7851534547875243
2020-06-06,555,New York,0.7832340987099217
2020-06-07,555,New York,0.782742369587185
2020-06-08,555,New York,0.7836715250268368
2020-06-09,555,New York,0.7858472643992739
2020-06-10,555,New York,0.7893762910494945
2020-06-11,555,New York,0.7943144783279512
2020-06-12,555,New York,0.8006560796016833
2020-06-13,555,New York,0.8083236494586236
2020-06-14,555,New York,0.817160126995405
2020-06-15,555,New York,0.8269296932723464
2020-06-16,555,New York,0.8373191502391886
2020-06-17,555,New York,0.8479461818054016
2020-06-18,555,New York,0.8583783741524343
2020-06-19,555,New York,0.8683501881683479
2020-06-20,555,New York,0.8776446692211755
2020-06-21,555,New York,0.8860182673587188
2020-06-22,555,New York,0.8932449663212829
2020-06-23,555,New York,0.8991252369888753
2020-06-24,555,New York,0.9034973750550956
2020-06-25,555,New York,0.9062457960737395
2020-06-26,555,New York,0.9073114947653514
2020-06-27,555,New York,0.9066952123110802
2020-06-28,555,New York,0.9044573223812912
2020-06-29,555,New York,0.9006669966832297
2020-06-30,555,New York,0.8955373766540393
2020-07-01,555,New York,0.8892280820379714
2020-07-02,555,New York,0.8818253206970483
2020-07-03,555,New York,0.8734510827183526
2020-07-04,555,New York,0.8642606263606998
2020-07-05,555,New York,0.8544424614094274
2020-07-06,555,New York,0.8441689173721793
2020-07-07,555,New York,0.8336905001733559
2020-07-08,555,New York,0.8232092281926814
2020-07-09,555,New York,0.8129019168663995
2020-07-10,555,New York,0.8029873115540278
2020-07-11,555,New York,0.7937198796477918
2020-07-12,555,New York,0.7853763493321304
2020-07-13,555,New York,0.778247364594816
2020-07-14,555,New York,0.7725199985631203
2020-07-15,555,New York,0.7683971230379162
2020-07-16,555,New York,0.7660856166901878
2020-07-17,555,New York,0.7657713961074915
2020-07-18,555,New York,0.7676116415435215
2020-07-19,555,New York,0.7717254554908684
2020-07-20,555,New York,0.7782347421823959
2020-07-21,555,New York,0.7870719009686168
2020-07-22,555,New York,0.7982364577685178
2020-07-23,555,New York,0.8116728647114672
2020-07-24,555,New York,0.827198345068365
2020-07-25,555,New York,0.8444875707038808
2020-07-26,555,New York,0.8631201065581979
2020-07-27,555,New York,0.8825244480521338
2020-07-28,555,New York,0.9021040442958806
2020-07-29,555,New York,0.9213399903315123
2020-07-30,555,New York,0.9396706638600458
2020-07-31,555,New York,0.956512695962607
2020-08-01,555,New York,0.9712891341473904
2020-08-02,555,New York,0.9835318961906409
2020-08-03,555,New York,0.9929075706612692
2020-08-04,555,New York,0.999206455354746
2020-08-05,555,New York,1.002333015171845
2020-08-06,555,New York,1.0023219570990536
2020-08-07,555,New York,0.9993516717161987
2020-08-08,555,New York,0.9937052113859919
2020-08-09,555,New York,0.9859943317018305
2020-08-10,555,New York,0.9766693816685693
2020-08-11,555,New York,0.9662228940584366
2020-08-12,555,New York,0.9552146956384943
2020-08-13,555,New York,0.9441650523411825
2020-08-14,555,New York,0.9335862960994359
2020-08-15,555,New York,0.9237977664786143
2020-08-16,555,New York,0.9150956914387922
2020-08-17,555,New York,0.9077881604369412
2020-08-18,555,New York,0.9021693740542366
2020-08-19,555,New York,0.8984634309065093
2020-08-20,555,New York,0.8968496172942724
2020-08-21,555,New York,0.8974920069273195
2020-08-22,555,New York,0.9005361302205674
2020-08-23,555,New York,0.9061746479659362
2020-08-24,555,New York,0.9143856995457508
2020-08-25,555,New York,0.9251952489874175
2020-08-26,555,New York,0.9386762595482724
2020-08-27,555,New York,0.954894715389131
2020-08-28,555,New York,0.9739199237210919
2020-08-29,555,New York,0.9958394615222599
2020-08-30,555,New York,1.0206533257713373
2020-08-31,555,New York,1.0480414799067257
2020-09-01,555,New York,1.0773005078149025
2020-09-02,555,New York,1.1074858332736073
2020-09-03,555,New York,1.1374831691828926
2020-09-04,555,New York,1.1658898250287215
2020-09-05,555,New York,1.1920252440469006
2020-09-06,555,New York,1.2155926597931823
2020-09-07,555,New York,1.2365051467922725
2020-09-08,555,New York,1.2495265835729372
2020-09-09,555,New York,1.2595196012344618
2020-09-10,555,New York,1.266939846194056
2020-09-11,555,New York,1.2726911905589393
2020-09-12,555,New York,1.2771703849121732
2020-09-13,555,New York,1.2852879467153986
2020-09-14,555,New York,1.2925015243575164
2020-09-15,555,New York,1.2987859364865528
2020-09-16,555,New York,1.3033322818644137
2020-09-17,555,New York,1.3060798644720697
2020-09-18,555,New York,1.308464891694854
2020-09-19,555,New York,1.3106568167632073
2020-09-20,555,New York,1.3122743739126665
2020-09-21,555,New York,1.313360001824314
2020-02-01,556,North Carolina,0.0
2020-02-02,556,North Carolina,0.0
2020-02-03,556,North Carolina,0.0
2020-02-04,556,North Carolina,0.0
2020-02-05,556,North Carolina,0.0
2020-02-06,556,North Carolina,0.0
2020-02-07,556,North Carolina,0.0
2020-02-08,556,North Carolina,0.0
2020-02-09,556,North Carolina,0.0
2020-02-10,556,North Carolina,0.0
2020-02-11,556,North Carolina,0.0
2020-02-12,556,North Carolina,0.0
2020-02-13,556,North Carolina,1.5385705642905587
2020-02-14,556,North Carolina,2.4896111219592916
2020-02-15,556,North Carolina,2.38169862616786
2020-02-16,556,North Carolina,1.902061384438188
2020-02-17,556,North Carolina,1.5208224319683485
2020-02-18,556,North Carolina,1.0904981321598002
2020-02-19,556,North Carolina,0.8671975173710518
2020-02-20,556,North Carolina,0.7512235640203384
2020-02-21,556,North Carolina,0.6951116535631342
2020-02-22,556,North Carolina,0.6756258448310871
2020-02-23,556,North Carolina,0.6817427227998788
2020-02-24,556,North Carolina,0.7070521217520628
2020-02-25,556,North Carolina,0.7488082771511692
2020-02-26,556,North Carolina,0.8036424377117597
2020-02-27,556,North Carolina,0.8695572464307461
2020-02-28,556,North Carolina,0.9441164875087378
2020-02-29,556,North Carolina,1.023624045141955
2020-03-01,556,North Carolina,1.1043582390781577
2020-03-02,556,North Carolina,1.1825759405813783
2020-03-03,556,North Carolina,1.2545847448972798
2020-03-04,556,North Carolina,1.3172496960448972
2020-03-05,556,North Carolina,1.3681471414245954
2020-03-06,556,North Carolina,1.4055798271704418
2020-03-07,556,North Carolina,1.4285172723622221
2020-03-08,556,North Carolina,1.4363820999235022
2020-03-09,556,North Carolina,1.429689365864255
2020-03-10,556,North Carolina,1.4100570752401793
2020-03-11,556,North Carolina,1.3794987050698262
2020-03-12,556,North Carolina,1.341574088995769
2020-03-13,556,North Carolina,1.298427538779857
2020-03-14,556,North Carolina,1.2515833606136288
2020-03-15,556,North Carolina,1.2028355467999077
2020-03-16,556,North Carolina,1.1533657451608712
2020-03-17,556,North Carolina,1.1041414238792597
2020-03-18,556,North Carolina,1.0561446508038397
2020-03-19,556,North Carolina,1.0094268015771743
2020-03-20,556,North Carolina,0.9646510122075064
2020-03-21,556,North Carolina,0.9220404171951981
2020-03-22,556,North Carolina,0.881665948471573
2020-03-23,556,North Carolina,0.8437271459182727
2020-03-24,556,North Carolina,0.8084274456891719
2020-03-25,556,North Carolina,0.7757135692522691
2020-03-26,556,North Carolina,0.7457308755182173
2020-03-27,556,North Carolina,0.7184002894447327
2020-03-28,556,North Carolina,0.6935833652765978
2020-03-29,556,North Carolina,0.6711815561345589
2020-03-30,556,North Carolina,0.6510869700318054
2020-03-31,556,North Carolina,0.633204938354134
2020-04-01,556,North Carolina,0.6173352716184292
2020-04-02,556,North Carolina,0.6031760817252686
2020-04-03,556,North Carolina,0.5904433579401624
2020-04-04,556,North Carolina,0.5788560503526872
2020-04-05,556,North Carolina,0.5681391127058658
2020-04-06,556,North Carolina,0.5580572667991675
2020-04-07,556,North Carolina,0.5482753569511002
2020-04-08,556,North Carolina,0.5386358008617216
2020-04-09,556,North Carolina,0.5290086533572584
2020-04-10,556,North Carolina,0.5192924144111013
2020-04-11,556,North Carolina,0.5094248429553968
2020-04-12,556,North Carolina,0.4993905218317322
2020-04-13,556,North Carolina,0.48922358145410627
2020-04-14,556,North Carolina,0.4790168427949267
2020-04-15,556,North Carolina,0.46888036950602385
2020-04-16,556,North Carolina,0.45910076677774686
2020-04-17,556,North Carolina,0.449798024462864
2020-04-18,556,North Carolina,0.44111407369680244
2020-04-19,556,North Carolina,0.4332212648317919
2020-04-20,556,North Carolina,0.42630600051080364
2020-04-21,556,North Carolina,0.42052068381004887
2020-04-22,556,North Carolina,0.4159739925349119
2020-04-23,556,North Carolina,0.41273659023256726
2020-04-24,556,North Carolina,0.41086669771804896
2020-04-25,556,North Carolina,0.4103975978955184
2020-04-26,556,North Carolina,0.4113868899705774
2020-04-27,556,North Carolina,0.41367394148103
2020-04-28,556,North Carolina,0.41713017954409287
2020-04-29,556,North Carolina,0.4216739808442321
2020-04-30,556,North Carolina,0.42717382218225397
2020-05-01,556,North Carolina,0.4334526859709234
2020-05-02,556,North Carolina,0.4402922351331105
2020-05-03,556,North Carolina,0.44743610498699904
2020-05-04,556,North Carolina,0.45470495354458795
2020-05-05,556,North Carolina,0.4617630985197005
2020-05-06,556,North Carolina,0.46846869099636185
2020-05-07,556,North Carolina,0.4746813586156857
2020-05-08,556,North Carolina,0.48026056237431947
2020-05-09,556,North Carolina,0.48506703879895513
2020-05-10,556,North Carolina,0.48896996303576196
2020-05-11,556,North Carolina,0.4918637043788079
2020-05-12,556,North Carolina,0.49370098379288196
2020-05-13,556,North Carolina,0.4944673712450977
2020-05-14,556,North Carolina,0.4941711789034022
2020-05-15,556,North Carolina,0.49283017457479794
2020-05-16,556,North Carolina,0.49047556699685835
2020-05-17,556,North Carolina,0.48716065861273655
2020-05-18,556,North Carolina,0.4829741198078473
2020-05-19,556,North Carolina,0.478015615261528
2020-05-20,556,North Carolina,0.4725537546501091
2020-05-21,556,North Carolina,0.4667316134553384
2020-05-22,556,North Carolina,0.4607027606108996
2020-05-23,556,North Carolina,0.4546312580804439
2020-05-24,556,North Carolina,0.4486808548331557
2020-05-25,556,North Carolina,0.4429736403033149
2020-05-26,556,North Carolina,0.4376249543133275
2020-05-27,556,North Carolina,0.4326801685330221
2020-05-28,556,North Carolina,0.4281865733811909
2020-05-29,556,North Carolina,0.4241930599062379
2020-05-30,556,North Carolina,0.4207470082603238
2020-05-31,556,North Carolina,0.4178667923060616
2020-06-01,556,North Carolina,0.4155524628988748
2020-06-02,556,North Carolina,0.41381203842800746
2020-06-03,556,North Carolina,0.4126477825459763
2020-06-04,556,North Carolina,0.412059195165081
2020-06-05,556,North Carolina,0.41206959489009676
2020-06-06,556,North Carolina,0.4126614836564905
2020-06-07,556,North Carolina,0.41381083456492734
2020-06-08,556,North Carolina,0.4155428475313086
2020-06-09,556,North Carolina,0.41787971121197
2020-06-10,556,North Carolina,0.4208400674162461
2020-06-11,556,North Carolina,0.4244353981648037
2020-06-12,556,North Carolina,0.4286671835382244
2020-06-13,556,North Carolina,0.43352537459253354
2020-06-14,556,North Carolina,0.4389851108245883
2020-06-15,556,North Carolina,0.4450069726088066
2020-06-16,556,North Carolina,0.45153709139398546
2020-06-17,556,North Carolina,0.45856011419054965
2020-06-18,556,North Carolina,0.46595825238797833
2020-06-19,556,North Carolina,0.4736728542653188
2020-06-20,556,North Carolina,0.48165020476946946
2020-06-21,556,North Carolina,0.489828242785546
2020-06-22,556,North Carolina,0.4981395117004288
2020-06-23,556,North Carolina,0.506513299425633
2020-06-24,556,North Carolina,0.5148768084313545
2020-06-25,556,North Carolina,0.5231525716865232
2020-06-26,556,North Carolina,0.531255424836784
2020-06-27,556,North Carolina,0.5390871682287978
2020-06-28,556,North Carolina,0.5465500079546766
2020-06-29,556,North Carolina,0.5535202592941588
2020-06-30,556,North Carolina,0.5598589245342163
2020-07-01,556,North Carolina,0.565489423660085
2020-07-02,556,North Carolina,0.5703176327725253
2020-07-03,556,North Carolina,0.5742370067986377
2020-07-04,556,North Carolina,0.5771589392122148
2020-07-05,556,North Carolina,0.5789709949157673
2020-07-06,556,North Carolina,0.579616623275378
2020-07-07,556,North Carolina,0.5791174914285707
2020-07-08,556,North Carolina,0.5774890723708012
2020-07-09,556,North Carolina,0.574744782794388
2020-07-10,556,North Carolina,0.5708993547048757
2020-07-11,556,North Carolina,0.5660502967174079
2020-07-12,556,North Carolina,0.5603145611606514
2020-07-13,556,North Carolina,0.5538085674493795
2020-07-14,556,North Carolina,0.5466781438935745
2020-07-15,556,North Carolina,0.5390954327529462
2020-07-16,556,North Carolina,0.5311040490146717
2020-07-17,556,North Carolina,0.5231229107256146
2020-07-18,556,North Carolina,0.5153849176252481
2020-07-19,556,North Carolina,0.5079346814541172
2020-07-20,556,North Carolina,0.5008376371690345
2020-07-21,556,North Carolina,0.4941733456128776
2020-07-22,556,North Carolina,0.4880291938640136
2020-07-23,556,North Carolina,0.48249564808141504
2020-07-24,556,North Carolina,0.4776643914407428
2020-07-25,556,North Carolina,0.473633983710588
2020-07-26,556,North Carolina,0.4704241587888548
2020-07-27,556,North Carolina,0.46792262080459623
2020-07-28,556,North Carolina,0.4661345326318582
2020-07-29,556,North Carolina,0.4650480674769511
2020-07-30,556,North Carolina,0.46463000526918335
2020-07-31,556,North Carolina,0.464825301006588
2020-08-01,556,North Carolina,0.46556036860480465
2020-08-02,556,North Carolina,0.4667501152807873
2020-08-03,556,North Carolina,0.46830145839889636
2020-08-04,556,North Carolina,0.4701710104457193
2020-08-05,556,North Carolina,0.47220504428118804
2020-08-06,556,North Carolina,0.4743484217184666
2020-08-07,556,North Carolina,0.47656254386115804
2020-08-08,556,North Carolina,0.4788010323005352
2020-08-09,556,North Carolina,0.48101340004076126
2020-08-10,556,North Carolina,0.4831492578445693
2020-08-11,556,North Carolina,0.48516350003256165
2020-08-12,556,North Carolina,0.4870181886402402
2020-08-13,556,North Carolina,0.48867607188255324
2020-08-14,556,North Carolina,0.49015618387361537
2020-08-15,556,North Carolina,0.49148478568312554
2020-08-16,556,North Carolina,0.4926646971390172
2020-08-17,556,North Carolina,0.4937022096841632
2020-08-18,556,North Carolina,0.49460938961983647
2020-08-19,556,North Carolina,0.4954029637688826
2020-08-20,556,North Carolina,0.4961061808065434
2020-08-21,556,North Carolina,0.4967497432894949
2020-08-22,556,North Carolina,0.4973692905924166
2020-08-23,556,North Carolina,0.4980220255954991
2020-08-24,556,North Carolina,0.49869907717777373
2020-08-25,556,North Carolina,0.499422943762227
2020-08-26,556,North Carolina,0.500212137720019
2020-08-27,556,North Carolina,0.5010760943376921
2020-08-28,556,North Carolina,0.5020170762392299
2020-08-29,556,North Carolina,0.5030332160981669
2020-08-30,556,North Carolina,0.5041195800653326
2020-08-31,556,North Carolina,0.5052779663721129
2020-09-01,556,North Carolina,0.5064814579036686
2020-09-02,556,North Carolina,0.5076923626877891
2020-09-03,556,North Carolina,0.5088623696032946
2020-09-04,556,North Carolina,0.5099038489482112
2020-09-05,556,North Carolina,0.5108075924597055
2020-09-06,556,North Carolina,0.5115845171815436
2020-09-07,556,North Carolina,0.5123165449510579
2020-09-08,556,North Carolina,0.5130172927000947
2020-09-09,556,North Carolina,0.5135182386222324
2020-09-10,556,North Carolina,0.5140817637675421
2020-09-11,556,North Carolina,0.5146433995481114
2020-09-12,556,North Carolina,0.5152686531043819
2020-09-13,556,North Carolina,0.5161704408895836
2020-09-14,556,North Carolina,0.517571836597138
2020-09-15,556,North Carolina,0.5191162395799435
2020-09-16,556,North Carolina,0.5206312017879744
2020-09-17,556,North Carolina,0.5220196539858165
2020-09-18,556,North Carolina,0.5238593468106117
2020-09-19,556,North Carolina,0.5261159035312589
2020-09-20,556,North Carolina,0.5284566484477221
2020-09-21,556,North Carolina,0.5308237019294909
2020-02-01,557,North Dakota,0.0
2020-02-02,557,North Dakota,0.0
2020-02-03,557,North Dakota,0.0
2020-02-04,557,North Dakota,0.0
2020-02-05,557,North Dakota,0.0
2020-02-06,557,North Dakota,0.0
2020-02-07,557,North Dakota,0.0
2020-02-08,557,North Dakota,0.0
2020-02-09,557,North Dakota,0.0
2020-02-10,557,North Dakota,0.0
2020-02-11,557,North Dakota,0.0
2020-02-12,557,North Dakota,0.0
2020-02-13,557,North Dakota,0.0
2020-02-14,557,North Dakota,0.0
2020-02-15,557,North Dakota,0.0
2020-02-16,557,North Dakota,0.0
2020-02-17,557,North Dakota,0.0
2020-02-18,557,North Dakota,0.0
2020-02-19,557,North Dakota,2.139434288282131
2020-02-20,557,North Dakota,3.4269936170486037
2020-02-21,557,North Dakota,3.094763055655745
2020-02-22,557,North Dakota,2.474031382646348
2020-02-23,557,North Dakota,2.0203463084307427
2020-02-24,557,North Dakota,1.6166324369552179
2020-02-25,557,North Dakota,1.3874911472242066
2020-02-26,557,North Dakota,1.2515029774334745
2020-02-27,557,North Dakota,1.164886007789228
2020-02-28,557,North Dakota,1.1060836037538557
2020-02-29,557,North Dakota,1.0633374955244064
2020-03-01,557,North Dakota,1.0291720534207485
2020-03-02,557,North Dakota,0.9998712811155448
2020-03-03,557,North Dakota,0.973415345789769
2020-03-04,557,North Dakota,0.9482321425009831
2020-03-05,557,North Dakota,0.9232877545662288
2020-03-06,557,North Dakota,0.8981924533641507
2020-03-07,557,North Dakota,0.8729849369997721
2020-03-08,557,North Dakota,0.8473138003890471
2020-03-09,557,North Dakota,0.8213677887753125
2020-03-10,557,North Dakota,0.7954948453533223
2020-03-11,557,North Dakota,0.7697496569580247
2020-03-12,557,North Dakota,0.744019856598442
2020-03-13,557,North Dakota,0.7185453711874805
2020-03-14,557,North Dakota,0.6935945359404172
2020-03-15,557,North Dakota,0.6692051869741074
2020-03-16,557,North Dakota,0.6454093202600665
2020-03-17,557,North Dakota,0.6223816983837275
2020-03-18,557,North Dakota,0.600327546890929
2020-03-19,557,North Dakota,0.5794075351116932
2020-03-20,557,North Dakota,0.5596682228249399
2020-03-21,557,North Dakota,0.5415859547159777
2020-03-22,557,North Dakota,0.5254059275186115
2020-03-23,557,North Dakota,0.5110825991596752
2020-03-24,557,North Dakota,0.4986856602459299
2020-03-25,557,North Dakota,0.48835276062173383
2020-03-26,557,North Dakota,0.48022041061650816
2020-03-27,557,North Dakota,0.4743968420850415
2020-03-28,557,North Dakota,0.4709734455518263
2020-03-29,557,North Dakota,0.469811979563903
2020-03-30,557,North Dakota,0.47080524240614746
2020-03-31,557,North Dakota,0.47383238030456426
2020-04-01,557,North Dakota,0.47872317488591964
2020-04-02,557,North Dakota,0.4852618455827705
2020-04-03,557,North Dakota,0.4927392520439861
2020-04-04,557,North Dakota,0.5007655560565001
2020-04-05,557,North Dakota,0.5088582291694841
2020-04-06,557,North Dakota,0.5164600192472737
2020-04-07,557,North Dakota,0.5229718673224373
2020-04-08,557,North Dakota,0.5280178599807934
2020-04-09,557,North Dakota,0.5307594906542341
2020-04-10,557,North Dakota,0.5311201507831995
2020-04-11,557,North Dakota,0.5290824648203107
2020-04-12,557,North Dakota,0.5246213724427266
2020-04-13,557,North Dakota,0.5177567999771613
2020-04-14,557,North Dakota,0.5085476697440574
2020-04-15,557,North Dakota,0.4975848324831301
2020-04-16,557,North Dakota,0.48532269446775117
2020-04-17,557,North Dakota,0.47218504519703974
2020-04-18,557,North Dakota,0.45863855242584767
2020-04-19,557,North Dakota,0.4451601127070292
2020-04-20,557,North Dakota,0.4321436410533711
2020-04-21,557,North Dakota,0.4200734710288574
2020-04-22,557,North Dakota,0.40920424468191446
2020-04-23,557,North Dakota,0.3996308593000738
2020-04-24,557,North Dakota,0.3914716292228677
2020-04-25,557,North Dakota,0.3848481136299833
2020-04-26,557,North Dakota,0.37987671619998403
2020-04-27,557,North Dakota,0.37653497718789114
2020-04-28,557,North Dakota,0.3746988754597067
2020-04-29,557,North Dakota,0.3742817459748216
2020-04-30,557,North Dakota,0.3751448635682651
2020-05-01,557,North Dakota,0.37709717934044573
2020-05-02,557,North Dakota,0.37990310584615494
2020-05-03,557,North Dakota,0.3833388804099509
2020-05-04,557,North Dakota,0.3870143048592593
2020-05-05,557,North Dakota,0.3907427973038895
2020-05-06,557,North Dakota,0.3942959132873999
2020-05-07,557,North Dakota,0.39739088140022816
2020-05-08,557,North Dakota,0.3996860017793782
2020-05-09,557,North Dakota,0.40087771583569315
2020-05-10,557,North Dakota,0.4005573331554855
2020-05-11,557,North Dakota,0.3985226861064969
2020-05-12,557,North Dakota,0.3946066390182733
2020-05-13,557,North Dakota,0.38867799636881895
2020-05-14,557,North Dakota,0.38065386545487695
2020-05-15,557,North Dakota,0.3704428753413173
2020-05-16,557,North Dakota,0.3583390923542566
2020-05-17,557,North Dakota,0.34446265387082625
2020-05-18,557,North Dakota,0.32893962520362685
2020-05-19,557,North Dakota,0.31202002572947596
2020-05-20,557,North Dakota,0.2941025791115267
2020-05-21,557,North Dakota,0.2756728451941005
2020-05-22,557,North Dakota,0.2573968334875504
2020-05-23,557,North Dakota,0.23981024669338938
2020-05-24,557,North Dakota,0.22336645566046953
2020-05-25,557,North Dakota,0.2085081820218665
2020-05-26,557,North Dakota,0.19561234460128835
2020-05-27,557,North Dakota,0.1849850286606873
2020-05-28,557,North Dakota,0.17675190657022197
2020-05-29,557,North Dakota,0.17103048470249776
2020-05-30,557,North Dakota,0.16802568417083547
2020-05-31,557,North Dakota,0.167952599065778
2020-06-01,557,North Dakota,0.1710853802174339
2020-06-02,557,North Dakota,0.17774955921689978
2020-06-03,557,North Dakota,0.18840335714232678
2020-06-04,557,North Dakota,0.2034589988760675
2020-06-05,557,North Dakota,0.22320804408533265
2020-06-06,557,North Dakota,0.24779662127684385
2020-06-07,557,North Dakota,0.2771220863528735
2020-06-08,557,North Dakota,0.3106978726248072
2020-06-09,557,North Dakota,0.34758295623506263
2020-06-10,557,North Dakota,0.3863647325696955
2020-06-11,557,North Dakota,0.4252240424720493
2020-06-12,557,North Dakota,0.46220320790952474
2020-06-13,557,North Dakota,0.4954018385595634
2020-06-14,557,North Dakota,0.5232206869514784
2020-06-15,557,North Dakota,0.544767047767141
2020-06-16,557,North Dakota,0.5591338939955475
2020-06-17,557,North Dakota,0.566602551207078
2020-06-18,557,North Dakota,0.5680558619757311
2020-06-19,557,North Dakota,0.5644956499327853
2020-06-20,557,North Dakota,0.5569276530714399
2020-06-21,557,North Dakota,0.546305289319676
2020-06-22,557,North Dakota,0.5333360127535585
2020-06-23,557,North Dakota,0.5193800096779239
2020-06-24,557,North Dakota,0.5049794299091803
2020-06-25,557,North Dakota,0.49052212263576167
2020-06-26,557,North Dakota,0.47637156876542125
2020-06-27,557,North Dakota,0.4628721635752239
2020-06-28,557,North Dakota,0.45035107582804956
2020-06-29,557,North Dakota,0.4389595838647666
2020-06-30,557,North Dakota,0.42902744751125615
2020-07-01,557,North Dakota,0.42052539415060014
2020-07-02,557,North Dakota,0.41344343716141446
2020-07-03,557,North Dakota,0.4077929801929424
2020-07-04,557,North Dakota,0.40359659321393415
2020-07-05,557,North Dakota,0.4008819131358027
2020-07-06,557,North Dakota,0.39962910196830015
2020-07-07,557,North Dakota,0.3997258084250645
2020-07-08,557,North Dakota,0.40112198112774966
2020-07-09,557,North Dakota,0.40375567826448794
2020-07-10,557,North Dakota,0.4075441119237134
2020-07-11,557,North Dakota,0.41237306259114237
2020-07-12,557,North Dakota,0.41810193357120956
2020-07-13,557,North Dakota,0.4245308430228411
2020-07-14,557,North Dakota,0.4313949559195816
2020-07-15,557,North Dakota,0.43848834040692364
2020-07-16,557,North Dakota,0.4455572517095903
2020-07-17,557,North Dakota,0.4523063665916263
2020-07-18,557,North Dakota,0.458463476620228
2020-07-19,557,North Dakota,0.46365395138286153
2020-07-20,557,North Dakota,0.46767294560105943
2020-07-21,557,North Dakota,0.47038008030855244
2020-07-22,557,North Dakota,0.47163905128304834
2020-07-23,557,North Dakota,0.47132747093623767
2020-07-24,557,North Dakota,0.46940283134761696
2020-07-25,557,North Dakota,0.4659413668813624
2020-07-26,557,North Dakota,0.4610761476480166
2020-07-27,557,North Dakota,0.4549836417228479
2020-07-28,557,North Dakota,0.447884295779466
2020-07-29,557,North Dakota,0.440014467633404
2020-07-30,557,North Dakota,0.4317107078700962
2020-07-31,557,North Dakota,0.4232356468199053
2020-08-01,557,North Dakota,0.4147940211800094
2020-08-02,557,North Dakota,0.40659998185363283
2020-08-03,557,North Dakota,0.39884825203397556
2020-08-04,557,North Dakota,0.391730505304627
2020-08-05,557,North Dakota,0.38535996934485006
2020-08-06,557,North Dakota,0.3798304904133584
2020-08-07,557,North Dakota,0.37525554405614814
2020-08-08,557,North Dakota,0.3717567003819274
2020-08-09,557,North Dakota,0.3694505846864278
2020-08-10,557,North Dakota,0.3684286536402564
2020-08-11,557,North Dakota,0.36878407305536687
2020-08-12,557,North Dakota,0.3706214498375089
2020-08-13,557,North Dakota,0.3739480248590562
2020-08-14,557,North Dakota,0.37903317842807827
2020-08-15,557,North Dakota,0.3860193831431369
2020-08-16,557,North Dakota,0.39496287531511376
2020-08-17,557,North Dakota,0.4059252751363117
2020-08-18,557,North Dakota,0.4189604175319421
2020-08-19,557,North Dakota,0.43410065508963397
2020-08-20,557,North Dakota,0.45133281810421866
2020-08-21,557,North Dakota,0.47056583672848173
2020-08-22,557,North Dakota,0.49158910937476363
2020-08-23,557,North Dakota,0.5139149182255965
2020-08-24,557,North Dakota,0.5368229949304326
2020-08-25,557,North Dakota,0.5594187755822552
2020-08-26,557,North Dakota,0.5806541509187075
2020-08-27,557,North Dakota,0.599423065140629
2020-08-28,557,North Dakota,0.6146939862353843
2020-08-29,557,North Dakota,0.6255883775233587
2020-08-30,557,North Dakota,0.6314323831900533
2020-08-31,557,North Dakota,0.6318766944943323
2020-09-01,557,North Dakota,0.6270728971993993
2020-09-02,557,North Dakota,0.6179220585829991
2020-09-03,557,North Dakota,0.6053467025822034
2020-09-04,557,North Dakota,0.5903142046841754
2020-09-05,557,North Dakota,0.5746198585034873
2020-09-06,557,North Dakota,0.5593663145257035
2020-09-07,557,North Dakota,0.545307130901545
2020-09-08,557,North Dakota,0.532989133896317
2020-09-09,557,North Dakota,0.5217803503164368
2020-09-10,557,North Dakota,0.513067577556694
2020-09-11,557,North Dakota,0.5065895158474699
2020-09-12,557,North Dakota,0.5021856355262813
2020-09-13,557,North Dakota,0.49986334927657755
2020-09-14,557,North Dakota,0.5002201597154122
2020-09-15,557,North Dakota,0.5016536878640696
2020-09-16,557,North Dakota,0.5036437344752451
2020-09-17,557,North Dakota,0.5058186272360066
2020-09-18,557,North Dakota,0.5083909643287557
2020-09-19,557,North Dakota,0.5110908232261011
2020-09-20,557,North Dakota,0.513508170497252
2020-09-21,557,North Dakota,0.5153944418514954
2020-02-01,558,Ohio,0.0
2020-02-02,558,Ohio,0.0
2020-02-03,558,Ohio,0.0
2020-02-04,558,Ohio,0.0
2020-02-05,558,Ohio,0.0
2020-02-06,558,Ohio,0.0
2020-02-07,558,Ohio,0.0
2020-02-08,558,Ohio,0.0
2020-02-09,558,Ohio,0.0
2020-02-10,558,Ohio,0.0
2020-02-11,558,Ohio,0.0
2020-02-12,558,Ohio,0.0
2020-02-13,558,Ohio,0.0
2020-02-14,558,Ohio,0.0
2020-02-15,558,Ohio,0.0
2020-02-16,558,Ohio,0.0
2020-02-17,558,Ohio,0.0
2020-02-18,558,Ohio,0.0
2020-02-19,558,Ohio,18.607115516362427
2020-02-20,558,Ohio,7.444372973996666
2020-02-21,558,Ohio,4.262137864921744
2020-02-22,558,Ohio,2.981717487619559
2020-02-23,558,Ohio,2.344328713134433
2020-02-24,558,Ohio,1.8024397485951897
2020-02-25,558,Ohio,1.5114456703587908
2020-02-26,558,Ohio,1.3471726439615388
2020-02-27,558,Ohio,1.2504255657315946
2020-02-28,558,Ohio,1.1912836912737672
2020-02-29,558,Ohio,1.1543622442549684
2020-03-01,558,Ohio,1.1312705925041178
2020-03-02,558,Ohio,1.1162798838793186
2020-03-03,558,Ohio,1.1061394474538915
2020-03-04,558,Ohio,1.0992185702737571
2020-03-05,558,Ohio,1.0934298733498535
2020-03-06,558,Ohio,1.087594610997971
2020-03-07,558,Ohio,1.080962235342788
2020-03-08,558,Ohio,1.0729366365811923
2020-03-09,558,Ohio,1.0631896053287124
2020-03-10,558,Ohio,1.051216594956144
2020-03-11,558,Ohio,1.0369477125048843
2020-03-12,558,Ohio,1.0202133975874772
2020-03-13,558,Ohio,1.0011428060635998
2020-03-14,558,Ohio,0.9799365843191479
2020-03-15,558,Ohio,0.9564582208010425
2020-03-16,558,Ohio,0.9313292142254035
2020-03-17,558,Ohio,0.9050065175338764
2020-03-18,558,Ohio,0.8777942888714398
2020-03-19,558,Ohio,0.8500260211517566
2020-03-20,558,Ohio,0.8223925065457582
2020-03-21,558,Ohio,0.7953746064055616
2020-03-22,558,Ohio,0.769249469982949
2020-03-23,558,Ohio,0.7444514120202586
2020-03-24,558,Ohio,0.7211809601868509
2020-03-25,558,Ohio,0.6995435089716059
2020-03-26,558,Ohio,0.6796186661951314
2020-03-27,558,Ohio,0.661398127985826
2020-03-28,558,Ohio,0.6449745443345201
2020-03-29,558,Ohio,0.6302590768894819
2020-03-30,558,Ohio,0.6170612691633603
2020-03-31,558,Ohio,0.6052210318417083
2020-04-01,558,Ohio,0.5945920671100966
2020-04-02,558,Ohio,0.5850352403853541
2020-04-03,558,Ohio,0.5764042145152465
2020-04-04,558,Ohio,0.568492797771028
2020-04-05,558,Ohio,0.5611603341204807
2020-04-06,558,Ohio,0.5542901519545094
2020-04-07,558,Ohio,0.547787898440287
2020-04-08,558,Ohio,0.5415845615787503
2020-04-09,558,Ohio,0.5356329564061558
2020-04-10,558,Ohio,0.5299048639087629
2020-04-11,558,Ohio,0.5242694435324525
2020-04-12,558,Ohio,0.5189161642606422
2020-04-13,558,Ohio,0.5138864444464978
2020-04-14,558,Ohio,0.5091550414911279
2020-04-15,558,Ohio,0.504711860750974
2020-04-16,558,Ohio,0.5005560240532557
2020-04-17,558,Ohio,0.49669246385967336
2020-04-18,558,Ohio,0.493127510272003
2020-04-19,558,Ohio,0.48986599077491433
2020-04-20,558,Ohio,0.4869079964601353
2020-04-21,558,Ohio,0.4842484977704754
2020-04-22,558,Ohio,0.4818767168701553
2020-04-23,558,Ohio,0.4797737825000741
2020-04-24,558,Ohio,0.4779092097152901
2020-04-25,558,Ohio,0.47637890233157765
2020-04-26,558,Ohio,0.4748419999463744
2020-04-27,558,Ohio,0.4732309257676763
2020-04-28,558,Ohio,0.4715155265197164
2020-04-29,558,Ohio,0.4696529706695308
2020-04-30,558,Ohio,0.467589290214856
2020-05-01,558,Ohio,0.4652659021366594
2020-05-02,558,Ohio,0.46262532425708847
2020-05-03,558,Ohio,0.4596128459404217
2020-05-04,558,Ohio,0.4561799455320235
2020-05-05,558,Ohio,0.4522905578068611
2020-05-06,558,Ohio,0.44792770837753926
2020-05-07,558,Ohio,0.4430990206318005
2020-05-08,558,Ohio,0.4378410630053958
2020-05-09,558,Ohio,0.4321398303121023
2020-05-10,558,Ohio,0.4263691594674989
2020-05-11,558,Ohio,0.4205956490741466
2020-05-12,558,Ohio,0.4149077085302079
2020-05-13,558,Ohio,0.40941608158715337
2020-05-14,558,Ohio,0.4042415987609325
2020-05-15,558,Ohio,0.3995074330745636
2020-05-16,558,Ohio,0.39533611752649
2020-05-17,558,Ohio,0.3918456548813832
2020-05-18,558,Ohio,0.3892106411838948
2020-05-19,558,Ohio,0.3873780963781612
2020-05-20,558,Ohio,0.3862693926412395
2020-05-21,558,Ohio,0.3859196964183852
2020-05-22,558,Ohio,0.3863223974328635
2020-05-23,558,Ohio,0.38742464888642186
2020-05-24,558,Ohio,0.38912485015181686
2020-05-25,558,Ohio,0.39127945625416793
2020-05-26,558,Ohio,0.39371188188092504
2020-05-27,558,Ohio,0.396220610430747
2020-05-28,558,Ohio,0.3986371201288333
2020-05-29,558,Ohio,0.40084223098713256
2020-05-30,558,Ohio,0.4027471103089328
2020-05-31,558,Ohio,0.40427233484480884
2020-06-01,558,Ohio,0.40535176059896283
2020-06-02,558,Ohio,0.4059408340981158
2020-06-03,558,Ohio,0.40602848917090834
2020-06-04,558,Ohio,0.4056475485634096
2020-06-05,558,Ohio,0.40487965660382375
2020-06-06,558,Ohio,0.4038123964350591
2020-06-07,558,Ohio,0.40266900217234414
2020-06-08,558,Ohio,0.40166695323720175
2020-06-09,558,Ohio,0.40092052198941946
2020-06-10,558,Ohio,0.40055371062349265
2020-06-11,558,Ohio,0.4006951377731933
2020-06-12,558,Ohio,0.4014766127211178
2020-06-13,558,Ohio,0.40303375637435385
2020-06-14,558,Ohio,0.4055039832094165
2020-06-15,558,Ohio,0.4090247336869
2020-06-16,558,Ohio,0.41360572280009616
2020-06-17,558,Ohio,0.4192981491704384
2020-06-18,558,Ohio,0.426133605381815
2020-06-19,558,Ohio,0.4341047409464903
2020-06-20,558,Ohio,0.443158384293633
2020-06-21,558,Ohio,0.4531940382679619
2020-06-22,558,Ohio,0.4640651114520026
2020-06-23,558,Ohio,0.47561811523217773
2020-06-24,558,Ohio,0.4876877172300318
2020-06-25,558,Ohio,0.4997957580644014
2020-06-26,558,Ohio,0.5117590492447274
2020-06-27,558,Ohio,0.523360467319011
2020-06-28,558,Ohio,0.5343488762552748
2020-06-29,558,Ohio,0.5444435653845098
2020-06-30,558,Ohio,0.5533461399409175
2020-07-01,558,Ohio,0.5607511986783416
2020-07-02,558,Ohio,0.5664651774265503
2020-07-03,558,Ohio,0.5701913660459249
2020-07-04,558,Ohio,0.5718412099548219
2020-07-05,558,Ohio,0.5714920648241052
2020-07-06,558,Ohio,0.5692397021738159
2020-07-07,558,Ohio,0.5652053039201693
2020-07-08,558,Ohio,0.5595364297923779
2020-07-09,558,Ohio,0.552411127898981
2020-07-10,558,Ohio,0.5440457619838106
2020-07-11,558,Ohio,0.534686696666112
2020-07-12,558,Ohio,0.524779813172716
2020-07-13,558,Ohio,0.5145466745538175
2020-07-14,558,Ohio,0.5042396087847455
2020-07-15,558,Ohio,0.4941397509152232
2020-07-16,558,Ohio,0.48449364067784384
2020-07-17,558,Ohio,0.4755638819331049
2020-07-18,558,Ohio,0.4674715240410749
2020-07-19,558,Ohio,0.4603185980191668
2020-07-20,558,Ohio,0.4542075736183013
2020-07-21,558,Ohio,0.4492297412363987
2020-07-22,558,Ohio,0.44539948759353803
2020-07-23,558,Ohio,0.44271282284014957
2020-07-24,558,Ohio,0.4411472104927973
2020-07-25,558,Ohio,0.4406478927753026
2020-07-26,558,Ohio,0.4412073828862074
2020-07-27,558,Ohio,0.44261440951278896
2020-07-28,558,Ohio,0.44462716716839584
2020-07-29,558,Ohio,0.44717402736199124
2020-07-30,558,Ohio,0.4501601680982763
2020-07-31,558,Ohio,0.4534726794068266
2020-08-01,558,Ohio,0.45698403618720407
2020-08-02,558,Ohio,0.46055672871021536
2020-08-03,558,Ohio,0.464045852089631
2020-08-04,558,Ohio,0.46730184245224915
2020-08-05,558,Ohio,0.4702339562486047
2020-08-06,558,Ohio,0.4728123183755826
2020-08-07,558,Ohio,0.47500577809549255
2020-08-08,558,Ohio,0.4767935500274995
2020-08-09,558,Ohio,0.4781668001443967
2020-08-10,558,Ohio,0.47912872805416595
2020-08-11,558,Ohio,0.47969457989507064
2020-08-12,558,Ohio,0.4798893841446765
2020-08-13,558,Ohio,0.4797465625260892
2020-08-14,558,Ohio,0.47926382117227295
2020-08-15,558,Ohio,0.47854317724450046
2020-08-16,558,Ohio,0.4776453786987493
2020-08-17,558,Ohio,0.47658259065405345
2020-08-18,558,Ohio,0.47537274744230357
2020-08-19,558,Ohio,0.47403903910224154
2020-08-20,558,Ohio,0.4726102508336228
2020-08-21,558,Ohio,0.4711211338334121
2020-08-22,558,Ohio,0.46961083682811383
2020-08-23,558,Ohio,0.4681203034883461
2020-08-24,558,Ohio,0.46669148104832453
2020-08-25,558,Ohio,0.46535662853634596
2020-08-26,558,Ohio,0.4641217450554606
2020-08-27,558,Ohio,0.462996236631234
2020-08-28,558,Ohio,0.46198940626466045
2020-08-29,558,Ohio,0.4611096471526748
2020-08-30,558,Ohio,0.46036441636056213
2020-08-31,558,Ohio,0.459756684324192
2020-09-01,558,Ohio,0.45927757969254684
2020-09-02,558,Ohio,0.45889566103750595
2020-09-03,558,Ohio,0.45857010654702773
2020-09-04,558,Ohio,0.45823642745289533
2020-09-05,558,Ohio,0.45785340042603917
2020-09-06,558,Ohio,0.457568567589707
2020-09-07,558,Ohio,0.45733840974970547
2020-09-08,558,Ohio,0.457137068321988
2020-09-09,558,Ohio,0.4577167780521972
2020-09-10,558,Ohio,0.45859199288518276
2020-09-11,558,Ohio,0.46014393566629086
2020-09-12,558,Ohio,0.4622947380744504
2020-09-13,558,Ohio,0.4656164287153211
2020-09-14,558,Ohio,0.4695815087820665
2020-09-15,558,Ohio,0.47386472277213804
2020-09-16,558,Ohio,0.47852150083101447
2020-09-17,558,Ohio,0.48303597605713594
2020-09-18,558,Ohio,0.48739341271564796
2020-09-19,558,Ohio,0.4915015253085522
2020-09-20,558,Ohio,0.49500879941798537
2020-09-21,558,Ohio,0.49769669693591584
2020-02-01,559,Oklahoma,0.0
2020-02-02,559,Oklahoma,0.0
2020-02-03,559,Oklahoma,0.0
2020-02-04,559,Oklahoma,0.0
2020-02-05,559,Oklahoma,0.0
2020-02-06,559,Oklahoma,0.0
2020-02-07,559,Oklahoma,0.0
2020-02-08,559,Oklahoma,0.0
2020-02-09,559,Oklahoma,0.0
2020-02-10,559,Oklahoma,0.0
2020-02-11,559,Oklahoma,0.0
2020-02-12,559,Oklahoma,0.0
2020-02-13,559,Oklahoma,0.0
2020-02-14,559,Oklahoma,0.0
2020-02-15,559,Oklahoma,0.0
2020-02-16,559,Oklahoma,8.65732920397757
2020-02-17,559,Oklahoma,5.885819877845862
2020-02-18,559,Oklahoma,3.691950160113409
2020-02-19,559,Oklahoma,2.6150589834267834
2020-02-20,559,Oklahoma,2.039577913624423
2020-02-21,559,Oklahoma,1.5560931041360668
2020-02-22,559,Oklahoma,1.3063767639040154
2020-02-23,559,Oklahoma,1.1746052486024485
2020-02-24,559,Oklahoma,1.1066101368646257
2020-02-25,559,Oklahoma,1.0764551319199185
2020-02-26,559,Oklahoma,1.0690549233810642
2020-02-27,559,Oklahoma,1.0761751463162093
2020-02-28,559,Oklahoma,1.0916833208710732
2020-02-29,559,Oklahoma,1.1122259214257217
2020-03-01,559,Oklahoma,1.134867953890788
2020-03-02,559,Oklahoma,1.1580826310451864
2020-03-03,559,Oklahoma,1.1790634621682998
2020-03-04,559,Oklahoma,1.1968667993669198
2020-03-05,559,Oklahoma,1.2086954271404162
2020-03-06,559,Oklahoma,1.2128774787030228
2020-03-07,559,Oklahoma,1.208201184168676
2020-03-08,559,Oklahoma,1.194648502647851
2020-03-09,559,Oklahoma,1.1722728712465833
2020-03-10,559,Oklahoma,1.1417833442043874
2020-03-11,559,Oklahoma,1.1039534439707162
2020-03-12,559,Oklahoma,1.058940013363097
2020-03-13,559,Oklahoma,1.0098172569562351
2020-03-14,559,Oklahoma,0.9580543152755251
2020-03-15,559,Oklahoma,0.9048406004593493
2020-03-16,559,Oklahoma,0.8520118813767886
2020-03-17,559,Oklahoma,0.8010379889571065
2020-03-18,559,Oklahoma,0.7526824571006483
2020-03-19,559,Oklahoma,0.7078676523091205
2020-03-20,559,Oklahoma,0.6669792306182492
2020-03-21,559,Oklahoma,0.6302420345555346
2020-03-22,559,Oklahoma,0.5977663722990676
2020-03-23,559,Oklahoma,0.5695781321585442
2020-03-24,559,Oklahoma,0.5453335477389276
2020-03-25,559,Oklahoma,0.5247822605619541
2020-03-26,559,Oklahoma,0.5076294205211066
2020-03-27,559,Oklahoma,0.493440514473096
2020-03-28,559,Oklahoma,0.4817401343289714
2020-03-29,559,Oklahoma,0.47209392836042047
2020-03-30,559,Oklahoma,0.4641256861938543
2020-03-31,559,Oklahoma,0.45740371118155054
2020-04-01,559,Oklahoma,0.4513827689661457
2020-04-02,559,Oklahoma,0.44582467018433164
2020-04-03,559,Oklahoma,0.4404954720599372
2020-04-04,559,Oklahoma,0.43516917368129465
2020-04-05,559,Oklahoma,0.4296322351891879
2020-04-06,559,Oklahoma,0.42369573064560995
2020-04-07,559,Oklahoma,0.4171769351470374
2020-04-08,559,Oklahoma,0.41014958567178866
2020-04-09,559,Oklahoma,0.40263306271899474
2020-04-10,559,Oklahoma,0.3946468239210133
2020-04-11,559,Oklahoma,0.3862589523590839
2020-04-12,559,Oklahoma,0.3775864374121189
2020-04-13,559,Oklahoma,0.3687921771495375
2020-04-14,559,Oklahoma,0.3600729102014996
2020-04-15,559,Oklahoma,0.35162141970790023
2020-04-16,559,Oklahoma,0.34368901930567197
2020-04-17,559,Oklahoma,0.33641928185207653
2020-04-18,559,Oklahoma,0.3299691661653392
2020-04-19,559,Oklahoma,0.3244998045379719
2020-04-20,559,Oklahoma,0.3201677488844719
2020-04-21,559,Oklahoma,0.3171161273137665
2020-04-22,559,Oklahoma,0.3155182057015911
2020-04-23,559,Oklahoma,0.31532766252537425
2020-04-24,559,Oklahoma,0.3165686409661802
2020-04-25,559,Oklahoma,0.3193005555305878
2020-04-26,559,Oklahoma,0.3235215167177413
2020-04-27,559,Oklahoma,0.32915248037830813
2020-04-28,559,Oklahoma,0.33601857086321635
2020-04-29,559,Oklahoma,0.3438412397279582
2020-04-30,559,Oklahoma,0.35236800332253065
2020-05-01,559,Oklahoma,0.3610249496167894
2020-05-02,559,Oklahoma,0.3694930244596676
2020-05-03,559,Oklahoma,0.3774093367664671
2020-05-04,559,Oklahoma,0.38438052021267505
2020-05-05,559,Oklahoma,0.39000596981257946
2020-05-06,559,Oklahoma,0.3939067703774212
2020-05-07,559,Oklahoma,0.3957528172458281
2020-05-08,559,Oklahoma,0.395506514318461
2020-05-09,559,Oklahoma,0.3932128538096861
2020-05-10,559,Oklahoma,0.3889962313965165
2020-05-11,559,Oklahoma,0.38311194954163474
2020-05-12,559,Oklahoma,0.37593115594430393
2020-05-13,559,Oklahoma,0.36783363512671174
2020-05-14,559,Oklahoma,0.3593624076243702
2020-05-15,559,Oklahoma,0.3508199176932139
2020-05-16,559,Oklahoma,0.34248375957275284
2020-05-17,559,Oklahoma,0.33463290337753704
2020-05-18,559,Oklahoma,0.3275449756596366
2020-05-19,559,Oklahoma,0.3214325336543358
2020-05-20,559,Oklahoma,0.3164223268937722
2020-05-21,559,Oklahoma,0.3126377314547219
2020-05-22,559,Oklahoma,0.31017048216266824
2020-05-23,559,Oklahoma,0.30907461286588106
2020-05-24,559,Oklahoma,0.3094123186170604
2020-05-25,559,Oklahoma,0.31112043920846266
2020-05-26,559,Oklahoma,0.31412649653425034
2020-05-27,559,Oklahoma,0.3184771126388336
2020-05-28,559,Oklahoma,0.3242144684294414
2020-05-29,559,Oklahoma,0.331371062063468
2020-05-30,559,Oklahoma,0.3399564682153951
2020-05-31,559,Oklahoma,0.3499387345096289
2020-06-01,559,Oklahoma,0.3612234412642405
2020-06-02,559,Oklahoma,0.3736971033780631
2020-06-03,559,Oklahoma,0.3871464527120561
2020-06-04,559,Oklahoma,0.40134263860263303
2020-06-05,559,Oklahoma,0.4160426842519147
2020-06-06,559,Oklahoma,0.4309773980630715
2020-06-07,559,Oklahoma,0.4458641801216749
2020-06-08,559,Oklahoma,0.46041862075939605
2020-06-09,559,Oklahoma,0.4743659657740477
2020-06-10,559,Oklahoma,0.4874557492178237
2020-06-11,559,Oklahoma,0.49948346060389204
2020-06-12,559,Oklahoma,0.5103225841351856
2020-06-13,559,Oklahoma,0.5199112555170297
2020-06-14,559,Oklahoma,0.5282371271972263
2020-06-15,559,Oklahoma,0.5353355501174302
2020-06-16,559,Oklahoma,0.5412885252586075
2020-06-17,559,Oklahoma,0.5462161176822184
2020-06-18,559,Oklahoma,0.5502593954309165
2020-06-19,559,Oklahoma,0.5536077807130215
2020-06-20,559,Oklahoma,0.5564411498426843
2020-06-21,559,Oklahoma,0.5587511686125579
2020-06-22,559,Oklahoma,0.5606469889383902
2020-06-23,559,Oklahoma,0.5622194024517253
2020-06-24,559,Oklahoma,0.5635359552475213
2020-06-25,559,Oklahoma,0.5646408021674875
2020-06-26,559,Oklahoma,0.5655552969438234
2020-06-27,559,Oklahoma,0.5662764953801205
2020-06-28,559,Oklahoma,0.5667777847696877
2020-06-29,559,Oklahoma,0.5670078258346348
2020-06-30,559,Oklahoma,0.566897405186733
2020-07-01,559,Oklahoma,0.5663646922656353
2020-07-02,559,Oklahoma,0.565330196981903
2020-07-03,559,Oklahoma,0.5637826587974126
2020-07-04,559,Oklahoma,0.561463271618464
2020-07-05,559,Oklahoma,0.5584451183485137
2020-07-06,559,Oklahoma,0.5547819282534705
2020-07-07,559,Oklahoma,0.5505163703855082
2020-07-08,559,Oklahoma,0.5456871312636403
2020-07-09,559,Oklahoma,0.5403322718219759
2020-07-10,559,Oklahoma,0.5344989035324884
2020-07-11,559,Oklahoma,0.5282543268118532
2020-07-12,559,Oklahoma,0.5216910785028963
2020-07-13,559,Oklahoma,0.5149238573818363
2020-07-14,559,Oklahoma,0.5080934447539693
2020-07-15,559,Oklahoma,0.5013694076784786
2020-07-16,559,Oklahoma,0.494853452995232
2020-07-17,559,Oklahoma,0.4889359911069449
2020-07-18,559,Oklahoma,0.48366699712037603
2020-07-19,559,Oklahoma,0.47909846530790423
2020-07-20,559,Oklahoma,0.47529184055295526
2020-07-21,559,Oklahoma,0.47230544781962036
2020-07-22,559,Oklahoma,0.4701886319748292
2020-07-23,559,Oklahoma,0.4689754278071104
2020-07-24,559,Oklahoma,0.4687491048970329
2020-07-25,559,Oklahoma,0.4692524935057986
2020-07-26,559,Oklahoma,0.47039652524865533
2020-07-27,559,Oklahoma,0.47209555936959346
2020-07-28,559,Oklahoma,0.47421301065869365
2020-07-29,559,Oklahoma,0.476558076750297
2020-07-30,559,Oklahoma,0.47888635042256067
2020-07-31,559,Oklahoma,0.48090647595073815
2020-08-01,559,Oklahoma,0.482368348434226
2020-08-02,559,Oklahoma,0.48290275749493317
2020-08-03,559,Oklahoma,0.482322891071232
2020-08-04,559,Oklahoma,0.48054236286631236
2020-08-05,559,Oklahoma,0.477500239343313
2020-08-06,559,Oklahoma,0.47317161761049614
2020-08-07,559,Oklahoma,0.46757582662718833
2020-08-08,559,Oklahoma,0.4607992576914661
2020-08-09,559,Oklahoma,0.45298661737694135
2020-08-10,559,Oklahoma,0.44446692155556156
2020-08-11,559,Oklahoma,0.4355300006539627
2020-08-12,559,Oklahoma,0.42646509728654225
2020-08-13,559,Oklahoma,0.41760675410026443
2020-08-14,559,Oklahoma,0.40927110351807017
2020-08-15,559,Oklahoma,0.40176752084829265
2020-08-16,559,Oklahoma,0.39528646493579095
2020-08-17,559,Oklahoma,0.39001235319112526
2020-08-18,559,Oklahoma,0.3861252145824435
2020-08-19,559,Oklahoma,0.3837442378163541
2020-08-20,559,Oklahoma,0.3829444224867894
2020-08-21,559,Oklahoma,0.3837702195117688
2020-08-22,559,Oklahoma,0.38621059514121725
2020-08-23,559,Oklahoma,0.39031084565842455
2020-08-24,559,Oklahoma,0.3956809052926294
2020-08-25,559,Oklahoma,0.4021596683113348
2020-08-26,559,Oklahoma,0.40960260414212235
2020-08-27,559,Oklahoma,0.4178139909392761
2020-08-28,559,Oklahoma,0.42655327617014593
2020-08-29,559,Oklahoma,0.43554327790425185
2020-08-30,559,Oklahoma,0.4444753110139911
2020-08-31,559,Oklahoma,0.4530385436533572
2020-09-01,559,Oklahoma,0.4609973543520272
2020-09-02,559,Oklahoma,0.46810591871783835
2020-09-03,559,Oklahoma,0.47414506346343555
2020-09-04,559,Oklahoma,0.47901907427074913
2020-09-05,559,Oklahoma,0.48274162979824753
2020-09-06,559,Oklahoma,0.48540048365606864
2020-09-07,559,Oklahoma,0.4871614477251843
2020-09-08,559,Oklahoma,0.4882641060561997
2020-09-09,559,Oklahoma,0.4886133717504499
2020-09-10,559,Oklahoma,0.488891177960954
2020-09-11,559,Oklahoma,0.48957125322641654
2020-09-12,559,Oklahoma,0.4906812229879611
2020-09-13,559,Oklahoma,0.4924085385451917
2020-09-14,559,Oklahoma,0.4954966666600794
2020-09-15,559,Oklahoma,0.4989206554209909
2020-09-16,559,Oklahoma,0.5025280089214423
2020-09-17,559,Oklahoma,0.5059377244861882
2020-09-18,559,Oklahoma,0.5095340530480802
2020-09-19,559,Oklahoma,0.5131584554110639
2020-09-20,559,Oklahoma,0.5163200763437575
2020-09-21,559,Oklahoma,0.518784482632413
2020-02-01,560,Oregon,0.0
2020-02-02,560,Oregon,0.0
2020-02-03,560,Oregon,0.0
2020-02-04,560,Oregon,0.0
2020-02-05,560,Oregon,0.0
2020-02-06,560,Oregon,0.0
2020-02-07,560,Oregon,0.0
2020-02-08,560,Oregon,0.0
2020-02-09,560,Oregon,0.9773852059381268
2020-02-10,560,Oregon,2.0539989513058057
2020-02-11,560,Oregon,2.481535864167392
2020-02-12,560,Oregon,2.3286246646961146
2020-02-13,560,Oregon,2.0455574619982544
2020-02-14,560,Oregon,1.679045449609593
2020-02-15,560,Oregon,1.450982147940766
2020-02-16,560,Oregon,1.3077778578172603
2020-02-17,560,Oregon,1.2119342524360783
2020-02-18,560,Oregon,1.142949605676692
2020-02-19,560,Oregon,1.0892852549012844
2020-02-20,560,Oregon,1.0447179026473712
2020-02-21,560,Oregon,1.005576027010605
2020-02-22,560,Oregon,0.9699911831544089
2020-02-23,560,Oregon,0.9370856055349014
2020-02-24,560,Oregon,0.9063205856463515
2020-02-25,560,Oregon,0.8772744240105858
2020-02-26,560,Oregon,0.8500325670744622
2020-02-27,560,Oregon,0.8248839287381662
2020-02-28,560,Oregon,0.8019294270760152
2020-02-29,560,Oregon,0.7812136479596475
2020-03-01,560,Oregon,0.7631338724379896
2020-03-02,560,Oregon,0.747421101375457
2020-03-03,560,Oregon,0.733966872502623
2020-03-04,560,Oregon,0.7227220902924726
2020-03-05,560,Oregon,0.713605783009598
2020-03-06,560,Oregon,0.7063965219072449
2020-03-07,560,Oregon,0.7006927234895118
2020-03-08,560,Oregon,0.6960576977720717
2020-03-09,560,Oregon,0.6920513649955256
2020-03-10,560,Oregon,0.6882188932214804
2020-03-11,560,Oregon,0.6841819727514168
2020-03-12,560,Oregon,0.6793047249242495
2020-03-13,560,Oregon,0.6733707522227893
2020-03-14,560,Oregon,0.6661624694044697
2020-03-15,560,Oregon,0.6574577528447774
2020-03-16,560,Oregon,0.647028010688761
2020-03-17,560,Oregon,0.6349162887329614
2020-03-18,560,Oregon,0.6213105284845095
2020-03-19,560,Oregon,0.6063332347388098
2020-03-20,560,Oregon,0.5901727735854009
2020-03-21,560,Oregon,0.5731402170125571
2020-03-22,560,Oregon,0.5555748560815189
2020-03-23,560,Oregon,0.5377965443846502
2020-03-24,560,Oregon,0.5199608966787884
2020-03-25,560,Oregon,0.5026536294430719
2020-03-26,560,Oregon,0.48608409386118434
2020-03-27,560,Oregon,0.47028367050370856
2020-03-28,560,Oregon,0.4553558793160058
2020-03-29,560,Oregon,0.4414533783789543
2020-03-30,560,Oregon,0.4287595441867944
2020-03-31,560,Oregon,0.41741862514340927
2020-04-01,560,Oregon,0.4075185706641229
2020-04-02,560,Oregon,0.39904615332300447
2020-04-03,560,Oregon,0.39196186839902847
2020-04-04,560,Oregon,0.38622882173271145
2020-04-05,560,Oregon,0.38180392726747153
2020-04-06,560,Oregon,0.37862929563496384
2020-04-07,560,Oregon,0.37664046198773393
2020-04-08,560,Oregon,0.3756415915002851
2020-04-09,560,Oregon,0.37549635008851634
2020-04-10,560,Oregon,0.37603586687589463
2020-04-11,560,Oregon,0.37702356501027323
2020-04-12,560,Oregon,0.3781801389310982
2020-04-13,560,Oregon,0.3791401637186678
2020-04-14,560,Oregon,0.3795804458343085
2020-04-15,560,Oregon,0.37923550026962266
2020-04-16,560,Oregon,0.3778349831548822
2020-04-17,560,Oregon,0.37512357437211863
2020-04-18,560,Oregon,0.37094288574825124
2020-04-19,560,Oregon,0.3652835705680631
2020-04-20,560,Oregon,0.35817053795385695
2020-04-21,560,Oregon,0.3497325407922732
2020-04-22,560,Oregon,0.340206995222933
2020-04-23,560,Oregon,0.3298065874549469
2020-04-24,560,Oregon,0.31917922132420634
2020-04-25,560,Oregon,0.3086242510288463
2020-04-26,560,Oregon,0.29845543060925706
2020-04-27,560,Oregon,0.28902270500143346
2020-04-28,560,Oregon,0.280691433982386
2020-04-29,560,Oregon,0.2738252354351341
2020-04-30,560,Oregon,0.2688024474536368
2020-05-01,560,Oregon,0.26571916900915277
2020-05-02,560,Oregon,0.2647692594343788
2020-05-03,560,Oregon,0.26616596083346494
2020-05-04,560,Oregon,0.2700747214795872
2020-05-05,560,Oregon,0.27659189447838983
2020-05-06,560,Oregon,0.2857135197704733
2020-05-07,560,Oregon,0.2973601286431001
2020-05-08,560,Oregon,0.31127649308275673
2020-05-09,560,Oregon,0.3271501276284458
2020-05-10,560,Oregon,0.3446600669496481
2020-05-11,560,Oregon,0.363365549919955
2020-05-12,560,Oregon,0.382716005307632
2020-05-13,560,Oregon,0.4020665278049668
2020-05-14,560,Oregon,0.42073760784785585
2020-05-15,560,Oregon,0.43809077594875795
2020-05-16,560,Oregon,0.4534849607807396
2020-05-17,560,Oregon,0.46656288490775666
2020-05-18,560,Oregon,0.4771004799631775
2020-05-19,560,Oregon,0.4850087263780979
2020-05-20,560,Oregon,0.4903147788142304
2020-05-21,560,Oregon,0.49312852910680643
2020-05-22,560,Oregon,0.49365244563349114
2020-05-23,560,Oregon,0.4921161802645513
2020-05-24,560,Oregon,0.48874561145594614
2020-05-25,560,Oregon,0.48373566841566223
2020-05-26,560,Oregon,0.4772644851851381
2020-05-27,560,Oregon,0.4695209501333489
2020-05-28,560,Oregon,0.46073539418713017
2020-05-29,560,Oregon,0.45118729929523227
2020-05-30,560,Oregon,0.4412640534118214
2020-05-31,560,Oregon,0.43128652560671943
2020-06-01,560,Oregon,0.42161148574130813
2020-06-02,560,Oregon,0.4125904517148289
2020-06-03,560,Oregon,0.404524109160205
2020-06-04,560,Oregon,0.3976125051405077
2020-06-05,560,Oregon,0.39205979577128836
2020-06-06,560,Oregon,0.3880450235280214
2020-06-07,560,Oregon,0.385688025021041
2020-06-08,560,Oregon,0.38508519280155856
2020-06-09,560,Oregon,0.3863450644515452
2020-06-10,560,Oregon,0.3894685491607393
2020-06-11,560,Oregon,0.3944439581119165
2020-06-12,560,Oregon,0.4012277021647399
2020-06-13,560,Oregon,0.40970539012266793
2020-06-14,560,Oregon,0.4196843993476353
2020-06-15,560,Oregon,0.4308918615517844
2020-06-16,560,Oregon,0.44313830205300475
2020-06-17,560,Oregon,0.45576813030945024
2020-06-18,560,Oregon,0.4684635639058813
2020-06-19,560,Oregon,0.48094419887501766
2020-06-20,560,Oregon,0.4929141736240083
2020-06-21,560,Oregon,0.5040723625220473
2020-06-22,560,Oregon,0.514120188267665
2020-06-23,560,Oregon,0.52277101067059
2020-06-24,560,Oregon,0.5298814879463631
2020-06-25,560,Oregon,0.5351888954348063
2020-06-26,560,Oregon,0.5385889942924134
2020-06-27,560,Oregon,0.5402090071781173
2020-06-28,560,Oregon,0.5401801003342319
2020-06-29,560,Oregon,0.5386381712449704
2020-06-30,560,Oregon,0.5357242060154651
2020-07-01,560,Oregon,0.5315837572851565
2020-07-02,560,Oregon,0.5263463638526165
2020-07-03,560,Oregon,0.5201688152583317
2020-07-04,560,Oregon,0.5134228164365569
2020-07-05,560,Oregon,0.5062070895016016
2020-07-06,560,Oregon,0.4986207734845678
2020-07-07,560,Oregon,0.49076753121255146
2020-07-08,560,Oregon,0.4827610915507747
2020-07-09,560,Oregon,0.4747275976978944
2020-07-10,560,Oregon,0.4668043908965999
2020-07-11,560,Oregon,0.45904214300121327
2020-07-12,560,Oregon,0.4516943812570925
2020-07-13,560,Oregon,0.4448077194347954
2020-07-14,560,Oregon,0.43839763246060215
2020-07-15,560,Oregon,0.43249457478076164
2020-07-16,560,Oregon,0.4271384421656876
2020-07-17,560,Oregon,0.42237435845661897
2020-07-18,560,Oregon,0.41824986548992044
2020-07-19,560,Oregon,0.41482180169378224
2020-07-20,560,Oregon,0.41206428351873725
2020-07-21,560,Oregon,0.409940560125588
2020-07-22,560,Oregon,0.40844281724874354
2020-07-23,560,Oregon,0.40754993018706226
2020-07-24,560,Oregon,0.4072245452368001
2020-07-25,560,Oregon,0.40741212646024705
2020-07-26,560,Oregon,0.40803961000454536
2020-07-27,560,Oregon,0.4090214007418225
2020-07-28,560,Oregon,0.4103421766905893
2020-07-29,560,Oregon,0.41171272805449066
2020-07-30,560,Oregon,0.41309085829462766
2020-07-31,560,Oregon,0.4144263681260079
2020-08-01,560,Oregon,0.4156637723079177
2020-08-02,560,Oregon,0.4167435365737091
2020-08-03,560,Oregon,0.41760333178298203
2020-08-04,560,Oregon,0.41817982355507516
2020-08-05,560,Oregon,0.41840952525863534
2020-08-06,560,Oregon,0.41822979612379296
2020-08-07,560,Oregon,0.4175610663080521
2020-08-08,560,Oregon,0.4164420488937891
2020-08-09,560,Oregon,0.41489691530657746
2020-08-10,560,Oregon,0.41291753895358696
2020-08-11,560,Oregon,0.4105050766287417
2020-08-12,560,Oregon,0.4076693423979765
2020-08-13,560,Oregon,0.4044281991120667
2020-08-14,560,Oregon,0.4008067464701728
2020-08-15,560,Oregon,0.39683759659915036
2020-08-16,560,Oregon,0.39256163412077755
2020-08-17,560,Oregon,0.38802507812607967
2020-08-18,560,Oregon,0.3831624462080367
2020-08-19,560,Oregon,0.37828412056387245
2020-08-20,560,Oregon,0.37339997257801344
2020-08-21,560,Oregon,0.36854615095448745
2020-08-22,560,Oregon,0.3637859985131084
2020-08-23,560,Oregon,0.35920865898388343
2020-08-24,560,Oregon,0.3549272082811869
2020-08-25,560,Oregon,0.3510743710656055
2020-08-26,560,Oregon,0.3477968656712433
2020-08-27,560,Oregon,0.3452511274567025
2020-08-28,560,Oregon,0.3436049276331789
2020-08-29,560,Oregon,0.34292560821607027
2020-08-30,560,Oregon,0.3433045075971074
2020-08-31,560,Oregon,0.3448299081877569
2020-09-01,560,Oregon,0.3475090589093541
2020-09-02,560,Oregon,0.35126094408813635
2020-09-03,560,Oregon,0.3559304545685629
2020-09-04,560,Oregon,0.36137139802186713
2020-09-05,560,Oregon,0.3670417959936545
2020-09-06,560,Oregon,0.37269437449949194
2020-09-07,560,Oregon,0.3781379861055823
2020-09-08,560,Oregon,0.38320019691134805
2020-09-09,560,Oregon,0.3875694583953861
2020-09-10,560,Oregon,0.39090657295089853
2020-09-11,560,Oregon,0.3930396210517524
2020-09-12,560,Oregon,0.39378666861005107
2020-09-13,560,Oregon,0.3934020793433571
2020-09-14,560,Oregon,0.39194527938282675
2020-09-15,560,Oregon,0.38953559376017605
2020-09-16,560,Oregon,0.38624195161962815
2020-09-17,560,Oregon,0.3822532895517982
2020-09-18,560,Oregon,0.3781845567483985
2020-09-19,560,Oregon,0.37421957137075523
2020-09-20,560,Oregon,0.37032097226823
2020-09-21,560,Oregon,0.3667302741078935
2020-02-01,561,Pennsylvania,0.0
2020-02-02,561,Pennsylvania,0.0
2020-02-03,561,Pennsylvania,0.0
2020-02-04,561,Pennsylvania,0.0
2020-02-05,561,Pennsylvania,0.0
2020-02-06,561,Pennsylvania,0.0
2020-02-07,561,Pennsylvania,0.0
2020-02-08,561,Pennsylvania,0.0
2020-02-09,561,Pennsylvania,0.0
2020-02-10,561,Pennsylvania,0.0
2020-02-11,561,Pennsylvania,0.0
2020-02-12,561,Pennsylvania,0.0
2020-02-13,561,Pennsylvania,0.0
2020-02-14,561,Pennsylvania,0.0
2020-02-15,561,Pennsylvania,14.368550790583699
2020-02-16,561,Pennsylvania,6.673663734403543
2020-02-17,561,Pennsylvania,3.885123612994185
2020-02-18,561,Pennsylvania,2.564032153383997
2020-02-19,561,Pennsylvania,1.9277625200541322
2020-02-20,561,Pennsylvania,1.3414571817095877
2020-02-21,561,Pennsylvania,1.048981343055171
2020-02-22,561,Pennsylvania,0.89613964607286
2020-02-23,561,Pennsylvania,0.8162463841132945
2020-02-24,561,Pennsylvania,0.7790174442166773
2020-02-25,561,Pennsylvania,0.7689508945319197
2020-02-26,561,Pennsylvania,0.7776867873479258
2020-02-27,561,Pennsylvania,0.8006851312177072
2020-02-28,561,Pennsylvania,0.8342073827029278
2020-02-29,561,Pennsylvania,0.8759281080766612
2020-03-01,561,Pennsylvania,0.9235086867894943
2020-03-02,561,Pennsylvania,0.9746396015035478
2020-03-03,561,Pennsylvania,1.02867280673193
2020-03-04,561,Pennsylvania,1.0820968133539668
2020-03-05,561,Pennsylvania,1.132937937184316
2020-03-06,561,Pennsylvania,1.1809296170030292
2020-03-07,561,Pennsylvania,1.2229935927924604
2020-03-08,561,Pennsylvania,1.2578093817135436
2020-03-09,561,Pennsylvania,1.2849178310922624
2020-03-10,561,Pennsylvania,1.3028851013600187
2020-03-11,561,Pennsylvania,1.311503956902299
2020-03-12,561,Pennsylvania,1.3102087583308646
2020-03-13,561,Pennsylvania,1.2998567041089695
2020-03-14,561,Pennsylvania,1.281598949029047
2020-03-15,561,Pennsylvania,1.2561539914377873
2020-03-16,561,Pennsylvania,1.224879515147938
2020-03-17,561,Pennsylvania,1.1892765998329204
2020-03-18,561,Pennsylvania,1.1509179573699593
2020-03-19,561,Pennsylvania,1.1108773634141458
2020-03-20,561,Pennsylvania,1.0692478990331604
2020-03-21,561,Pennsylvania,1.027645045085312
2020-03-22,561,Pennsylvania,0.9866080676771503
2020-03-23,561,Pennsylvania,0.9464436524833154
2020-03-24,561,Pennsylvania,0.907505207613054
2020-03-25,561,Pennsylvania,0.8703990445425176
2020-03-26,561,Pennsylvania,0.8354350806924107
2020-03-27,561,Pennsylvania,0.8026927348465861
2020-03-28,561,Pennsylvania,0.772720877126913
2020-03-29,561,Pennsylvania,0.7455291790740615
2020-03-30,561,Pennsylvania,0.7210722808375546
2020-03-31,561,Pennsylvania,0.6993502641188081
2020-04-01,561,Pennsylvania,0.6803435409274358
2020-04-02,561,Pennsylvania,0.6640031145237607
2020-04-03,561,Pennsylvania,0.6501225450737678
2020-04-04,561,Pennsylvania,0.6384007980507105
2020-04-05,561,Pennsylvania,0.6285559992024289
2020-04-06,561,Pennsylvania,0.6202976013286257
2020-04-07,561,Pennsylvania,0.6134422227863434
2020-04-08,561,Pennsylvania,0.6072368234053004
2020-04-09,561,Pennsylvania,0.60144246060711
2020-04-10,561,Pennsylvania,0.5958099397545341
2020-04-11,561,Pennsylvania,0.5900877212106245
2020-04-12,561,Pennsylvania,0.5840339136135931
2020-04-13,561,Pennsylvania,0.5774236014674397
2020-04-14,561,Pennsylvania,0.5700268187730512
2020-04-15,561,Pennsylvania,0.5617915850018002
2020-04-16,561,Pennsylvania,0.552825766697035
2020-04-17,561,Pennsylvania,0.5431171251036102
2020-04-18,561,Pennsylvania,0.5327091165021739
2020-04-19,561,Pennsylvania,0.5217089758792344
2020-04-20,561,Pennsylvania,0.5102798774002096
2020-04-21,561,Pennsylvania,0.49863909454721417
2020-04-22,561,Pennsylvania,0.4869616275885246
2020-04-23,561,Pennsylvania,0.475603417206507
2020-04-24,561,Pennsylvania,0.46474403953532134
2020-04-25,561,Pennsylvania,0.4544848894338292
2020-04-26,561,Pennsylvania,0.4449466916739631
2020-04-27,561,Pennsylvania,0.4362585318362106
2020-04-28,561,Pennsylvania,0.4285461146855782
2020-04-29,561,Pennsylvania,0.421927336602806
2020-04-30,561,Pennsylvania,0.4165360938256734
2020-05-01,561,Pennsylvania,0.41221704003666526
2020-05-02,561,Pennsylvania,0.4089974548690703
2020-05-03,561,Pennsylvania,0.40688512939140836
2020-05-04,561,Pennsylvania,0.4058477778488084
2020-05-05,561,Pennsylvania,0.40580782188914477
2020-05-06,561,Pennsylvania,0.4066377252256463
2020-05-07,561,Pennsylvania,0.4081812204991395
2020-05-08,561,Pennsylvania,0.4102652219886746
2020-05-09,561,Pennsylvania,0.4126124119975442
2020-05-10,561,Pennsylvania,0.4150834060837184
2020-05-11,561,Pennsylvania,0.4175087088962947
2020-05-12,561,Pennsylvania,0.41970121343468525
2020-05-13,561,Pennsylvania,0.42146618739446173
2020-05-14,561,Pennsylvania,0.422611120350195
2020-05-15,561,Pennsylvania,0.42292825398375156
2020-05-16,561,Pennsylvania,0.42239239539171997
2020-05-17,561,Pennsylvania,0.4209790111851215
2020-05-18,561,Pennsylvania,0.41864194608656596
2020-05-19,561,Pennsylvania,0.41539293456005866
2020-05-20,561,Pennsylvania,0.41131557406229763
2020-05-21,561,Pennsylvania,0.40657380868292076
2020-05-22,561,Pennsylvania,0.4014061363188886
2020-05-23,561,Pennsylvania,0.3960504833617324
2020-05-24,561,Pennsylvania,0.39084601602130925
2020-05-25,561,Pennsylvania,0.38599950842402647
2020-05-26,561,Pennsylvania,0.3816902758928683
2020-05-27,561,Pennsylvania,0.3780853169153646
2020-05-28,561,Pennsylvania,0.37533825644878993
2020-05-29,561,Pennsylvania,0.37358834862351853
2020-05-30,561,Pennsylvania,0.37297748243680623
2020-05-31,561,Pennsylvania,0.3736345258921343
2020-06-01,561,Pennsylvania,0.3753297208685021
2020-06-02,561,Pennsylvania,0.378102599582077
2020-06-03,561,Pennsylvania,0.3819353141955896
2020-06-04,561,Pennsylvania,0.3867510355519956
2020-06-05,561,Pennsylvania,0.39241464810915716
2020-06-06,561,Pennsylvania,0.3987390225653457
2020-06-07,561,Pennsylvania,0.40549338261735735
2020-06-08,561,Pennsylvania,0.41241118462156234
2020-06-09,561,Pennsylvania,0.41924052860101396
2020-06-10,561,Pennsylvania,0.4258133046277326
2020-06-11,561,Pennsylvania,0.43197119823472785
2020-06-12,561,Pennsylvania,0.43756948126335593
2020-06-13,561,Pennsylvania,0.44247517295314315
2020-06-14,561,Pennsylvania,0.44657273148130855
2020-06-15,561,Pennsylvania,0.44977198096325116
2020-06-16,561,Pennsylvania,0.45201794223877495
2020-06-17,561,Pennsylvania,0.45329604261883516
2020-06-18,561,Pennsylvania,0.4536224310021778
2020-06-19,561,Pennsylvania,0.4530966602015891
2020-06-20,561,Pennsylvania,0.4518373000886792
2020-06-21,561,Pennsylvania,0.44991889929731876
2020-06-22,561,Pennsylvania,0.4474399985733167
2020-06-23,561,Pennsylvania,0.4445207112061877
2020-06-24,561,Pennsylvania,0.4412860388055047
2020-06-25,561,Pennsylvania,0.43786701360365626
2020-06-26,561,Pennsylvania,0.4343857521497095
2020-06-27,561,Pennsylvania,0.4309260606292044
2020-06-28,561,Pennsylvania,0.4275881315897894
2020-06-29,561,Pennsylvania,0.42448873373602564
2020-06-30,561,Pennsylvania,0.4217566296171047
2020-07-01,561,Pennsylvania,0.4195123719271201
2020-07-02,561,Pennsylvania,0.4178646898544304
2020-07-03,561,Pennsylvania,0.4169081317707879
2020-07-04,561,Pennsylvania,0.41673359897954376
2020-07-05,561,Pennsylvania,0.41742485820509234
2020-07-06,561,Pennsylvania,0.41907033005037153
2020-07-07,561,Pennsylvania,0.4217172470217056
2020-07-08,561,Pennsylvania,0.42535791779442034
2020-07-09,561,Pennsylvania,0.4300285969459857
2020-07-10,561,Pennsylvania,0.4357385132863054
2020-07-11,561,Pennsylvania,0.4424602189062257
2020-07-12,561,Pennsylvania,0.45011946609423625
2020-07-13,561,Pennsylvania,0.4585905756977398
2020-07-14,561,Pennsylvania,0.46775531011133603
2020-07-15,561,Pennsylvania,0.47734800921443327
2020-07-16,561,Pennsylvania,0.4871056507263471
2020-07-17,561,Pennsylvania,0.49684611036640997
2020-07-18,561,Pennsylvania,0.5063555656705886
2020-07-19,561,Pennsylvania,0.5153933857767036
2020-07-20,561,Pennsylvania,0.5236982154927123
2020-07-21,561,Pennsylvania,0.5309938304650186
2020-07-22,561,Pennsylvania,0.5370690357573106
2020-07-23,561,Pennsylvania,0.5416562806001755
2020-07-24,561,Pennsylvania,0.544632817348814
2020-07-25,561,Pennsylvania,0.5459569280611917
2020-07-26,561,Pennsylvania,0.5456121254373326
2020-07-27,561,Pennsylvania,0.5436132507509901
2020-07-28,561,Pennsylvania,0.5400188589856885
2020-07-29,561,Pennsylvania,0.5349376579288998
2020-07-30,561,Pennsylvania,0.5285049912902691
2020-07-31,561,Pennsylvania,0.5210570359711834
2020-08-01,561,Pennsylvania,0.5127852910681341
2020-08-02,561,Pennsylvania,0.5038935824943694
2020-08-03,561,Pennsylvania,0.49461369503058045
2020-08-04,561,Pennsylvania,0.4851785781883966
2020-08-05,561,Pennsylvania,0.4758578557013535
2020-08-06,561,Pennsylvania,0.4668695811183062
2020-08-07,561,Pennsylvania,0.45836885462664295
2020-08-08,561,Pennsylvania,0.4505407208622479
2020-08-09,561,Pennsylvania,0.4435910173177588
2020-08-10,561,Pennsylvania,0.4377081139447374
2020-08-11,561,Pennsylvania,0.43304262679036376
2020-08-12,561,Pennsylvania,0.42970661224463214
2020-08-13,561,Pennsylvania,0.42780763511498854
2020-08-14,561,Pennsylvania,0.4274472507655104
2020-08-15,561,Pennsylvania,0.42873630327548606
2020-08-16,561,Pennsylvania,0.4317165750140462
2020-08-17,561,Pennsylvania,0.43642425355865117
2020-08-18,561,Pennsylvania,0.4429259856703936
2020-08-19,561,Pennsylvania,0.4512495684254534
2020-08-20,561,Pennsylvania,0.4613602936318222
2020-08-21,561,Pennsylvania,0.47314162500014983
2020-08-22,561,Pennsylvania,0.48643033691889337
2020-08-23,561,Pennsylvania,0.5008985549679564
2020-08-24,561,Pennsylvania,0.5160023375837135
2020-08-25,561,Pennsylvania,0.53138571993552
2020-08-26,561,Pennsylvania,0.5466125793503341
2020-08-27,561,Pennsylvania,0.5611742853307246
2020-08-28,561,Pennsylvania,0.574507276082046
2020-08-29,561,Pennsylvania,0.586031245230481
2020-08-30,561,Pennsylvania,0.5952596240016521
2020-08-31,561,Pennsylvania,0.6018176802933576
2020-09-01,561,Pennsylvania,0.605669197545421
2020-09-02,561,Pennsylvania,0.6069388604327262
2020-09-03,561,Pennsylvania,0.6058878721265238
2020-09-04,561,Pennsylvania,0.6029495005774553
2020-09-05,561,Pennsylvania,0.5987217151870577
2020-09-06,561,Pennsylvania,0.5938661783629551
2020-09-07,561,Pennsylvania,0.5890965858694083
2020-09-08,561,Pennsylvania,0.5847435287146496
2020-09-09,561,Pennsylvania,0.5807754304663741
2020-09-10,561,Pennsylvania,0.5777997634788539
2020-09-11,561,Pennsylvania,0.5762938075601106
2020-09-12,561,Pennsylvania,0.5768183603918091
2020-09-13,561,Pennsylvania,0.5789559786353096
2020-09-14,561,Pennsylvania,0.5837131808015089
2020-09-15,561,Pennsylvania,0.5889214010722699
2020-09-16,561,Pennsylvania,0.5943609347865065
2020-09-17,561,Pennsylvania,0.5991001843511279
2020-09-18,561,Pennsylvania,0.6034847105052428
2020-09-19,561,Pennsylvania,0.607127944267807
2020-09-20,561,Pennsylvania,0.6098403904940637
2020-09-21,561,Pennsylvania,0.6113323519088865
2020-02-01,562,Rhode Island,0.0
2020-02-02,562,Rhode Island,0.0
2020-02-03,562,Rhode Island,0.0
2020-02-04,562,Rhode Island,0.0
2020-02-05,562,Rhode Island,0.0
2020-02-06,562,Rhode Island,0.0
2020-02-07,562,Rhode Island,0.0
2020-02-08,562,Rhode Island,0.0
2020-02-09,562,Rhode Island,0.0
2020-02-10,562,Rhode Island,0.5452710572292973
2020-02-11,562,Rhode Island,1.1999444770081593
2020-02-12,562,Rhode Island,1.6558204742225004
2020-02-13,562,Rhode Island,1.6918985503820216
2020-02-14,562,Rhode Island,1.534264260366556
2020-02-15,562,Rhode Island,1.2103778341890203
2020-02-16,562,Rhode Island,1.0083330420271457
2020-02-17,562,Rhode Island,0.8845699998858904
2020-02-18,562,Rhode Island,0.8080826887965763
2020-02-19,562,Rhode Island,0.760114292041597
2020-02-20,562,Rhode Island,0.7303863798154007
2020-02-21,562,Rhode Island,0.7125041654031787
2020-02-22,562,Rhode Island,0.7027444256775848
2020-02-23,562,Rhode Island,0.6996422211705702
2020-02-24,562,Rhode Island,0.7014186985901297
2020-02-25,562,Rhode Island,0.7072036602387388
2020-02-26,562,Rhode Island,0.7167207634239361
2020-02-27,562,Rhode Island,0.7304869254044746
2020-02-28,562,Rhode Island,0.7477680989912485
2020-02-29,562,Rhode Island,0.7688262444188141
2020-03-01,562,Rhode Island,0.7940408850547835
2020-03-02,562,Rhode Island,0.8231047852663496
2020-03-03,562,Rhode Island,0.8560410693102555
2020-03-04,562,Rhode Island,0.892431630999433
2020-03-05,562,Rhode Island,0.9318196369626761
2020-03-06,562,Rhode Island,0.9736014691031902
2020-03-07,562,Rhode Island,1.0161790614845632
2020-03-08,562,Rhode Island,1.0587730297155578
2020-03-09,562,Rhode Island,1.0985401392384992
2020-03-10,562,Rhode Island,1.1347740495508472
2020-03-11,562,Rhode Island,1.1643903152822288
2020-03-12,562,Rhode Island,1.185607850093574
2020-03-13,562,Rhode Island,1.196933291020104
2020-03-14,562,Rhode Island,1.1977366539041765
2020-03-15,562,Rhode Island,1.1878076764694931
2020-03-16,562,Rhode Island,1.1678517151831973
2020-03-17,562,Rhode Island,1.1386823063102953
2020-03-18,562,Rhode Island,1.1020584028039946
2020-03-19,562,Rhode Island,1.059210473740655
2020-03-20,562,Rhode Island,1.0117352698125102
2020-03-21,562,Rhode Island,0.9620005540591596
2020-03-22,562,Rhode Island,0.911553389440015
2020-03-23,562,Rhode Island,0.8618639145727728
2020-03-24,562,Rhode Island,0.8144446691422487
2020-03-25,562,Rhode Island,0.7700619260399024
2020-03-26,562,Rhode Island,0.72943813679461
2020-03-27,562,Rhode Island,0.6931645513185011
2020-03-28,562,Rhode Island,0.6611562229525133
2020-03-29,562,Rhode Island,0.6333820299037255
2020-03-30,562,Rhode Island,0.609742695460071
2020-03-31,562,Rhode Island,0.5900675989238092
2020-04-01,562,Rhode Island,0.5738765373901805
2020-04-02,562,Rhode Island,0.5606629788600479
2020-04-03,562,Rhode Island,0.5499495038639768
2020-04-04,562,Rhode Island,0.5412988971946886
2020-04-05,562,Rhode Island,0.5338918443800772
2020-04-06,562,Rhode Island,0.527289905284617
2020-04-07,562,Rhode Island,0.5210848184347665
2020-04-08,562,Rhode Island,0.5149025705475332
2020-04-09,562,Rhode Island,0.5084222538221792
2020-04-10,562,Rhode Island,0.5013825807928073
2020-04-11,562,Rhode Island,0.49379559535938866
2020-04-12,562,Rhode Island,0.4856971682397315
2020-04-13,562,Rhode Island,0.47719092501703503
2020-04-14,562,Rhode Island,0.4684727130847474
2020-04-15,562,Rhode Island,0.4598200438221526
2020-04-16,562,Rhode Island,0.45151484616449256
2020-04-17,562,Rhode Island,0.4439826148973604
2020-04-18,562,Rhode Island,0.4374926188063677
2020-04-19,562,Rhode Island,0.43221791277873123
2020-04-20,562,Rhode Island,0.42833229974530346
2020-04-21,562,Rhode Island,0.4259956958532945
2020-04-22,562,Rhode Island,0.42535913980795564
2020-04-23,562,Rhode Island,0.42640239320323464
2020-04-24,562,Rhode Island,0.4289892267104927
2020-04-25,562,Rhode Island,0.43300328150096956
2020-04-26,562,Rhode Island,0.4382235879430208
2020-04-27,562,Rhode Island,0.4443196720377013
2020-04-28,562,Rhode Island,0.45087400906352787
2020-04-29,562,Rhode Island,0.4574474743212683
2020-04-30,562,Rhode Island,0.46340537342499316
2020-05-01,562,Rhode Island,0.4684304448272037
2020-05-02,562,Rhode Island,0.47219360159268275
2020-05-03,562,Rhode Island,0.474373509334205
2020-05-04,562,Rhode Island,0.47468334214940927
2020-05-05,562,Rhode Island,0.4729187318525517
2020-05-06,562,Rhode Island,0.46921161000190187
2020-05-07,562,Rhode Island,0.4636808310006018
2020-05-08,562,Rhode Island,0.45654408851421086
2020-05-09,562,Rhode Island,0.4481107678520046
2020-05-10,562,Rhode Island,0.43875461442802804
2020-05-11,562,Rhode Island,0.4288108432989193
2020-05-12,562,Rhode Island,0.41875837194547916
2020-05-13,562,Rhode Island,0.4088210926277981
2020-05-14,562,Rhode Island,0.3991632999817914
2020-05-15,562,Rhode Island,0.3899539879043872
2020-05-16,562,Rhode Island,0.38136263883237453
2020-05-17,562,Rhode Island,0.3735520274107168
2020-05-18,562,Rhode Island,0.36657067975545915
2020-05-19,562,Rhode Island,0.3604348757264158
2020-05-20,562,Rhode Island,0.35515019229522443
2020-05-21,562,Rhode Island,0.3506945310554702
2020-05-22,562,Rhode Island,0.3470225571083102
2020-05-23,562,Rhode Island,0.3441075075763486
2020-05-24,562,Rhode Island,0.34187245985810477
2020-05-25,562,Rhode Island,0.34016666757366354
2020-05-26,562,Rhode Island,0.3389945932671961
2020-05-27,562,Rhode Island,0.338345293010012
2020-05-28,562,Rhode Island,0.33818319055805546
2020-05-29,562,Rhode Island,0.3384364583148545
2020-05-30,562,Rhode Island,0.3389910024337303
2020-05-31,562,Rhode Island,0.3396906851332258
2020-06-01,562,Rhode Island,0.3403623166461923
2020-06-02,562,Rhode Island,0.34085151994547846
2020-06-03,562,Rhode Island,0.34102237773698235
2020-06-04,562,Rhode Island,0.34077097167531684
2020-06-05,562,Rhode Island,0.3400027744096407
2020-06-06,562,Rhode Island,0.3386357176215593
2020-06-07,562,Rhode Island,0.33660460815711885
2020-06-08,562,Rhode Island,0.3338658051800254
2020-06-09,562,Rhode Island,0.33040385760295304
2020-06-10,562,Rhode Island,0.32621048677440473
2020-06-11,562,Rhode Island,0.3214292639640466
2020-06-12,562,Rhode Island,0.31616080814097325
2020-06-13,562,Rhode Island,0.31050226254228136
2020-06-14,562,Rhode Island,0.3045929927095406
2020-06-15,562,Rhode Island,0.2986049856469819
2020-06-16,562,Rhode Island,0.2927300181534217
2020-06-17,562,Rhode Island,0.28715528830309256
2020-06-18,562,Rhode Island,0.2819862648004631
2020-06-19,562,Rhode Island,0.2773284870948528
2020-06-20,562,Rhode Island,0.2732742057469887
2020-06-21,562,Rhode Island,0.26989675107385347
2020-06-22,562,Rhode Island,0.26724629001208855
2020-06-23,562,Rhode Island,0.26534742377820814
2020-06-24,562,Rhode Island,0.26422502454912095
2020-06-25,562,Rhode Island,0.26377540268742933
2020-06-26,562,Rhode Island,0.2639895450395747
2020-06-27,562,Rhode Island,0.2648283235980504
2020-06-28,562,Rhode Island,0.2662226303654057
2020-06-29,562,Rhode Island,0.2680735463786234
2020-06-30,562,Rhode Island,0.2702584005069181
2020-07-01,562,Rhode Island,0.27268250576260067
2020-07-02,562,Rhode Island,0.27527204021009694
2020-07-03,562,Rhode Island,0.27795926316816116
2020-07-04,562,Rhode Island,0.2806848965767325
2020-07-05,562,Rhode Island,0.2834026402563942
2020-07-06,562,Rhode Island,0.2860845972816015
2020-07-07,562,Rhode Island,0.28870676418531177
2020-07-08,562,Rhode Island,0.29133694720264786
2020-07-09,562,Rhode Island,0.2940407172347522
2020-07-10,562,Rhode Island,0.2968767776619481
2020-07-11,562,Rhode Island,0.29993836828057574
2020-07-12,562,Rhode Island,0.30334975786662854
2020-07-13,562,Rhode Island,0.30726079221651786
2020-07-14,562,Rhode Island,0.3118106568647827
2020-07-15,562,Rhode Island,0.3171491264751359
2020-07-16,562,Rhode Island,0.32337094327227633
2020-07-17,562,Rhode Island,0.3305545980770776
2020-07-18,562,Rhode Island,0.3387690924601941
2020-07-19,562,Rhode Island,0.3480713486847693
2020-07-20,562,Rhode Island,0.358504394088419
2020-07-21,562,Rhode Island,0.37007088815443706
2020-07-22,562,Rhode Island,0.3826916344194596
2020-07-23,562,Rhode Island,0.39624826918862766
2020-07-24,562,Rhode Island,0.4105510886689268
2020-07-25,562,Rhode Island,0.4253276892252965
2020-07-26,562,Rhode Island,0.4402201208775341
2020-07-27,562,Rhode Island,0.4548123646724334
2020-07-28,562,Rhode Island,0.46858496576254105
2020-07-29,562,Rhode Island,0.48108205609842053
2020-07-30,562,Rhode Island,0.49190428275143555
2020-07-31,562,Rhode Island,0.5006675440450039
2020-08-01,562,Rhode Island,0.507071578673456
2020-08-02,562,Rhode Island,0.5108608931949398
2020-08-03,562,Rhode Island,0.5120314286940288
2020-08-04,562,Rhode Island,0.51061708422911
2020-08-05,562,Rhode Island,0.5067162492408224
2020-08-06,562,Rhode Island,0.5006212242592424
2020-08-07,562,Rhode Island,0.49271921465338436
2020-08-08,562,Rhode Island,0.48346235081114886
2020-08-09,562,Rhode Island,0.4733077591114954
2020-08-10,562,Rhode Island,0.4628527676815175
2020-08-11,562,Rhode Island,0.45276491788027695
2020-08-12,562,Rhode Island,0.4433303115283256
2020-08-13,562,Rhode Island,0.4348766927137259
2020-08-14,562,Rhode Island,0.4277537902591968
2020-08-15,562,Rhode Island,0.42231283566541755
2020-08-16,562,Rhode Island,0.4187991082745697
2020-08-17,562,Rhode Island,0.4174371488929164
2020-08-18,562,Rhode Island,0.41829784409642606
2020-08-19,562,Rhode Island,0.4214405439674708
2020-08-20,562,Rhode Island,0.42688083067833926
2020-08-21,562,Rhode Island,0.4345497564637408
2020-08-22,562,Rhode Island,0.4442327295945042
2020-08-23,562,Rhode Island,0.45545439986414427
2020-08-24,562,Rhode Island,0.46770644090340363
2020-08-25,562,Rhode Island,0.48030186812320075
2020-08-26,562,Rhode Island,0.49252246533099914
2020-08-27,562,Rhode Island,0.5032177168280729
2020-08-28,562,Rhode Island,0.5117110422505063
2020-08-29,562,Rhode Island,0.5173850999864618
2020-08-30,562,Rhode Island,0.5196170216297429
2020-08-31,562,Rhode Island,0.5179303885046727
2020-09-01,562,Rhode Island,0.5126317959118248
2020-09-02,562,Rhode Island,0.5044340473581238
2020-09-03,562,Rhode Island,0.4941827488634152
2020-09-04,562,Rhode Island,0.48287709875815676
2020-09-05,562,Rhode Island,0.47155422543676156
2020-09-06,562,Rhode Island,0.4611392659484717
2020-09-07,562,Rhode Island,0.4520099599751436
2020-09-08,562,Rhode Island,0.444236235364037
2020-09-09,562,Rhode Island,0.438057056268814
2020-09-10,562,Rhode Island,0.43340703066828223
2020-09-11,562,Rhode Island,0.4302350914155921
2020-09-12,562,Rhode Island,0.4283900646582587
2020-09-13,562,Rhode Island,0.42781231501795985
2020-09-14,562,Rhode Island,0.428428124968641
2020-09-15,562,Rhode Island,0.4296112220042998
2020-09-16,562,Rhode Island,0.43122174880237746
2020-09-17,562,Rhode Island,0.43263076294183056
2020-09-18,562,Rhode Island,0.43414305359092925
2020-09-19,562,Rhode Island,0.43566239373091903
2020-09-20,562,Rhode Island,0.4370090982863364
2020-09-21,562,Rhode Island,0.4380988124687213
2020-02-01,563,South Carolina,0.0
2020-02-02,563,South Carolina,0.0
2020-02-03,563,South Carolina,0.0
2020-02-04,563,South Carolina,0.0
2020-02-05,563,South Carolina,0.0
2020-02-06,563,South Carolina,0.0
2020-02-07,563,South Carolina,0.0
2020-02-08,563,South Carolina,0.0
2020-02-09,563,South Carolina,0.0
2020-02-10,563,South Carolina,0.0
2020-02-11,563,South Carolina,0.0
2020-02-12,563,South Carolina,0.0
2020-02-13,563,South Carolina,0.0
2020-02-14,563,South Carolina,0.0
2020-02-15,563,South Carolina,0.0
2020-02-16,563,South Carolina,11.035994874484038
2020-02-17,563,South Carolina,6.456583905117491
2020-02-18,563,South Carolina,3.935043425006546
2020-02-19,563,South Carolina,2.799429747687215
2020-02-20,563,South Carolina,2.1775764768859176
2020-02-21,563,South Carolina,1.6675023324421252
2020-02-22,563,South Carolina,1.394754287216861
2020-02-23,563,South Carolina,1.2415743571956517
2020-02-24,563,South Carolina,1.1523656099578585
2020-02-25,563,South Carolina,1.09883970088009
2020-02-26,563,South Carolina,1.066804787984036
2020-02-27,563,South Carolina,1.047693298292044
2020-02-28,563,South Carolina,1.0364994438158974
2020-02-29,563,South Carolina,1.029692012406746
2020-03-01,563,South Carolina,1.0253120541502787
2020-03-02,563,South Carolina,1.0222652436025494
2020-03-03,563,South Carolina,1.018800482392728
2020-03-04,563,South Carolina,1.0142764173264758
2020-03-05,563,South Carolina,1.007955078308804
2020-03-06,563,South Carolina,0.9989007160387114
2020-03-07,563,South Carolina,0.9867360188406676
2020-03-08,563,South Carolina,0.9709963557165924
2020-03-09,563,South Carolina,0.9516712348718457
2020-03-10,563,South Carolina,0.9288595707681866
2020-03-11,563,South Carolina,0.9024920242557756
2020-03-12,563,South Carolina,0.8730572607245365
2020-03-13,563,South Carolina,0.8412603521309183
2020-03-14,563,South Carolina,0.8077003567076767
2020-03-15,563,South Carolina,0.7731221683500812
2020-03-16,563,South Carolina,0.7386242249457515
2020-03-17,563,South Carolina,0.7049865035831262
2020-03-18,563,South Carolina,0.672732736398774
2020-03-19,563,South Carolina,0.6430316346742562
2020-03-20,563,South Carolina,0.6160875133002468
2020-03-21,563,South Carolina,0.59217302424995
2020-03-22,563,South Carolina,0.571628896327579
2020-03-23,563,South Carolina,0.5546597067565754
2020-03-24,563,South Carolina,0.5415723100613089
2020-03-25,563,South Carolina,0.5321919592098618
2020-03-26,563,South Carolina,0.5264005433441227
2020-03-27,563,South Carolina,0.5241155166517445
2020-03-28,563,South Carolina,0.5252185608415196
2020-03-29,563,South Carolina,0.5293399553592868
2020-03-30,563,South Carolina,0.536075869555677
2020-03-31,563,South Carolina,0.5449435750740073
2020-04-01,563,South Carolina,0.5553519124346917
2020-04-02,563,South Carolina,0.5668310141520316
2020-04-03,563,South Carolina,0.5780164809642007
2020-04-04,563,South Carolina,0.5882331042484017
2020-04-05,563,South Carolina,0.5968485258311774
2020-04-06,563,South Carolina,0.6031281930590231
2020-04-07,563,South Carolina,0.6062885021165519
2020-04-08,563,South Carolina,0.6057509727568826
2020-04-09,563,South Carolina,0.6008869075272368
2020-04-10,563,South Carolina,0.5917732867852663
2020-04-11,563,South Carolina,0.5787585640731043
2020-04-12,563,South Carolina,0.5622560599761068
2020-04-13,563,South Carolina,0.5428018974247419
2020-04-14,563,South Carolina,0.5210549205056393
2020-04-15,563,South Carolina,0.49798394181235145
2020-04-16,563,South Carolina,0.47441802903301133
2020-04-17,563,South Carolina,0.45114967038033904
2020-04-18,563,South Carolina,0.42895745811094904
2020-04-19,563,South Carolina,0.4085418199630923
2020-04-20,563,South Carolina,0.3903178594038875
2020-04-21,563,South Carolina,0.37468946640385487
2020-04-22,563,South Carolina,0.36196166148710107
2020-04-23,563,South Carolina,0.35229105065056227
2020-04-24,563,South Carolina,0.34576316377796157
2020-04-25,563,South Carolina,0.34242801148465063
2020-04-26,563,South Carolina,0.3421325336144264
2020-04-27,563,South Carolina,0.34472914927285614
2020-04-28,563,South Carolina,0.35001184531038726
2020-04-29,563,South Carolina,0.3576379673226472
2020-04-30,563,South Carolina,0.3671962342292374
2020-05-01,563,South Carolina,0.3781478634536768
2020-05-02,563,South Carolina,0.3900499221149587
2020-05-03,563,South Carolina,0.40236867837867074
2020-05-04,563,South Carolina,0.4144885994983195
2020-05-05,563,South Carolina,0.42579494279342617
2020-05-06,563,South Carolina,0.4357794206279816
2020-05-07,563,South Carolina,0.4440611482639695
2020-05-08,563,South Carolina,0.45036150903278055
2020-05-09,563,South Carolina,0.45448336198203887
2020-05-10,563,South Carolina,0.45666774274793326
2020-05-11,563,South Carolina,0.4571315151733243
2020-05-12,563,South Carolina,0.45612531568682685
2020-05-13,563,South Carolina,0.4539667475932515
2020-05-14,563,South Carolina,0.4510099531456447
2020-05-15,563,South Carolina,0.4476280587484122
2020-05-16,563,South Carolina,0.4440998528473911
2020-05-17,563,South Carolina,0.44080603546221653
2020-05-18,563,South Carolina,0.4379004905403124
2020-05-19,563,South Carolina,0.43552729345895225
2020-05-20,563,South Carolina,0.43382524140937606
2020-05-21,563,South Carolina,0.4329147497774326
2020-05-22,563,South Carolina,0.4328924104648628
2020-05-23,563,South Carolina,0.43377608630396336
2020-05-24,563,South Carolina,0.43549717895137213
2020-05-25,563,South Carolina,0.43802284186515356
2020-05-26,563,South Carolina,0.4413137957328298
2020-05-27,563,South Carolina,0.44532941676003135
2020-05-28,563,South Carolina,0.4500272809542563
2020-05-29,563,South Carolina,0.4553852871477499
2020-05-30,563,South Carolina,0.4613451652280966
2020-05-31,563,South Carolina,0.4678100570692718
2020-06-01,563,South Carolina,0.47473007298403397
2020-06-02,563,South Carolina,0.4820344459732415
2020-06-03,563,South Carolina,0.4896365852340947
2020-06-04,563,South Carolina,0.4974377161629865
2020-06-05,563,South Carolina,0.5053339568768458
2020-06-06,563,South Carolina,0.513224808726836
2020-06-07,563,South Carolina,0.5210189905486434
2020-06-08,563,South Carolina,0.5285952937332729
2020-06-09,563,South Carolina,0.5359369689775044
2020-06-10,563,South Carolina,0.5430928052757972
2020-06-11,563,South Carolina,0.5500072331928839
2020-06-12,563,South Carolina,0.556644231048894
2020-06-13,563,South Carolina,0.5629932178535294
2020-06-14,563,South Carolina,0.5690766442761577
2020-06-15,563,South Carolina,0.5749512979857013
2020-06-16,563,South Carolina,0.5806975569862157
2020-06-17,563,South Carolina,0.5864075818362647
2020-06-18,563,South Carolina,0.5921701333226091
2020-06-19,563,South Carolina,0.598031011210522
2020-06-20,563,South Carolina,0.6039648127980889
2020-06-21,563,South Carolina,0.6099336567001041
2020-06-22,563,South Carolina,0.6158881880165199
2020-06-23,563,South Carolina,0.6217721894289573
2020-06-24,563,South Carolina,0.6275203137894156
2020-06-25,563,South Carolina,0.6330505158031757
2020-06-26,563,South Carolina,0.6382592092531783
2020-06-27,563,South Carolina,0.6430054869407398
2020-06-28,563,South Carolina,0.6471277029335318
2020-06-29,563,South Carolina,0.6503665681892984
2020-06-30,563,South Carolina,0.6525328024805938
2020-07-01,563,South Carolina,0.6534822959122281
2020-07-02,563,South Carolina,0.6530210682044009
2020-07-03,563,South Carolina,0.6509981717323684
2020-07-04,563,South Carolina,0.6472106057712432
2020-07-05,563,South Carolina,0.6416953572882113
2020-07-06,563,South Carolina,0.6344724670374857
2020-07-07,563,South Carolina,0.6255574392027886
2020-07-08,563,South Carolina,0.6150524008393383
2020-07-09,563,South Carolina,0.6031231272109644
2020-07-10,563,South Carolina,0.5899509160710589
2020-07-11,563,South Carolina,0.5757498571253806
2020-07-12,563,South Carolina,0.5607529482183335
2020-07-13,563,South Carolina,0.5453544448431927
2020-07-14,563,South Carolina,0.5298181106384774
2020-07-15,563,South Carolina,0.5144680877243021
2020-07-16,563,South Carolina,0.4996655765882984
2020-07-17,563,South Carolina,0.48579188971847925
2020-07-18,563,South Carolina,0.4730906417223752
2020-07-19,563,South Carolina,0.4617266590985872
2020-07-20,563,South Carolina,0.45187012513023717
2020-07-21,563,South Carolina,0.44365958019946816
2020-07-22,563,South Carolina,0.4371536379979749
2020-07-23,563,South Carolina,0.43237438174025244
2020-07-24,563,South Carolina,0.4293177755350224
2020-07-25,563,South Carolina,0.4279571217919789
2020-07-26,563,South Carolina,0.4281524933643847
2020-07-27,563,South Carolina,0.4297460679829938
2020-07-28,563,South Carolina,0.4325818538190054
2020-07-29,563,South Carolina,0.43642867891530335
2020-07-30,563,South Carolina,0.4409971262641567
2020-07-31,563,South Carolina,0.4459728866779152
2020-08-01,563,South Carolina,0.45104337437891834
2020-08-02,563,South Carolina,0.45598962679508986
2020-08-03,563,South Carolina,0.4605825527395731
2020-08-04,563,South Carolina,0.4645889947869574
2020-08-05,563,South Carolina,0.46781368297123727
2020-08-06,563,South Carolina,0.4701350250410361
2020-08-07,563,South Carolina,0.47148599722943063
2020-08-08,563,South Carolina,0.4718506969524513
2020-08-09,563,South Carolina,0.47126669512373914
2020-08-10,563,South Carolina,0.46978096871312147
2020-08-11,563,South Carolina,0.4676540274862741
2020-08-12,563,South Carolina,0.4650253956012476
2020-08-13,563,South Carolina,0.4620241220076131
2020-08-14,563,South Carolina,0.45879491624322183
2020-08-15,563,South Carolina,0.45549299149984174
2020-08-16,563,South Carolina,0.4522783245753542
2020-08-17,563,South Carolina,0.44927487685303136
2020-08-18,563,South Carolina,0.44658447802205004
2020-08-19,563,South Carolina,0.4442634776616178
2020-08-20,563,South Carolina,0.4423601457559733
2020-08-21,563,South Carolina,0.440916108435366
2020-08-22,563,South Carolina,0.43996532358690105
2020-08-23,563,South Carolina,0.43953997808652046
2020-08-24,563,South Carolina,0.4397430467836193
2020-08-25,563,South Carolina,0.44037221285062667
2020-08-26,563,South Carolina,0.44144629259318496
2020-08-27,563,South Carolina,0.4429737786874794
2020-08-28,563,South Carolina,0.4449546744904042
2020-08-29,563,South Carolina,0.4473830085411176
2020-08-30,563,South Carolina,0.4502488179126496
2020-08-31,563,South Carolina,0.4535273298724245
2020-09-01,563,South Carolina,0.45717347798832514
2020-09-02,563,South Carolina,0.46107867287116794
2020-09-03,563,South Carolina,0.46510221077990616
2020-09-04,563,South Carolina,0.4690945609369672
2020-09-05,563,South Carolina,0.4727779570781604
2020-09-06,563,South Carolina,0.476249162228407
2020-09-07,563,South Carolina,0.4794577501564752
2020-09-08,563,South Carolina,0.482355552143571
2020-09-09,563,South Carolina,0.48505057083507747
2020-09-10,563,South Carolina,0.4873456132602693
2020-09-11,563,South Carolina,0.489439456393322
2020-09-12,563,South Carolina,0.4915830275296324
2020-09-13,563,South Carolina,0.49367936907258697
2020-09-14,563,South Carolina,0.49587523592115546
2020-09-15,563,South Carolina,0.49813282086028643
2020-09-16,563,South Carolina,0.5004164310248552
2020-09-17,563,South Carolina,0.5026139556791515
2020-09-18,563,South Carolina,0.5050068392277424
2020-09-19,563,South Carolina,0.5074993220413031
2020-09-20,563,South Carolina,0.5097942574599663
2020-09-21,563,South Carolina,0.5118283485247138
2020-02-01,564,South Dakota,0.0
2020-02-02,564,South Dakota,0.0
2020-02-03,564,South Dakota,0.0
2020-02-04,564,South Dakota,0.0
2020-02-05,564,South Dakota,0.0
2020-02-06,564,South Dakota,0.0
2020-02-07,564,South Dakota,0.0
2020-02-08,564,South Dakota,0.0
2020-02-09,564,South Dakota,0.0
2020-02-10,564,South Dakota,0.0
2020-02-11,564,South Dakota,0.0
2020-02-12,564,South Dakota,0.0
2020-02-13,564,South Dakota,0.0
2020-02-14,564,South Dakota,0.0
2020-02-15,564,South Dakota,0.0
2020-02-16,564,South Dakota,0.0
2020-02-17,564,South Dakota,0.0
2020-02-18,564,South Dakota,0.0
2020-02-19,564,South Dakota,12.771883606633375
2020-02-20,564,South Dakota,6.3640672328078995
2020-02-21,564,South Dakota,3.727369850786931
2020-02-22,564,South Dakota,2.541815445601652
2020-02-23,564,South Dakota,1.9051801978829157
2020-02-24,564,South Dakota,1.3553731569087621
2020-02-25,564,South Dakota,1.0626943962769297
2020-02-26,564,South Dakota,0.8938413717363203
2020-02-27,564,South Dakota,0.7893380527701652
2020-02-28,564,South Dakota,0.7204909364546122
2020-02-29,564,South Dakota,0.6728192781682523
2020-03-01,564,South Dakota,0.6382072986806882
2020-03-02,564,South Dakota,0.6119209374367263
2020-03-03,564,South Dakota,0.5911671661767327
2020-03-04,564,South Dakota,0.5739334920897048
2020-03-05,564,South Dakota,0.5591789890696606
2020-03-06,564,South Dakota,0.5461764563176538
2020-03-07,564,South Dakota,0.5343840689592679
2020-03-08,564,South Dakota,0.5234533495629359
2020-03-09,564,South Dakota,0.5130227124370544
2020-03-10,564,South Dakota,0.5029231543225916
2020-03-11,564,South Dakota,0.4930636290432036
2020-03-12,564,South Dakota,0.48332993043173295
2020-03-13,564,South Dakota,0.4736027578568444
2020-03-14,564,South Dakota,0.4637858303732704
2020-03-15,564,South Dakota,0.4537390839191632
2020-03-16,564,South Dakota,0.4438015513125458
2020-03-17,564,South Dakota,0.4340136777986471
2020-03-18,564,South Dakota,0.42450522837519794
2020-03-19,564,South Dakota,0.415521455605299
2020-03-20,564,South Dakota,0.4074095495727959
2020-03-21,564,South Dakota,0.40057057033634186
2020-03-22,564,South Dakota,0.39545872811377375
2020-03-23,564,South Dakota,0.3924529796463587
2020-03-24,564,South Dakota,0.3918373120688965
2020-03-25,564,South Dakota,0.3939664104169843
2020-03-26,564,South Dakota,0.3992075844023329
2020-03-27,564,South Dakota,0.4079677301462677
2020-03-28,564,South Dakota,0.4204407442151621
2020-03-29,564,South Dakota,0.4367740272661095
2020-03-30,564,South Dakota,0.4570606831795994
2020-03-31,564,South Dakota,0.4811773346899971
2020-04-01,564,South Dakota,0.5088985268646448
2020-04-02,564,South Dakota,0.53935069506694
2020-04-03,564,South Dakota,0.571434498338213
2020-04-04,564,South Dakota,0.6039143252873828
2020-04-05,564,South Dakota,0.6350275912078637
2020-04-06,564,South Dakota,0.6631060419630663
2020-04-07,564,South Dakota,0.6867416567109567
2020-04-08,564,South Dakota,0.7046550719318804
2020-04-09,564,South Dakota,0.7161168654984668
2020-04-10,564,South Dakota,0.7196513033233263
2020-04-11,564,South Dakota,0.7158887673128178
2020-04-12,564,South Dakota,0.705355749338739
2020-04-13,564,South Dakota,0.6885472649259639
2020-04-14,564,South Dakota,0.6661909273910126
2020-04-15,564,South Dakota,0.6395517280305367
2020-04-16,564,South Dakota,0.6100331933800787
2020-04-17,564,South Dakota,0.5787743269401587
2020-04-18,564,South Dakota,0.5466680614817186
2020-04-19,564,South Dakota,0.5150695007677664
2020-04-20,564,South Dakota,0.4845848988430128
2020-04-21,564,South Dakota,0.4556881488031276
2020-04-22,564,South Dakota,0.4288472635734385
2020-04-23,564,South Dakota,0.4043928064980036
2020-04-24,564,South Dakota,0.38256931424216517
2020-04-25,564,South Dakota,0.36331917077177894
2020-04-26,564,South Dakota,0.3466732358404297
2020-04-27,564,South Dakota,0.3326950684375226
2020-04-28,564,South Dakota,0.32130765910993775
2020-04-29,564,South Dakota,0.3123983389085533
2020-04-30,564,South Dakota,0.30586566286052175
2020-05-01,564,South Dakota,0.3015967002478925
2020-05-02,564,South Dakota,0.2995317037318813
2020-05-03,564,South Dakota,0.29940980160624303
2020-05-04,564,South Dakota,0.30120371273800517
2020-05-05,564,South Dakota,0.304883159512826
2020-05-06,564,South Dakota,0.31037662979162756
2020-05-07,564,South Dakota,0.31754122605934126
2020-05-08,564,South Dakota,0.32619805001407365
2020-05-09,564,South Dakota,0.33601441118475656
2020-05-10,564,South Dakota,0.3466810208822655
2020-05-11,564,South Dakota,0.3578652819738206
2020-05-12,564,South Dakota,0.3691575582060025
2020-05-13,564,South Dakota,0.38009298348659526
2020-05-14,564,South Dakota,0.3901968435895694
2020-05-15,564,South Dakota,0.39902455551760585
2020-05-16,564,South Dakota,0.40619995688213406
2020-05-17,564,South Dakota,0.41149538156389964
2020-05-18,564,South Dakota,0.41474112896024046
2020-05-19,564,South Dakota,0.415848571428058
2020-05-20,564,South Dakota,0.41483581875801
2020-05-21,564,South Dakota,0.4117848462966015
2020-05-22,564,South Dakota,0.40728557368323326
2020-05-23,564,South Dakota,0.40163715154574964
2020-05-24,564,South Dakota,0.39523243754809273
2020-05-25,564,South Dakota,0.38851452261064306
2020-05-26,564,South Dakota,0.3819381823388935
2020-05-27,564,South Dakota,0.3758745888228766
2020-05-28,564,South Dakota,0.37068622080024577
2020-05-29,564,South Dakota,0.36654770686313787
2020-05-30,564,South Dakota,0.363596596589289
2020-05-31,564,South Dakota,0.3619654761359077
2020-06-01,564,South Dakota,0.3617655438050805
2020-06-02,564,South Dakota,0.3630950272564735
2020-06-03,564,South Dakota,0.36584557124850303
2020-06-04,564,South Dakota,0.36986593166486104
2020-06-05,564,South Dakota,0.3750091929796012
2020-06-06,564,South Dakota,0.3810490805782
2020-06-07,564,South Dakota,0.38769184962910935
2020-06-08,564,South Dakota,0.39460490476705407
2020-06-09,564,South Dakota,0.40145762276738517
2020-06-10,564,South Dakota,0.40786259978285677
2020-06-11,564,South Dakota,0.41361823991246566
2020-06-12,564,South Dakota,0.418524608893688
2020-06-13,564,South Dakota,0.4223921544425594
2020-06-14,564,South Dakota,0.425053076370965
2020-06-15,564,South Dakota,0.4263927913459523
2020-06-16,564,South Dakota,0.42645540129632614
2020-06-17,564,South Dakota,0.4253030910038756
2020-06-18,564,South Dakota,0.4230476603577872
2020-06-19,564,South Dakota,0.41985194751015903
2020-06-20,564,South Dakota,0.41592193655460036
2020-06-21,564,South Dakota,0.4113801777697164
2020-06-22,564,South Dakota,0.4066384841381829
2020-06-23,564,South Dakota,0.4019273827025228
2020-06-24,564,South Dakota,0.3973401740930334
2020-06-25,564,South Dakota,0.39298287394647
2020-06-26,564,South Dakota,0.38897033051149754
2020-06-27,564,South Dakota,0.3854226509388564
2020-06-28,564,South Dakota,0.38246095116495593
2020-06-29,564,South Dakota,0.38020385268840573
2020-06-30,564,South Dakota,0.37876164371657123
2020-07-01,564,South Dakota,0.3780659886741942
2020-07-02,564,South Dakota,0.37811970743875817
2020-07-03,564,South Dakota,0.37891785926375643
2020-07-04,564,South Dakota,0.38043282300349546
2020-07-05,564,South Dakota,0.3826152906786634
2020-07-06,564,South Dakota,0.38539206521532104
2020-07-07,564,South Dakota,0.3886656732283722
2020-07-08,564,South Dakota,0.3923290729775671
2020-07-09,564,South Dakota,0.3963386726094851
2020-07-10,564,South Dakota,0.4003424423259585
2020-07-11,564,South Dakota,0.4042723172956151
2020-07-12,564,South Dakota,0.4080312123351199
2020-07-13,564,South Dakota,0.4114912897344674
2020-07-14,564,South Dakota,0.4144925474540465
2020-07-15,564,South Dakota,0.4168486893941152
2020-07-16,564,South Dakota,0.4183569758262607
2020-07-17,564,South Dakota,0.41881037653321246
2020-07-18,564,South Dakota,0.4180733515035287
2020-07-19,564,South Dakota,0.41609627269248134
2020-07-20,564,South Dakota,0.41284916916453346
2020-07-21,564,South Dakota,0.4083270865847122
2020-07-22,564,South Dakota,0.402560851792058
2020-07-23,564,South Dakota,0.395629266040654
2020-07-24,564,South Dakota,0.38766224800437377
2020-07-25,564,South Dakota,0.3788448605681905
2020-07-26,564,South Dakota,0.36939997800369767
2020-07-27,564,South Dakota,0.3596358305016618
2020-07-28,564,South Dakota,0.34978882344094075
2020-07-29,564,South Dakota,0.3401090317136065
2020-07-30,564,South Dakota,0.33088222623962227
2020-07-31,564,South Dakota,0.3223944364043436
2020-08-01,564,South Dakota,0.314875172107423
2020-08-02,564,South Dakota,0.3085217569175423
2020-08-03,564,South Dakota,0.30353446907890547
2020-08-04,564,South Dakota,0.30009170679585345
2020-08-05,564,South Dakota,0.29833053546991284
2020-08-06,564,South Dakota,0.298396032614729
2020-08-07,564,South Dakota,0.3004184946786569
2020-08-08,564,South Dakota,0.3046128324467878
2020-08-09,564,South Dakota,0.31089072766223386
2020-08-10,564,South Dakota,0.31931068546392233
2020-08-11,564,South Dakota,0.32993582016870093
2020-08-12,564,South Dakota,0.34275941468855026
2020-08-13,564,South Dakota,0.35769082880050146
2020-08-14,564,South Dakota,0.37455318247316516
2020-08-15,564,South Dakota,0.39308143410145074
2020-08-16,564,South Dakota,0.41292053561633746
2020-08-17,564,South Dakota,0.43363444384011357
2020-08-18,564,South Dakota,0.4547471895505395
2020-08-19,564,South Dakota,0.47580784857666947
2020-08-20,564,South Dakota,0.49632538651673225
2020-08-21,564,South Dakota,0.5158073320833957
2020-08-22,564,South Dakota,0.5337628006661912
2020-08-23,564,South Dakota,0.5497102396012543
2020-08-24,564,South Dakota,0.5631891089790493
2020-08-25,564,South Dakota,0.5738184059946371
2020-08-26,564,South Dakota,0.5813124045388393
2020-08-27,564,South Dakota,0.5854544803181649
2020-08-28,564,South Dakota,0.5861148802058002
2020-08-29,564,South Dakota,0.5832325298030183
2020-08-30,564,South Dakota,0.576841219392625
2020-08-31,564,South Dakota,0.5671015965371435
2020-09-01,564,South Dakota,0.554586697851944
2020-09-02,564,South Dakota,0.5399769028951998
2020-09-03,564,South Dakota,0.5239659108569091
2020-09-04,564,South Dakota,0.5075265227928274
2020-09-05,564,South Dakota,0.49161767671500184
2020-09-06,564,South Dakota,0.4768153590575937
2020-09-07,564,South Dakota,0.46359819559980786
2020-09-08,564,South Dakota,0.452296307136389
2020-09-09,564,South Dakota,0.4430151692847715
2020-09-10,564,South Dakota,0.4355744067794209
2020-09-11,564,South Dakota,0.42964610079345805
2020-09-12,564,South Dakota,0.42498979067308734
2020-09-13,564,South Dakota,0.4209931891032186
2020-09-14,564,South Dakota,0.41724707769934904
2020-09-15,564,South Dakota,0.41325305661467454
2020-09-16,564,South Dakota,0.4085311484825436
2020-09-17,564,South Dakota,0.4029721869176691
2020-09-18,564,South Dakota,0.39702868369196975
2020-09-19,564,South Dakota,0.39084038534857246
2020-09-20,564,South Dakota,0.38453516906137675
2020-09-21,564,South Dakota,0.3784357152386379
2020-02-01,565,Tennessee,0.0
2020-02-02,565,Tennessee,0.0
2020-02-03,565,Tennessee,0.0
2020-02-04,565,Tennessee,0.0
2020-02-05,565,Tennessee,0.0
2020-02-06,565,Tennessee,0.0
2020-02-07,565,Tennessee,0.0
2020-02-08,565,Tennessee,0.0
2020-02-09,565,Tennessee,0.0
2020-02-10,565,Tennessee,0.0
2020-02-11,565,Tennessee,0.0
2020-02-12,565,Tennessee,0.0
2020-02-13,565,Tennessee,0.0
2020-02-14,565,Tennessee,0.6201178076367766
2020-02-15,565,Tennessee,1.4249851636208417
2020-02-16,565,Tennessee,1.9459747702289578
2020-02-17,565,Tennessee,1.9807526732713094
2020-02-18,565,Tennessee,1.830349338788989
2020-02-19,565,Tennessee,1.546680868713537
2020-02-20,565,Tennessee,1.3860621662025245
2020-02-21,565,Tennessee,1.3083586233737325
2020-02-22,565,Tennessee,1.2813329868352323
2020-02-23,565,Tennessee,1.286421295087262
2020-02-24,565,Tennessee,1.312712836996253
2020-02-25,565,Tennessee,1.3528534528448932
2020-02-26,565,Tennessee,1.4019701156129403
2020-02-27,565,Tennessee,1.4564182756605355
2020-02-28,565,Tennessee,1.5129554199332298
2020-02-29,565,Tennessee,1.5683244345885574
2020-03-01,565,Tennessee,1.619112479995352
2020-03-02,565,Tennessee,1.6618876576003387
2020-03-03,565,Tennessee,1.6934697357465178
2020-03-04,565,Tennessee,1.7112284805794826
2020-03-05,565,Tennessee,1.7133012463237494
2020-03-06,565,Tennessee,1.6986892673559928
2020-03-07,565,Tennessee,1.6673531774088757
2020-03-08,565,Tennessee,1.6202376054616598
2020-03-09,565,Tennessee,1.5591462828599072
2020-03-10,565,Tennessee,1.4864205620526607
2020-03-11,565,Tennessee,1.4049623237362752
2020-03-12,565,Tennessee,1.3171600651194024
2020-03-13,565,Tennessee,1.2259343714052162
2020-03-14,565,Tennessee,1.1343369065319096
2020-03-15,565,Tennessee,1.0439651509987644
2020-03-16,565,Tennessee,0.9575225340596437
2020-03-17,565,Tennessee,0.8758962466817555
2020-03-18,565,Tennessee,0.8000173326638148
2020-03-19,565,Tennessee,0.7304614467188515
2020-03-20,565,Tennessee,0.6672871570481742
2020-03-21,565,Tennessee,0.6108402923204559
2020-03-22,565,Tennessee,0.5606952799336188
2020-03-23,565,Tennessee,0.5166020013826942
2020-03-24,565,Tennessee,0.47834018524092525
2020-03-25,565,Tennessee,0.445592717734707
2020-03-26,565,Tennessee,0.41781290424589385
2020-03-27,565,Tennessee,0.394674231204218
2020-03-28,565,Tennessee,0.3758264523286951
2020-03-29,565,Tennessee,0.3608891658589975
2020-03-30,565,Tennessee,0.3495621240449527
2020-03-31,565,Tennessee,0.3416006625098552
2020-04-01,565,Tennessee,0.3368653467568457
2020-04-02,565,Tennessee,0.3349472979363678
2020-04-03,565,Tennessee,0.3357294526978101
2020-04-04,565,Tennessee,0.33911552000095907
2020-04-05,565,Tennessee,0.344938835937521
2020-04-06,565,Tennessee,0.3529412884752873
2020-04-07,565,Tennessee,0.3628336626930666
2020-04-08,565,Tennessee,0.3742195426991249
2020-04-09,565,Tennessee,0.3867746566252033
2020-04-10,565,Tennessee,0.40017022676879194
2020-04-11,565,Tennessee,0.4140006323223357
2020-04-12,565,Tennessee,0.42778663353717533
2020-04-13,565,Tennessee,0.44103396127567657
2020-04-14,565,Tennessee,0.45324022527201646
2020-04-15,565,Tennessee,0.4639985870862425
2020-04-16,565,Tennessee,0.47302527502865616
2020-04-17,565,Tennessee,0.48009103138548537
2020-04-18,565,Tennessee,0.4850305059407958
2020-04-19,565,Tennessee,0.4877429121472993
2020-04-20,565,Tennessee,0.48828828911758715
2020-04-21,565,Tennessee,0.4868402556830438
2020-04-22,565,Tennessee,0.48357042154107216
2020-04-23,565,Tennessee,0.4787084277740926
2020-04-24,565,Tennessee,0.47253808271025116
2020-04-25,565,Tennessee,0.4653842469859882
2020-04-26,565,Tennessee,0.45762123788245884
2020-04-27,565,Tennessee,0.44967957713567397
2020-04-28,565,Tennessee,0.4418473875387053
2020-04-29,565,Tennessee,0.4344563346584457
2020-04-30,565,Tennessee,0.427853675157308
2020-05-01,565,Tennessee,0.42233862435346753
2020-05-02,565,Tennessee,0.41816008664102844
2020-05-03,565,Tennessee,0.4154618266277847
2020-05-04,565,Tennessee,0.4143808845313638
2020-05-05,565,Tennessee,0.4150375716905086
2020-05-06,565,Tennessee,0.4174784144221252
2020-05-07,565,Tennessee,0.42163509670002597
2020-05-08,565,Tennessee,0.4274222858752752
2020-05-09,565,Tennessee,0.4346667473556822
2020-05-10,565,Tennessee,0.443125890849811
2020-05-11,565,Tennessee,0.45256921970348823
2020-05-12,565,Tennessee,0.4622476627944456
2020-05-13,565,Tennessee,0.4719003624749098
2020-05-14,565,Tennessee,0.48123121824872717
2020-05-15,565,Tennessee,0.489920958762836
2020-05-16,565,Tennessee,0.49763882621022254
2020-05-17,565,Tennessee,0.504056525439216
2020-05-18,565,Tennessee,0.5088671138696615
2020-05-19,565,Tennessee,0.5118582100824113
2020-05-20,565,Tennessee,0.5131350393732425
2020-05-21,565,Tennessee,0.5127738778014151
2020-05-22,565,Tennessee,0.5109243035112518
2020-05-23,565,Tennessee,0.5077977085736826
2020-05-24,565,Tennessee,0.5036451439325056
2020-05-25,565,Tennessee,0.49872757394798123
2020-05-26,565,Tennessee,0.49329338704983816
2020-05-27,565,Tennessee,0.48743711024583564
2020-05-28,565,Tennessee,0.4815870300564814
2020-05-29,565,Tennessee,0.475806871490277
2020-05-30,565,Tennessee,0.47016402056474965
2020-05-31,565,Tennessee,0.4647714370234914
2020-06-01,565,Tennessee,0.4597916246622861
2020-06-02,565,Tennessee,0.455422847010286
2020-06-03,565,Tennessee,0.4518826510603525
2020-06-04,565,Tennessee,0.4493167050677466
2020-06-05,565,Tennessee,0.44793339086588824
2020-06-06,565,Tennessee,0.44781270420901614
2020-06-07,565,Tennessee,0.44901416581045067
2020-06-08,565,Tennessee,0.45159883643678905
2020-06-09,565,Tennessee,0.455626854365432
2020-06-10,565,Tennessee,0.4611484075996004
2020-06-11,565,Tennessee,0.4681859126827411
2020-06-12,565,Tennessee,0.4768255654863279
2020-06-13,565,Tennessee,0.48670616500503966
2020-06-14,565,Tennessee,0.49760557253235593
2020-06-15,565,Tennessee,0.5093052125223005
2020-06-16,565,Tennessee,0.5214950413324574
2020-06-17,565,Tennessee,0.5337832347199704
2020-06-18,565,Tennessee,0.5457140331878726
2020-06-19,565,Tennessee,0.5567847116076251
2020-06-20,565,Tennessee,0.5667169776795034
2020-06-21,565,Tennessee,0.5747224891614704
2020-06-22,565,Tennessee,0.5804778083344804
2020-06-23,565,Tennessee,0.5839506454010487
2020-06-24,565,Tennessee,0.5851139333346768
2020-06-25,565,Tennessee,0.5839667611264968
2020-06-26,565,Tennessee,0.5805602840058791
2020-06-27,565,Tennessee,0.575018332078096
2020-06-28,565,Tennessee,0.5675112533320522
2020-06-29,565,Tennessee,0.5586575555137482
2020-06-30,565,Tennessee,0.5489439899283343
2020-07-01,565,Tennessee,0.538751177157949
2020-07-02,565,Tennessee,0.5284854602427874
2020-07-03,565,Tennessee,0.5185683989591469
2020-07-04,565,Tennessee,0.509347020087117
2020-07-05,565,Tennessee,0.5012423926044708
2020-07-06,565,Tennessee,0.4944352772918852
2020-07-07,565,Tennessee,0.48905643396346715
2020-07-08,565,Tennessee,0.4852440557949705
2020-07-09,565,Tennessee,0.4831297549396046
2020-07-10,565,Tennessee,0.4828107572411294
2020-07-11,565,Tennessee,0.4842002191507356
2020-07-12,565,Tennessee,0.48721182132824353
2020-07-13,565,Tennessee,0.49170396835290703
2020-07-14,565,Tennessee,0.49746339716462185
2020-07-15,565,Tennessee,0.5041994492661257
2020-07-16,565,Tennessee,0.51174458551408
2020-07-17,565,Tennessee,0.5193370242794219
2020-07-18,565,Tennessee,0.526752270567695
2020-07-19,565,Tennessee,0.5337423309954505
2020-07-20,565,Tennessee,0.5400368589047887
2020-07-21,565,Tennessee,0.5453592238685093
2020-07-22,565,Tennessee,0.549436523529714
2020-07-23,565,Tennessee,0.5520156188482738
2020-07-24,565,Tennessee,0.5529564787976339
2020-07-25,565,Tennessee,0.55236134105976
2020-07-26,565,Tennessee,0.5503100041737428
2020-07-27,565,Tennessee,0.5469291708756407
2020-07-28,565,Tennessee,0.5423924192010975
2020-07-29,565,Tennessee,0.5369154596672894
2020-07-30,565,Tennessee,0.5307485221168463
2020-07-31,565,Tennessee,0.524123462356915
2020-08-01,565,Tennessee,0.5172334219035836
2020-08-02,565,Tennessee,0.5106242954725637
2020-08-03,565,Tennessee,0.5043524432139517
2020-08-04,565,Tennessee,0.49848857263695373
2020-08-05,565,Tennessee,0.49311402892854367
2020-08-06,565,Tennessee,0.48831207487354356
2020-08-07,565,Tennessee,0.4841634928149922
2020-08-08,565,Tennessee,0.4807422699382815
2020-08-09,565,Tennessee,0.47810794663965434
2020-08-10,565,Tennessee,0.476344385751213
2020-08-11,565,Tennessee,0.4753368716003526
2020-08-12,565,Tennessee,0.47494601443006274
2020-08-13,565,Tennessee,0.47514950215552765
2020-08-14,565,Tennessee,0.4759099537884952
2020-08-15,565,Tennessee,0.47717431091017987
2020-08-16,565,Tennessee,0.47887557219931776
2020-08-17,565,Tennessee,0.4809315838445131
2020-08-18,565,Tennessee,0.48324039352984915
2020-08-19,565,Tennessee,0.4856749634410975
2020-08-20,565,Tennessee,0.4881923997337161
2020-08-21,565,Tennessee,0.4905033131709835
2020-08-22,565,Tennessee,0.4924532953882759
2020-08-23,565,Tennessee,0.4939576175801481
2020-08-24,565,Tennessee,0.4949188950307295
2020-08-25,565,Tennessee,0.4952350052014275
2020-08-26,565,Tennessee,0.49480601608774977
2020-08-27,565,Tennessee,0.49353593305295707
2020-08-28,565,Tennessee,0.49133766528101025
2020-08-29,565,Tennessee,0.48813789630550725
2020-08-30,565,Tennessee,0.48387614632094295
2020-08-31,565,Tennessee,0.4787096711376331
2020-09-01,565,Tennessee,0.4727387753747145
2020-09-02,565,Tennessee,0.4661451244412685
2020-09-03,565,Tennessee,0.45918907549940696
2020-09-04,565,Tennessee,0.45215814520316167
2020-09-05,565,Tennessee,0.4453839766597097
2020-09-06,565,Tennessee,0.43922152032272654
2020-09-07,565,Tennessee,0.4337870007429717
2020-09-08,565,Tennessee,0.4291176839364557
2020-09-09,565,Tennessee,0.42654725654886594
2020-09-10,565,Tennessee,0.4247360310560692
2020-09-11,565,Tennessee,0.42403463206956443
2020-09-12,565,Tennessee,0.42435033443672504
2020-09-13,565,Tennessee,0.4257179637391292
2020-09-14,565,Tennessee,0.4272070370374224
2020-09-15,565,Tennessee,0.42956755020703763
2020-09-16,565,Tennessee,0.43264061897745415
2020-09-17,565,Tennessee,0.4360142210619098
2020-09-18,565,Tennessee,0.4398586972460659
2020-09-19,565,Tennessee,0.44397307028371513
2020-09-20,565,Tennessee,0.44798161784923207
2020-09-21,565,Tennessee,0.4516355654517952
2020-02-01,566,Texas,1.7273257855603494e+17
2020-02-02,566,Texas,5.10427723553914
2020-02-03,566,Texas,2.039796695715052
2020-02-04,566,Texas,1.2381355671380814
2020-02-05,566,Texas,0.9073895098349609
2020-02-06,566,Texas,0.7406199974646733
2020-02-07,566,Texas,0.6478609035731581
2020-02-08,566,Texas,0.5941518235168677
2020-02-09,566,Texas,0.5638315958404295
2020-02-10,566,Texas,0.5486700137635572
2020-02-11,566,Texas,0.5442105481645452
2020-02-12,566,Texas,0.547869148754204
2020-02-13,566,Texas,0.5578428932315865
2020-02-14,566,Texas,0.572981345662297
2020-02-15,566,Texas,0.5928585294719646
2020-02-16,566,Texas,0.6169726065089356
2020-02-17,566,Texas,0.6446571103946485
2020-02-18,566,Texas,0.6756908285766452
2020-02-19,566,Texas,0.7106694114145718
2020-02-20,566,Texas,0.7487314860342918
2020-02-21,566,Texas,0.7897750991107507
2020-02-22,566,Texas,0.8339199010875717
2020-02-23,566,Texas,0.8805048695843268
2020-02-24,566,Texas,0.9291502747722435
2020-02-25,566,Texas,0.9787392772565985
2020-02-26,566,Texas,1.0285679375411632
2020-02-27,566,Texas,1.0769090668815593
2020-02-28,566,Texas,1.1230978283333763
2020-02-29,566,Texas,1.164991485095471
2020-03-01,566,Texas,1.2019732425812997
2020-03-02,566,Texas,1.231800085435204
2020-03-03,566,Texas,1.2543209720905655
2020-03-04,566,Texas,1.268470925070554
2020-03-05,566,Texas,1.2748212243384578
2020-03-06,566,Texas,1.2733264046024633
2020-03-07,566,Texas,1.265406089473821
2020-03-08,566,Texas,1.2514361004209757
2020-03-09,566,Texas,1.2317692052688762
2020-03-10,566,Texas,1.2073755408751725
2020-03-11,566,Texas,1.1792760644449558
2020-03-12,566,Texas,1.147903189154164
2020-03-13,566,Texas,1.1137051392534916
2020-03-14,566,Texas,1.0775703882376382
2020-03-15,566,Texas,1.0399397125415717
2020-03-16,566,Texas,1.0006184906816096
2020-03-17,566,Texas,0.9607662154458847
2020-03-18,566,Texas,0.9207332385105979
2020-03-19,566,Texas,0.8807448059734385
2020-03-20,566,Texas,0.8412101923272395
2020-03-21,566,Texas,0.8026865896385281
2020-03-22,566,Texas,0.7654725962257282
2020-03-23,566,Texas,0.7297610158542467
2020-03-24,566,Texas,0.6962660330986423
2020-03-25,566,Texas,0.6649902220098609
2020-03-26,566,Texas,0.6360424864596915
2020-03-27,566,Texas,0.6096009380905786
2020-03-28,566,Texas,0.5857379869193783
2020-03-29,566,Texas,0.5647338753000992
2020-03-30,566,Texas,0.5464271859090409
2020-03-31,566,Texas,0.5307374107498402
2020-04-01,566,Texas,0.5176537616914801
2020-04-02,566,Texas,0.5071586952337129
2020-04-03,566,Texas,0.49910789996147203
2020-04-04,566,Texas,0.49332862916370485
2020-04-05,566,Texas,0.48964856910141696
2020-04-06,566,Texas,0.48788593659696344
2020-04-07,566,Texas,0.4879589658673826
2020-04-08,566,Texas,0.4894579833913752
2020-04-09,566,Texas,0.4921040173550587
2020-04-10,566,Texas,0.49575660862104254
2020-04-11,566,Texas,0.5002324435704217
2020-04-12,566,Texas,0.5053020653741889
2020-04-13,566,Texas,0.5106857140011888
2020-04-14,566,Texas,0.5160577829056527
2020-04-15,566,Texas,0.5211214363957076
2020-04-16,566,Texas,0.5255379697078852
2020-04-17,566,Texas,0.5288857157175577
2020-04-18,566,Texas,0.5310352916159848
2020-04-19,566,Texas,0.5318541719708775
2020-04-20,566,Texas,0.5312183373512445
2020-04-21,566,Texas,0.5290267179649911
2020-04-22,566,Texas,0.5252147372134093
2020-04-23,566,Texas,0.5197666852679989
2020-04-24,566,Texas,0.5127539800601372
2020-04-25,566,Texas,0.5045332106465045
2020-04-26,566,Texas,0.4952923267422289
2020-04-27,566,Texas,0.4853057004923231
2020-04-28,566,Texas,0.47492304427509535
2020-04-29,566,Texas,0.4645046629092412
2020-04-30,566,Texas,0.45448014613725995
2020-05-01,566,Texas,0.4451504926691776
2020-05-02,566,Texas,0.43673920815969125
2020-05-03,566,Texas,0.4294821305191401
2020-05-04,566,Texas,0.42361786846628063
2020-05-05,566,Texas,0.41935878644530683
2020-05-06,566,Texas,0.41677960951921755
2020-05-07,566,Texas,0.41596657026593414
2020-05-08,566,Texas,0.4169530230807844
2020-05-09,566,Texas,0.4196946220343007
2020-05-10,566,Texas,0.42411862687182594
2020-05-11,566,Texas,0.4299351989648701
2020-05-12,566,Texas,0.43678111797678526
2020-05-13,566,Texas,0.444450512271445
2020-05-14,566,Texas,0.4526903804202037
2020-05-15,566,Texas,0.46121784827438833
2020-05-16,566,Texas,0.4697281932245716
2020-05-17,566,Texas,0.47789754637735565
2020-05-18,566,Texas,0.48544482224064056
2020-05-19,566,Texas,0.4922070237275033
2020-05-20,566,Texas,0.49805804023347033
2020-05-21,566,Texas,0.5029231525223734
2020-05-22,566,Texas,0.5067935659826266
2020-05-23,566,Texas,0.5097384081782502
2020-05-24,566,Texas,0.5118989100542497
2020-05-25,566,Texas,0.5134440405776292
2020-05-26,566,Texas,0.5146381414885242
2020-05-27,566,Texas,0.5157198546301497
2020-05-28,566,Texas,0.5168305941087378
2020-05-29,566,Texas,0.5181236524086474
2020-05-30,566,Texas,0.5197641536980523
2020-05-31,566,Texas,0.5219226588846673
2020-06-01,566,Texas,0.5247539442136462
2020-06-02,566,Texas,0.5284870925003652
2020-06-03,566,Texas,0.5332291299420313
2020-06-04,566,Texas,0.539114177345831
2020-06-05,566,Texas,0.5462942168525934
2020-06-06,566,Texas,0.5549288958558909
2020-06-07,566,Texas,0.5650931370496688
2020-06-08,566,Texas,0.5770033104592381
2020-06-09,566,Texas,0.5906360461283657
2020-06-10,566,Texas,0.6059466829276198
2020-06-11,566,Texas,0.6228756366382188
2020-06-12,566,Texas,0.6413353786895634
2020-06-13,566,Texas,0.661167164160628
2020-06-14,566,Texas,0.6820906507249852
2020-06-15,566,Texas,0.7037042719663319
2020-06-16,566,Texas,0.725537844538674
2020-06-17,566,Texas,0.7470621055382956
2020-06-18,566,Texas,0.7677047417073549
2020-06-19,566,Texas,0.7869017521685867
2020-06-20,566,Texas,0.8040058723617155
2020-06-21,566,Texas,0.8185588716932378
2020-06-22,566,Texas,0.8301855620036135
2020-06-23,566,Texas,0.8385896820319599
2020-06-24,566,Texas,0.8434834549826657
2020-06-25,566,Texas,0.8449615670015174
2020-06-26,566,Texas,0.8432113934761721
2020-06-27,566,Texas,0.8384418069379214
2020-06-28,566,Texas,0.8309529403958529
2020-06-29,566,Texas,0.821249449438951
2020-06-30,566,Texas,0.8098602605834749
2020-07-01,566,Texas,0.7971351661945753
2020-07-02,566,Texas,0.7839173956506474
2020-07-03,566,Texas,0.7707668626786603
2020-07-04,566,Texas,0.7579394159339
2020-07-05,566,Texas,0.7457255384766212
2020-07-06,566,Texas,0.7344339734068358
2020-07-07,566,Texas,0.7243735611625493
2020-07-08,566,Texas,0.715791649934594
2020-07-09,566,Texas,0.7088802130142651
2020-07-10,566,Texas,0.7037016040146274
2020-07-11,566,Texas,0.700199121479604
2020-07-12,566,Texas,0.6983124500126171
2020-07-13,566,Texas,0.6979550399985919
2020-07-14,566,Texas,0.698993913688104
2020-07-15,566,Texas,0.7013619360388819
2020-07-16,566,Texas,0.7047381982815574
2020-07-17,566,Texas,0.7085146852638106
2020-07-18,566,Texas,0.7125476181141228
2020-07-19,566,Texas,0.7166572287315713
2020-07-20,566,Texas,0.7206327910388554
2020-07-21,566,Texas,0.7242410715304394
2020-07-22,566,Texas,0.7272395956340602
2020-07-23,566,Texas,0.7293831793204288
2020-07-24,566,Texas,0.730433760038747
2020-07-25,566,Texas,0.7300989303057819
2020-07-26,566,Texas,0.7286891197492359
2020-07-27,566,Texas,0.726161185393031
2020-07-28,566,Texas,0.7225094656894654
2020-07-29,566,Texas,0.717791312759365
2020-07-30,566,Texas,0.7121234583756242
2020-07-31,566,Texas,0.705668869399583
2020-08-01,566,Texas,0.6986334819136018
2020-08-02,566,Texas,0.6912589528403363
2020-08-03,566,Texas,0.6837162094909035
2020-08-04,566,Texas,0.676310648932886
2020-08-05,566,Texas,0.6691920782493077
2020-08-06,566,Texas,0.6624375520596089
2020-08-07,566,Texas,0.6561398325305777
2020-08-08,566,Texas,0.6504023986358712
2020-08-09,566,Texas,0.6453351585262024
2020-08-10,566,Texas,0.6410475168412465
2020-08-11,566,Texas,0.6376442886906631
2020-08-12,566,Texas,0.6352607136000332
2020-08-13,566,Texas,0.6338901899644093
2020-08-14,566,Texas,0.6333950040439077
2020-08-15,566,Texas,0.6338435406313109
2020-08-16,566,Texas,0.6352810788996378
2020-08-17,566,Texas,0.6377303780083453
2020-08-18,566,Texas,0.641188972246657
2020-08-19,566,Texas,0.6456252273640045
2020-08-20,566,Texas,0.6509741657376211
2020-08-21,566,Texas,0.6571290071800715
2020-08-22,566,Texas,0.6640430678182769
2020-08-23,566,Texas,0.671564252101171
2020-08-24,566,Texas,0.6796574013417753
2020-08-25,566,Texas,0.6882823211916852
2020-08-26,566,Texas,0.6973954519384923
2020-08-27,566,Texas,0.7069524568856035
2020-08-28,566,Texas,0.7169113848194096
2020-08-29,566,Texas,0.7272352726938766
2020-08-30,566,Texas,0.7378895131623596
2020-08-31,566,Texas,0.748884554537318
2020-09-01,566,Texas,0.7600841940745343
2020-09-02,566,Texas,0.771367266849244
2020-09-03,566,Texas,0.7826071113620643
2020-09-04,566,Texas,0.7936004025948531
2020-09-05,566,Texas,0.8041039891683381
2020-09-06,566,Texas,0.8139528142276391
2020-09-07,566,Texas,0.8230788375638338
2020-09-08,566,Texas,0.8314555022864291
2020-09-09,566,Texas,0.8390963948590143
2020-09-10,566,Texas,0.8463647412769817
2020-09-11,566,Texas,0.8531024412416693
2020-09-12,566,Texas,0.8595569381805147
2020-09-13,566,Texas,0.8660909351499219
2020-09-14,566,Texas,0.8727764938134578
2020-09-15,566,Texas,0.8796083036068552
2020-09-16,566,Texas,0.8861104536415685
2020-09-17,566,Texas,0.8921608424356768
2020-09-18,566,Texas,0.8985047482771776
2020-09-19,566,Texas,0.9050226640099566
2020-09-20,566,Texas,0.9110968210583481
2020-09-21,566,Texas,0.9167303271767723
2020-02-01,567,Utah,0.0
2020-02-02,567,Utah,0.0
2020-02-03,567,Utah,0.0
2020-02-04,567,Utah,0.0
2020-02-05,567,Utah,0.0
2020-02-06,567,Utah,0.0
2020-02-07,567,Utah,0.0
2020-02-08,567,Utah,0.0
2020-02-09,567,Utah,0.0
2020-02-10,567,Utah,0.0
2020-02-11,567,Utah,0.0
2020-02-12,567,Utah,0.0
2020-02-13,567,Utah,0.0
2020-02-14,567,Utah,0.0
2020-02-15,567,Utah,0.0
2020-02-16,567,Utah,3.031521445134296
2020-02-17,567,Utah,4.163488686368996
2020-02-18,567,Utah,3.4186317840622813
2020-02-19,567,Utah,2.5981144006009753
2020-02-20,567,Utah,2.082800544643366
2020-02-21,567,Utah,1.6228350350369527
2020-02-22,567,Utah,1.3678690640254083
2020-02-23,567,Utah,1.2191078149772738
2020-02-24,567,Utah,1.1274090651276127
2020-02-25,567,Utah,1.0680098883253593
2020-02-26,567,Utah,1.02778733852322
2020-02-27,567,Utah,0.9985520566438763
2020-02-28,567,Utah,0.9758601706877337
2020-02-29,567,Utah,0.957244853034513
2020-03-01,567,Utah,0.9412064542056623
2020-03-02,567,Utah,0.9267105354341942
2020-03-03,567,Utah,0.9131741075283898
2020-03-04,567,Utah,0.8997469483167465
2020-03-05,567,Utah,0.8860856086556551
2020-03-06,567,Utah,0.8720297194835392
2020-03-07,567,Utah,0.8573798358490814
2020-03-08,567,Utah,0.8420910104872664
2020-03-09,567,Utah,0.8258010655014774
2020-03-10,567,Utah,0.8087072865318813
2020-03-11,567,Utah,0.7908260327949893
2020-03-12,567,Utah,0.7721552894196054
2020-03-13,567,Utah,0.7526103072198483
2020-03-14,567,Utah,0.7325423820317281
2020-03-15,567,Utah,0.7120952157459036
2020-03-16,567,Utah,0.6913743957684381
2020-03-17,567,Utah,0.6705220568729258
2020-03-18,567,Utah,0.6498915404830747
2020-03-19,567,Utah,0.6296748267658483
2020-03-20,567,Utah,0.6099833179880914
2020-03-21,567,Utah,0.5908848016259697
2020-03-22,567,Utah,0.5726600253317887
2020-03-23,567,Utah,0.5553494473136645
2020-03-24,567,Utah,0.5390108300246743
2020-03-25,567,Utah,0.5237303611184551
2020-03-26,567,Utah,0.5095151097702988
2020-03-27,567,Utah,0.49661937846905185
2020-03-28,567,Utah,0.48502084050473787
2020-03-29,567,Utah,0.4746684120760918
2020-03-30,567,Utah,0.46556134876346494
2020-03-31,567,Utah,0.4577332479127671
2020-04-01,567,Utah,0.4512299317500734
2020-04-02,567,Utah,0.4460535456040936
2020-04-03,567,Utah,0.44218199311554046
2020-04-04,567,Utah,0.4395485539574353
2020-04-05,567,Utah,0.43808990636768735
2020-04-06,567,Utah,0.43773674876201485
2020-04-07,567,Utah,0.4384050663603633
2020-04-08,567,Utah,0.44001986655093706
2020-04-09,567,Utah,0.4423476284467988
2020-04-10,567,Utah,0.44524578229838496
2020-04-11,567,Utah,0.4485557431187435
2020-04-12,567,Utah,0.45207859780367243
2020-04-13,567,Utah,0.4555787433314343
2020-04-14,567,Utah,0.4588446222626025
2020-04-15,567,Utah,0.4615613220916227
2020-04-16,567,Utah,0.4635469837456034
2020-04-17,567,Utah,0.4646864598008999
2020-04-18,567,Utah,0.46486129669576187
2020-04-19,567,Utah,0.4639593686969635
2020-04-20,567,Utah,0.4618794887324396
2020-04-21,567,Utah,0.45862829270286076
2020-04-22,567,Utah,0.4542809422669291
2020-04-23,567,Utah,0.44892498562747035
2020-04-24,567,Utah,0.4426971311902955
2020-04-25,567,Utah,0.4357843552104761
2020-04-26,567,Utah,0.42840171574575103
2020-04-27,567,Utah,0.4208101933781001
2020-04-28,567,Utah,0.41332666003298646
2020-04-29,567,Utah,0.4061119097481909
2020-04-30,567,Utah,0.3993550239645707
2020-05-01,567,Utah,0.3932636909611814
2020-05-02,567,Utah,0.38803962099999634
2020-05-03,567,Utah,0.38384151451671683
2020-05-04,567,Utah,0.38076761004401455
2020-05-05,567,Utah,0.3788804617707953
2020-05-06,567,Utah,0.3782194463968127
2020-05-07,567,Utah,0.37879071649147017
2020-05-08,567,Utah,0.3805773592288481
2020-05-09,567,Utah,0.38341442856875824
2020-05-10,567,Utah,0.38718025307623083
2020-05-11,567,Utah,0.391709877050607
2020-05-12,567,Utah,0.3967758567211319
2020-05-13,567,Utah,0.40211421064389447
2020-05-14,567,Utah,0.40741284178352477
2020-05-15,567,Utah,0.41239693321112486
2020-05-16,567,Utah,0.4168619686225285
2020-05-17,567,Utah,0.42060019289870404
2020-05-18,567,Utah,0.4234131901056023
2020-05-19,567,Utah,0.42514898934810597
2020-05-20,567,Utah,0.4257888481128656
2020-05-21,567,Utah,0.4253673097775886
2020-05-22,567,Utah,0.42398740124300116
2020-05-23,567,Utah,0.42181627789120596
2020-05-24,567,Utah,0.4189981525239483
2020-05-25,567,Utah,0.4158718907815759
2020-05-26,567,Utah,0.41268338634792145
2020-05-27,567,Utah,0.4095346406818449
2020-05-28,567,Utah,0.4065278847988156
2020-05-29,567,Utah,0.4037679691714285
2020-05-30,567,Utah,0.4013682701381557
2020-05-31,567,Utah,0.39945666785922823
2020-06-01,567,Utah,0.398165182737376
2020-06-02,567,Utah,0.3975962429071564
2020-06-03,567,Utah,0.3978661320307128
2020-06-04,567,Utah,0.3990323864517509
2020-06-05,567,Utah,0.4011465640944
2020-06-06,567,Utah,0.40424987114569305
2020-06-07,567,Utah,0.4083748848337661
2020-06-08,567,Utah,0.4135481429600898
2020-06-09,567,Utah,0.4197935228486037
2020-06-10,567,Utah,0.4272422274573863
2020-06-11,567,Utah,0.43563845560735504
2020-06-12,567,Utah,0.4449607244309703
2020-06-13,567,Utah,0.4551534747771816
2020-06-14,567,Utah,0.4661090307018383
2020-06-15,567,Utah,0.47765405992630827
2020-06-16,567,Utah,0.4895427878854442
2020-06-17,567,Utah,0.5014564812279289
2020-06-18,567,Utah,0.5130129361012437
2020-06-19,567,Utah,0.523780556635455
2020-06-20,567,Utah,0.5333166589772834
2020-06-21,567,Utah,0.541236886011027
2020-06-22,567,Utah,0.5470892921130295
2020-06-23,567,Utah,0.5508045525878793
2020-06-24,567,Utah,0.5523078866317543
2020-06-25,567,Utah,0.5515311377388697
2020-06-26,567,Utah,0.5484461706447203
2020-06-27,567,Utah,0.5431671049921754
2020-06-28,567,Utah,0.5359380624207581
2020-06-29,567,Utah,0.5270522689364089
2020-06-30,567,Utah,0.5168344315277305
2020-07-01,567,Utah,0.5056409010345763
2020-07-02,567,Utah,0.49367930006316274
2020-07-03,567,Utah,0.48168400901095787
2020-07-04,567,Utah,0.46988201894899834
2020-07-05,567,Utah,0.4584082578261229
2020-07-06,567,Utah,0.44742363356238946
2020-07-07,567,Utah,0.43710051215766205
2020-07-08,567,Utah,0.4276125061234872
2020-07-09,567,Utah,0.4191250883919246
2020-07-10,567,Utah,0.41168976486517694
2020-07-11,567,Utah,0.40527501470655425
2020-07-12,567,Utah,0.3998571352161497
2020-07-13,567,Utah,0.3953988514121277
2020-07-14,567,Utah,0.39184449523495285
2020-07-15,567,Utah,0.38911886250523314
2020-07-16,567,Utah,0.38712572851735416
2020-07-17,567,Utah,0.38584926818478926
2020-07-18,567,Utah,0.38500159118310795
2020-07-19,567,Utah,0.38446246846812976
2020-07-20,567,Utah,0.38418185548541456
2020-07-21,567,Utah,0.3841017289108969
2020-07-22,567,Utah,0.3841579427880005
2020-07-23,567,Utah,0.3842819681058811
2020-07-24,567,Utah,0.38440183796935423
2020-07-25,567,Utah,0.3844421980348187
2020-07-26,567,Utah,0.38432492245340016
2020-07-27,567,Utah,0.3839738505176946
2020-07-28,567,Utah,0.3833714032515969
2020-07-29,567,Utah,0.3825002032102398
2020-07-30,567,Utah,0.38133644715180576
2020-07-31,567,Utah,0.3798578140247875
2020-08-01,567,Utah,0.37804358443301694
2020-08-02,567,Utah,0.3758748744549251
2020-08-03,567,Utah,0.3733357109334934
2020-08-04,567,Utah,0.3704148561681612
2020-08-05,567,Utah,0.36710738118280295
2020-08-06,567,Utah,0.36341620348475157
2020-08-07,567,Utah,0.3593293759753561
2020-08-08,567,Utah,0.35493784681287155
2020-08-09,567,Utah,0.350254961999025
2020-08-10,567,Utah,0.34531664818074126
2020-08-11,567,Utah,0.34018309390272466
2020-08-12,567,Utah,0.33493939401365297
2020-08-13,567,Utah,0.32969445763679883
2020-08-14,567,Utah,0.3245534127258002
2020-08-15,567,Utah,0.31964139347230086
2020-08-16,567,Utah,0.3150449434143296
2020-08-17,567,Utah,0.31084630701870153
2020-08-18,567,Utah,0.30712819643278794
2020-08-19,567,Utah,0.30397726298285405
2020-08-20,567,Utah,0.30148861332100724
2020-08-21,567,Utah,0.2997771144975565
2020-08-22,567,Utah,0.29891455972713266
2020-08-23,567,Utah,0.2990110685352675
2020-08-24,567,Utah,0.3001811312114145
2020-08-25,567,Utah,0.3025187873669139
2020-08-26,567,Utah,0.3060811478068791
2020-08-27,567,Utah,0.3108750962203811
2020-08-28,567,Utah,0.3168626814246517
2020-08-29,567,Utah,0.32394033166077885
2020-08-30,567,Utah,0.33199594372834623
2020-08-31,567,Utah,0.34085999615892754
2020-09-01,567,Utah,0.35022128568865324
2020-09-02,567,Utah,0.3596198408438481
2020-09-03,567,Utah,0.368472461261795
2020-09-04,567,Utah,0.37628796586286556
2020-09-05,567,Utah,0.38266151237683765
2020-09-06,567,Utah,0.38746748396393715
2020-09-07,567,Utah,0.39087188141564116
2020-09-08,567,Utah,0.39314958147302265
2020-09-09,567,Utah,0.39460373152700684
2020-09-10,567,Utah,0.39543479189387615
2020-09-11,567,Utah,0.395775752683789
2020-09-12,567,Utah,0.39557651112818865
2020-09-13,567,Utah,0.3947507293437882
2020-09-14,567,Utah,0.39319252311597386
2020-09-15,567,Utah,0.3907471909921806
2020-09-16,567,Utah,0.3872140944638406
2020-09-17,567,Utah,0.3826510211292671
2020-09-18,567,Utah,0.3776639088007599
2020-09-19,567,Utah,0.3725004060546497
2020-09-20,567,Utah,0.36719858027104507
2020-09-21,567,Utah,0.36214572148579527
2020-02-01,568,Vermont,0.0
2020-02-02,568,Vermont,0.0
2020-02-03,568,Vermont,0.0
2020-02-04,568,Vermont,0.0
2020-02-05,568,Vermont,0.0
2020-02-06,568,Vermont,0.0
2020-02-07,568,Vermont,0.0
2020-02-08,568,Vermont,0.0
2020-02-09,568,Vermont,0.0
2020-02-10,568,Vermont,0.0
2020-02-11,568,Vermont,0.0
2020-02-12,568,Vermont,0.0
2020-02-13,568,Vermont,0.0
2020-02-14,568,Vermont,0.0
2020-02-15,568,Vermont,0.0
2020-02-16,568,Vermont,0.0
2020-02-17,568,Vermont,1.9815672067700296
2020-02-18,568,Vermont,3.8658179907883166
2020-02-19,568,Vermont,3.934131205023997
2020-02-20,568,Vermont,3.41822576646678
2020-02-21,568,Vermont,2.968316945961674
2020-02-22,568,Vermont,2.5788029715533165
2020-02-23,568,Vermont,2.3237819580519217
2020-02-24,568,Vermont,2.138118703502412
2020-02-25,568,Vermont,1.9859049059628402
2020-02-26,568,Vermont,1.8487566399993707
2020-02-27,568,Vermont,1.7186316334839695
2020-02-28,568,Vermont,1.5926246040119525
2020-02-29,568,Vermont,1.4700680038885203
2020-03-01,568,Vermont,1.3514553660090618
2020-03-02,568,Vermont,1.237346269491079
2020-03-03,568,Vermont,1.1282037361565407
2020-03-04,568,Vermont,1.025996706849368
2020-03-05,568,Vermont,0.9313420619002176
2020-03-06,568,Vermont,0.8446168104345193
2020-03-07,568,Vermont,0.7664181403514748
2020-03-08,568,Vermont,0.6966806314675104
2020-03-09,568,Vermont,0.6354890978656678
2020-03-10,568,Vermont,0.5822175098174587
2020-03-11,568,Vermont,0.5363953611523726
2020-03-12,568,Vermont,0.4978922761497006
2020-03-13,568,Vermont,0.46596756449251636
2020-03-14,568,Vermont,0.43999269350879944
2020-03-15,568,Vermont,0.4195801364123582
2020-03-16,568,Vermont,0.4042392051351394
2020-03-17,568,Vermont,0.3933660949495951
2020-03-18,568,Vermont,0.3864211279851268
2020-03-19,568,Vermont,0.38295326069138286
2020-03-20,568,Vermont,0.38245467915703396
2020-03-21,568,Vermont,0.3843387109320175
2020-03-22,568,Vermont,0.38828776991801833
2020-03-23,568,Vermont,0.3939395597255221
2020-03-24,568,Vermont,0.4008592676213442
2020-03-25,568,Vermont,0.40856200313956764
2020-03-26,568,Vermont,0.416482227375846
2020-03-27,568,Vermont,0.4238758257632777
2020-03-28,568,Vermont,0.43028940980354957
2020-03-29,568,Vermont,0.4351840035717255
2020-03-30,568,Vermont,0.43795349948806733
2020-03-31,568,Vermont,0.43798418794879934
2020-04-01,568,Vermont,0.4348185488899986
2020-04-02,568,Vermont,0.4282319940268231
2020-04-03,568,Vermont,0.41821934610466494
2020-04-04,568,Vermont,0.4048895686430259
2020-04-05,568,Vermont,0.3885039721126241
2020-04-06,568,Vermont,0.3694947487145415
2020-04-07,568,Vermont,0.34850132549931073
2020-04-08,568,Vermont,0.3262038285136816
2020-04-09,568,Vermont,0.3032900265515062
2020-04-10,568,Vermont,0.2804745908100028
2020-04-11,568,Vermont,0.2583141310267886
2020-04-12,568,Vermont,0.23728443177182615
2020-04-13,568,Vermont,0.21777712399086574
2020-04-14,568,Vermont,0.2000305406133416
2020-04-15,568,Vermont,0.1842315639639146
2020-04-16,568,Vermont,0.17040570071170444
2020-04-17,568,Vermont,0.1585566532099645
2020-04-18,568,Vermont,0.14871430395720997
2020-04-19,568,Vermont,0.14084322057021667
2020-04-20,568,Vermont,0.13484992910718666
2020-04-21,568,Vermont,0.13063060017906047
2020-04-22,568,Vermont,0.12805036175596335
2020-04-23,568,Vermont,0.127108473256958
2020-04-24,568,Vermont,0.12777818953614387
2020-04-25,568,Vermont,0.12999317173651612
2020-04-26,568,Vermont,0.13366661949568276
2020-04-27,568,Vermont,0.13875170843286175
2020-04-28,568,Vermont,0.14517060062985374
2020-04-29,568,Vermont,0.15279048104069207
2020-04-30,568,Vermont,0.16140828565683293
2020-05-01,568,Vermont,0.17074036722126834
2020-05-02,568,Vermont,0.18048628583701323
2020-05-03,568,Vermont,0.1902532171003192
2020-05-04,568,Vermont,0.19961329963850752
2020-05-05,568,Vermont,0.2081737960017603
2020-05-06,568,Vermont,0.21565197639748146
2020-05-07,568,Vermont,0.22181182442911077
2020-05-08,568,Vermont,0.22653749344362745
2020-05-09,568,Vermont,0.22990716603030587
2020-05-10,568,Vermont,0.23218639828691928
2020-05-11,568,Vermont,0.23368718579818223
2020-05-12,568,Vermont,0.23476538510356995
2020-05-13,568,Vermont,0.23586563865490637
2020-05-14,568,Vermont,0.23743325178161998
2020-05-15,568,Vermont,0.23983214111474602
2020-05-16,568,Vermont,0.24336805110083468
2020-05-17,568,Vermont,0.24834235043958974
2020-05-18,568,Vermont,0.2550001841470398
2020-05-19,568,Vermont,0.2634462290019908
2020-05-20,568,Vermont,0.27373150000170254
2020-05-21,568,Vermont,0.2857513528854896
2020-05-22,568,Vermont,0.29918341096357975
2020-05-23,568,Vermont,0.3134491019595541
2020-05-24,568,Vermont,0.3277114037499505
2020-05-25,568,Vermont,0.3409767355123882
2020-05-26,568,Vermont,0.35222694254502673
2020-05-27,568,Vermont,0.3604231137150709
2020-05-28,568,Vermont,0.3646472304101413
2020-05-29,568,Vermont,0.36432756676903555
2020-05-30,568,Vermont,0.35910268368336806
2020-05-31,568,Vermont,0.3489777447409266
2020-06-01,568,Vermont,0.33437044763035617
2020-06-02,568,Vermont,0.3160322165448611
2020-06-03,568,Vermont,0.2949496738765924
2020-06-04,568,Vermont,0.27248024272184035
2020-06-05,568,Vermont,0.24958872257655007
2020-06-06,568,Vermont,0.22728407294205888
2020-06-07,568,Vermont,0.2064246304510902
2020-06-08,568,Vermont,0.18756020604176943
2020-06-09,568,Vermont,0.170936405640571
2020-06-10,568,Vermont,0.15668054745909848
2020-06-11,568,Vermont,0.1448751224739224
2020-06-12,568,Vermont,0.1353604992669585
2020-06-13,568,Vermont,0.12810817213842768
2020-06-14,568,Vermont,0.12314211873101309
2020-06-15,568,Vermont,0.12047747475049575
2020-06-16,568,Vermont,0.12012882380686737
2020-06-17,568,Vermont,0.12217185405657015
2020-06-18,568,Vermont,0.12676720395540894
2020-06-19,568,Vermont,0.1342362658680215
2020-06-20,568,Vermont,0.1449707518873094
2020-06-21,568,Vermont,0.1594246735028616
2020-06-22,568,Vermont,0.17806317755370285
2020-06-23,568,Vermont,0.20166046615208139
2020-06-24,568,Vermont,0.2308257525362137
2020-06-25,568,Vermont,0.265984967769599
2020-06-26,568,Vermont,0.30731732134749873
2020-06-27,568,Vermont,0.35465514911587626
2020-06-28,568,Vermont,0.40731779156723824
2020-06-29,568,Vermont,0.46369656460371056
2020-06-30,568,Vermont,0.521530829961559
2020-07-01,568,Vermont,0.5782970558863249
2020-07-02,568,Vermont,0.6311820058665935
2020-07-03,568,Vermont,0.6775992067869905
2020-07-04,568,Vermont,0.7154681196191234
2020-07-05,568,Vermont,0.7433899308751808
2020-07-06,568,Vermont,0.7606806189542369
2020-07-07,568,Vermont,0.7671175876786702
2020-07-08,568,Vermont,0.7627269119882569
2020-07-09,568,Vermont,0.7487638966656073
2020-07-10,568,Vermont,0.7263291575702885
2020-07-11,568,Vermont,0.6960076790309709
2020-07-12,568,Vermont,0.6601335007693897
2020-07-13,568,Vermont,0.6201397135423109
2020-07-14,568,Vermont,0.5772210632749026
2020-07-15,568,Vermont,0.5330623151100328
2020-07-16,568,Vermont,0.4888012566174209
2020-07-17,568,Vermont,0.4453807528912605
2020-07-18,568,Vermont,0.4036586326566723
2020-07-19,568,Vermont,0.36429657802184784
2020-07-20,568,Vermont,0.3275760015496054
2020-07-21,568,Vermont,0.29380729924459037
2020-07-22,568,Vermont,0.26313704896068424
2020-07-23,568,Vermont,0.23547626653637688
2020-07-24,568,Vermont,0.2107989637058382
2020-07-25,568,Vermont,0.188983851014251
2020-07-26,568,Vermont,0.16986019062603624
2020-07-27,568,Vermont,0.15329242957648148
2020-07-28,568,Vermont,0.13902656163367474
2020-07-29,568,Vermont,0.12689168893613353
2020-07-30,568,Vermont,0.11675428354966474
2020-07-31,568,Vermont,0.10843860737050295
2020-08-01,568,Vermont,0.10177854233303785
2020-08-02,568,Vermont,0.09659299760430118
2020-08-03,568,Vermont,0.09283418693614229
2020-08-04,568,Vermont,0.09046329942042465
2020-08-05,568,Vermont,0.08942330338194317
2020-08-06,568,Vermont,0.08968554606167589
2020-08-07,568,Vermont,0.09128293389714567
2020-08-08,568,Vermont,0.09428196397692305
2020-08-09,568,Vermont,0.09875503019165498
2020-08-10,568,Vermont,0.10476781254473178
2020-08-11,568,Vermont,0.11242663343987618
2020-08-12,568,Vermont,0.12183017680691409
2020-08-13,568,Vermont,0.13301935375655646
2020-08-14,568,Vermont,0.14600397370360865
2020-08-15,568,Vermont,0.16073969739283892
2020-08-16,568,Vermont,0.17716248146098126
2020-08-17,568,Vermont,0.19500733120519337
2020-08-18,568,Vermont,0.21388705793361681
2020-08-19,568,Vermont,0.2333784753357624
2020-08-20,568,Vermont,0.25299687737083376
2020-08-21,568,Vermont,0.2722482702499921
2020-08-22,568,Vermont,0.2905212571131191
2020-08-23,568,Vermont,0.307298146839887
2020-08-24,568,Vermont,0.32220770262650517
2020-08-25,568,Vermont,0.3349654063871067
2020-08-26,568,Vermont,0.34536028979348754
2020-08-27,568,Vermont,0.3532882590133907
2020-08-28,568,Vermont,0.35874343766359806
2020-08-29,568,Vermont,0.3617800582742172
2020-08-30,568,Vermont,0.3624945543656779
2020-08-31,568,Vermont,0.36107609423247805
2020-09-01,568,Vermont,0.3578217292192178
2020-09-02,568,Vermont,0.35312327235141167
2020-09-03,568,Vermont,0.3473925839683812
2020-09-04,568,Vermont,0.3412943822045963
2020-09-05,568,Vermont,0.33514542136673037
2020-09-06,568,Vermont,0.32925139318060404
2020-09-07,568,Vermont,0.323877186925622
2020-09-08,568,Vermont,0.3191880784188891
2020-09-09,568,Vermont,0.3259581511343323
2020-09-10,568,Vermont,0.3435308809451186
2020-09-11,568,Vermont,0.3723029495754872
2020-09-12,568,Vermont,0.4139664437675091
2020-09-13,568,Vermont,0.46212518090041604
2020-09-14,568,Vermont,0.5185004853574
2020-09-15,568,Vermont,0.5542508198726238
2020-09-16,568,Vermont,0.5848801950837476
2020-09-17,568,Vermont,0.5960730223054033
2020-09-18,568,Vermont,0.5903640155850759
2020-09-19,568,Vermont,0.57432257828625
2020-09-20,568,Vermont,0.5528167591994109
2020-09-21,568,Vermont,0.5272454550372878
2020-02-01,569,Virginia,0.0
2020-02-02,569,Virginia,0.0
2020-02-03,569,Virginia,0.0
2020-02-04,569,Virginia,0.0
2020-02-05,569,Virginia,0.0
2020-02-06,569,Virginia,0.0
2020-02-07,569,Virginia,0.0
2020-02-08,569,Virginia,0.0
2020-02-09,569,Virginia,0.0
2020-02-10,569,Virginia,0.0
2020-02-11,569,Virginia,0.0
2020-02-12,569,Virginia,0.0
2020-02-13,569,Virginia,0.0
2020-02-14,569,Virginia,0.0
2020-02-15,569,Virginia,0.0
2020-02-16,569,Virginia,0.0
2020-02-17,569,Virginia,17.855829398538035
2020-02-18,569,Virginia,6.798382729960114
2020-02-19,569,Virginia,3.775775584916259
2020-02-20,569,Virginia,2.588621096956739
2020-02-21,569,Virginia,1.9530732097449466
2020-02-22,569,Virginia,1.3921579510649251
2020-02-23,569,Virginia,1.1035585841275801
2020-02-24,569,Virginia,0.9466981132610622
2020-02-25,569,Virginia,0.8589788952017786
2020-02-26,569,Virginia,0.8111544358656644
2020-02-27,569,Virginia,0.7878223542821587
2020-02-28,569,Virginia,0.7804819264908133
2020-02-29,569,Virginia,0.7842555924732995
2020-03-01,569,Virginia,0.7953051807202586
2020-03-02,569,Virginia,0.8112967489061882
2020-03-03,569,Virginia,0.8307100876665294
2020-03-04,569,Virginia,0.8515683456581975
2020-03-05,569,Virginia,0.8726717688604281
2020-03-06,569,Virginia,0.8932558863864944
2020-03-07,569,Virginia,0.9119110515889534
2020-03-08,569,Virginia,0.9279718091496787
2020-03-09,569,Virginia,0.9410827222877977
2020-03-10,569,Virginia,0.9504493800204357
2020-03-11,569,Virginia,0.9559160516629569
2020-03-12,569,Virginia,0.9575098095802231
2020-03-13,569,Virginia,0.9551425620505439
2020-03-14,569,Virginia,0.949111271295598
2020-03-15,569,Virginia,0.9398038657565082
2020-03-16,569,Virginia,0.9276615563985458
2020-03-17,569,Virginia,0.9131934814469975
2020-03-18,569,Virginia,0.8968826991355785
2020-03-19,569,Virginia,0.8792571896549236
2020-03-20,569,Virginia,0.8607450520976969
2020-03-21,569,Virginia,0.8416486430121299
2020-03-22,569,Virginia,0.8223615241393809
2020-03-23,569,Virginia,0.8031447553760946
2020-03-24,569,Virginia,0.7841932135087027
2020-03-25,569,Virginia,0.7655053127598143
2020-03-26,569,Virginia,0.747302042626294
2020-03-27,569,Virginia,0.7297107123906756
2020-03-28,569,Virginia,0.712761429687477
2020-03-29,569,Virginia,0.6964285311980047
2020-03-30,569,Virginia,0.6806854318466825
2020-03-31,569,Virginia,0.6655158636943386
2020-04-01,569,Virginia,0.6508979599320042
2020-04-02,569,Virginia,0.6367882207867196
2020-04-03,569,Virginia,0.6231340181139542
2020-04-04,569,Virginia,0.6098819184230554
2020-04-05,569,Virginia,0.5969698667370821
2020-04-06,569,Virginia,0.5842692582865273
2020-04-07,569,Virginia,0.5719936545980501
2020-04-08,569,Virginia,0.5600343763136797
2020-04-09,569,Virginia,0.5483256125120713
2020-04-10,569,Virginia,0.5368419318345413
2020-04-11,569,Virginia,0.5255959129477513
2020-04-12,569,Virginia,0.5146401250208106
2020-04-13,569,Virginia,0.5040651920093738
2020-04-14,569,Virginia,0.49391773106320097
2020-04-15,569,Virginia,0.4843860110708234
2020-04-16,569,Virginia,0.4757110511135754
2020-04-17,569,Virginia,0.4679052408309357
2020-04-18,569,Virginia,0.4610244344748065
2020-04-19,569,Virginia,0.4551558287079036
2020-04-20,569,Virginia,0.4503991745420661
2020-04-21,569,Virginia,0.4468550015435703
2020-04-22,569,Virginia,0.4446172920199817
2020-04-23,569,Virginia,0.44378061966760285
2020-04-24,569,Virginia,0.4442082717510904
2020-04-25,569,Virginia,0.44581889098718736
2020-04-26,569,Virginia,0.44850481107184414
2020-04-27,569,Virginia,0.45206371248388383
2020-04-28,569,Virginia,0.4561975149673861
2020-04-29,569,Virginia,0.4605607193969943
2020-04-30,569,Virginia,0.46468557990906445
2020-05-01,569,Virginia,0.4680459987302564
2020-05-02,569,Virginia,0.47032587343150384
2020-05-03,569,Virginia,0.4711742913689079
2020-05-04,569,Virginia,0.4702303401644532
2020-05-05,569,Virginia,0.4671525053649382
2020-05-06,569,Virginia,0.4616442147575316
2020-05-07,569,Virginia,0.4538451281304801
2020-05-08,569,Virginia,0.4437942407581995
2020-05-09,569,Virginia,0.4316640636145074
2020-05-10,569,Virginia,0.41777727094079675
2020-05-11,569,Virginia,0.40259833910164944
2020-05-12,569,Virginia,0.38662701799383953
2020-05-13,569,Virginia,0.3706096965142706
2020-05-14,569,Virginia,0.3550257821494833
2020-05-15,569,Virginia,0.34022636174016796
2020-05-16,569,Virginia,0.3265641346024689
2020-05-17,569,Virginia,0.31437509236090755
2020-05-18,569,Virginia,0.3039884241991073
2020-05-19,569,Virginia,0.2955952274485723
2020-05-20,569,Virginia,0.28927120041512167
2020-05-21,569,Virginia,0.28523919916822527
2020-05-22,569,Virginia,0.28370027951294485
2020-05-23,569,Virginia,0.28482011974523397
2020-05-24,569,Virginia,0.2887189421046942
2020-05-25,569,Virginia,0.2955207960464563
2020-05-26,569,Virginia,0.30529832482282987
2020-05-27,569,Virginia,0.3182505208806686
2020-05-28,569,Virginia,0.33459462299211484
2020-05-29,569,Virginia,0.35453245148507895
2020-05-30,569,Virginia,0.3781820899945774
2020-05-31,569,Virginia,0.4054881487992912
2020-06-01,569,Virginia,0.43619876884348024
2020-06-02,569,Virginia,0.46962749764543554
2020-06-03,569,Virginia,0.5045792369781823
2020-06-04,569,Virginia,0.5395296298857609
2020-06-05,569,Virginia,0.5721589839990866
2020-06-06,569,Virginia,0.6005012622220071
2020-06-07,569,Virginia,0.6228556362916059
2020-06-08,569,Virginia,0.637646097299685
2020-06-09,569,Virginia,0.6437091569045694
2020-06-10,569,Virginia,0.6402209050731987
2020-06-11,569,Virginia,0.6276980737808774
2020-06-12,569,Virginia,0.6072244355368018
2020-06-13,569,Virginia,0.5802607674070844
2020-06-14,569,Virginia,0.5486044468130701
2020-06-15,569,Virginia,0.5144118966374769
2020-06-16,569,Virginia,0.4795649944174099
2020-06-17,569,Virginia,0.44580749148836
2020-06-18,569,Virginia,0.41459201318500055
2020-06-19,569,Virginia,0.38661172274426897
2020-06-20,569,Virginia,0.36251641278630725
2020-06-21,569,Virginia,0.34274216028541704
2020-06-22,569,Virginia,0.3274446769825954
2020-06-23,569,Virginia,0.31674077045938764
2020-06-24,569,Virginia,0.31075693850258646
2020-06-25,569,Virginia,0.30970769187205915
2020-06-26,569,Virginia,0.3133189675259204
2020-06-27,569,Virginia,0.3217724604823321
2020-06-28,569,Virginia,0.33513763085776693
2020-06-29,569,Virginia,0.3532818293327298
2020-06-30,569,Virginia,0.37575607269335715
2020-07-01,569,Virginia,0.40185529432444106
2020-07-02,569,Virginia,0.4304316718088395
2020-07-03,569,Virginia,0.4602393110743153
2020-07-04,569,Virginia,0.48974583126043764
2020-07-05,569,Virginia,0.5171717781293375
2020-07-06,569,Virginia,0.5408033543896879
2020-07-07,569,Virginia,0.5589786615581347
2020-07-08,569,Virginia,0.5709058210492135
2020-07-09,569,Virginia,0.5762887982094757
2020-07-10,569,Virginia,0.575225137763065
2020-07-11,569,Virginia,0.5681484084420424
2020-07-12,569,Virginia,0.5563281498937399
2020-07-13,569,Virginia,0.5408562826272055
2020-07-14,569,Virginia,0.5228593077772457
2020-07-15,569,Virginia,0.5035066910559043
2020-07-16,569,Virginia,0.4838059059043792
2020-07-17,569,Virginia,0.4648917058965748
2020-07-18,569,Virginia,0.4472913854329692
2020-07-19,569,Virginia,0.43145578853515876
2020-07-20,569,Virginia,0.41782619592691694
2020-07-21,569,Virginia,0.40677107354319725
2020-07-22,569,Virginia,0.3984381202150939
2020-07-23,569,Virginia,0.3929012172704072
2020-07-24,569,Virginia,0.3902006716685972
2020-07-25,569,Virginia,0.39032635220938056
2020-07-26,569,Virginia,0.39330752510085404
2020-07-27,569,Virginia,0.39868209799479665
2020-07-28,569,Virginia,0.40623787889360985
2020-07-29,569,Virginia,0.4157302513817201
2020-07-30,569,Virginia,0.4267809592571122
2020-07-31,569,Virginia,0.4388830022801366
2020-08-01,569,Virginia,0.4514070697828147
2020-08-02,569,Virginia,0.46380734642597116
2020-08-03,569,Virginia,0.4752279110811337
2020-08-04,569,Virginia,0.4851881236802861
2020-08-05,569,Virginia,0.49326571751187837
2020-08-06,569,Virginia,0.49906623422820284
2020-08-07,569,Virginia,0.5022783205983012
2020-08-08,569,Virginia,0.5027130469688751
2020-08-09,569,Virginia,0.5002827349381463
2020-08-10,569,Virginia,0.49557606069002574
2020-08-11,569,Virginia,0.4888793627010155
2020-08-12,569,Virginia,0.4805199732738494
2020-08-13,569,Virginia,0.4708745307383644
2020-08-14,569,Virginia,0.46035183575237515
2020-08-15,569,Virginia,0.44938393692176903
2020-08-16,569,Virginia,0.438250777075914
2020-08-17,569,Virginia,0.4275350920341967
2020-08-18,569,Virginia,0.4174148374192548
2020-08-19,569,Virginia,0.4081167008760918
2020-08-20,569,Virginia,0.39991373487919324
2020-08-21,569,Virginia,0.3931123930026918
2020-08-22,569,Virginia,0.38803742185266754
2020-08-23,569,Virginia,0.3849667124863733
2020-08-24,569,Virginia,0.38398608780694976
2020-08-25,569,Virginia,0.38525070454671906
2020-08-26,569,Virginia,0.38888628825227034
2020-08-27,569,Virginia,0.39499087524816506
2020-08-28,569,Virginia,0.4036365652672219
2020-08-29,569,Virginia,0.4148929628086283
2020-08-30,569,Virginia,0.4288930977747296
2020-08-31,569,Virginia,0.4454185938659151
2020-09-01,569,Virginia,0.4642863349643309
2020-09-02,569,Virginia,0.48498963696237346
2020-09-03,569,Virginia,0.5068042717084915
2020-09-04,569,Virginia,0.5287555546702252
2020-09-05,569,Virginia,0.5497310961127684
2020-09-06,569,Virginia,0.5688302637082577
2020-09-07,569,Virginia,0.5855893896124652
2020-09-08,569,Virginia,0.5999952172025935
2020-09-09,569,Virginia,0.6085759478029229
2020-09-10,569,Virginia,0.6158521435072342
2020-09-11,569,Virginia,0.6215997761559121
2020-09-12,569,Virginia,0.6266362306514416
2020-09-13,569,Virginia,0.6313424092901901
2020-09-14,569,Virginia,0.6387096861603903
2020-09-15,569,Virginia,0.6447170276722577
2020-09-16,569,Virginia,0.6496142383037201
2020-09-17,569,Virginia,0.6529756376600148
2020-09-18,569,Virginia,0.6553580528957594
2020-09-19,569,Virginia,0.6569111529001228
2020-09-20,569,Virginia,0.6573681954261839
2020-09-21,569,Virginia,0.6569419968930114
2020-02-01,570,Washington,3.7220808333683323e+18
2020-02-02,570,Washington,10.214160412168644
2020-02-03,570,Washington,3.440353860046145
2020-02-04,570,Washington,2.007747796015758
2020-02-05,570,Washington,1.4661202370129904
2020-02-06,570,Washington,1.2049277048958336
2020-02-07,570,Washington,1.061005910629199
2020-02-08,570,Washington,0.9750531488763502
2020-02-09,570,Washington,0.9207396621351218
2020-02-10,570,Washington,0.8847730288935307
2020-02-11,570,Washington,0.859696824013596
2020-02-12,570,Washington,0.8413331151499958
2020-02-13,570,Washington,0.8270528048838041
2020-02-14,570,Washington,0.8153167186169471
2020-02-15,570,Washington,0.8052445329468316
2020-02-16,570,Washington,0.7963083107049209
2020-02-17,570,Washington,0.7881997546013811
2020-02-18,570,Washington,0.7809133645764336
2020-02-19,570,Washington,0.7743743255951728
2020-02-20,570,Washington,0.7686222894139355
2020-02-21,570,Washington,0.7636831805801768
2020-02-22,570,Washington,0.7597348265162368
2020-02-23,570,Washington,0.7566427610397761
2020-02-24,570,Washington,0.7542173586420228
2020-02-25,570,Washington,0.7522678089006674
2020-02-26,570,Washington,0.7506943993275427
2020-02-27,570,Washington,0.7490987138936238
2020-02-28,570,Washington,0.7469358969726041
2020-02-29,570,Washington,0.7441897999608577
2020-03-01,570,Washington,0.7407462216819376
2020-03-02,570,Washington,0.7364212732177396
2020-03-03,570,Washington,0.7309930854780716
2020-03-04,570,Washington,0.724473836998556
2020-03-05,570,Washington,0.7163663770605759
2020-03-06,570,Washington,0.7066999134867453
2020-03-07,570,Washington,0.6957764590436114
2020-03-08,570,Washington,0.6837433629854734
2020-03-09,570,Washington,0.6706471367781615
2020-03-10,570,Washington,0.6564757785296341
2020-03-11,570,Washington,0.6412020592955554
2020-03-12,570,Washington,0.6251076868697071
2020-03-13,570,Washington,0.608353203998685
2020-03-14,570,Washington,0.5910795663178097
2020-03-15,570,Washington,0.5734621327242245
2020-03-16,570,Washington,0.55571935797923
2020-03-17,570,Washington,0.5381084230517805
2020-03-18,570,Washington,0.5207515030557468
2020-03-19,570,Washington,0.5042240439230233
2020-03-20,570,Washington,0.4885116893051541
2020-03-21,570,Washington,0.4736483115153256
2020-03-22,570,Washington,0.4597031323280586
2020-03-23,570,Washington,0.44677181374140473
2020-03-24,570,Washington,0.43496272331051594
2020-03-25,570,Washington,0.4243077536786875
2020-03-26,570,Washington,0.41480471655232437
2020-03-27,570,Washington,0.4064408792475849
2020-03-28,570,Washington,0.3992058921167675
2020-03-29,570,Washington,0.39308361116338186
2020-03-30,570,Washington,0.3880502923819872
2020-03-31,570,Washington,0.3841589551885239
2020-04-01,570,Washington,0.38125453190901254
2020-04-02,570,Washington,0.3792127741338559
2020-04-03,570,Washington,0.37805851481169755
2020-04-04,570,Washington,0.3778009286851928
2020-04-05,570,Washington,0.3784306185531001
2020-04-06,570,Washington,0.3799166491058468
2020-04-07,570,Washington,0.3821987906513077
2020-04-08,570,Washington,0.38517673364195437
2020-04-09,570,Washington,0.38869773855736506
2020-04-10,570,Washington,0.39261873999442265
2020-04-11,570,Washington,0.39666602021078085
2020-04-12,570,Washington,0.4005557899452548
2020-04-13,570,Washington,0.40407578647361114
2020-04-14,570,Washington,0.4069733653788073
2020-04-15,570,Washington,0.40898017021393174
2020-04-16,570,Washington,0.4098498172120907
2020-04-17,570,Washington,0.40939476912399625
2020-04-18,570,Washington,0.40751463858421894
2020-04-19,570,Washington,0.40435058367813703
2020-04-20,570,Washington,0.400105669513365
2020-04-21,570,Washington,0.3950356623380755
2020-04-22,570,Washington,0.38948350969939044
2020-04-23,570,Washington,0.3838098207279342
2020-04-24,570,Washington,0.37838224751724175
2020-04-25,570,Washington,0.3734365246686284
2020-04-26,570,Washington,0.36917950595156546
2020-04-27,570,Washington,0.3657778843011324
2020-04-28,570,Washington,0.3632930961558982
2020-04-29,570,Washington,0.36173443894176904
2020-04-30,570,Washington,0.3610739517977232
2020-05-01,570,Washington,0.36123316220880797
2020-05-02,570,Washington,0.36214075010479285
2020-05-03,570,Washington,0.3635462666435625
2020-05-04,570,Washington,0.3653599108063544
2020-05-05,570,Washington,0.3674877004550078
2020-05-06,570,Washington,0.36983717214168443
2020-05-07,570,Washington,0.372316734384704
2020-05-08,570,Washington,0.3748328633483195
2020-05-09,570,Washington,0.3772980163999437
2020-05-10,570,Washington,0.3796951849022615
2020-05-11,570,Washington,0.38199280130565866
2020-05-12,570,Washington,0.3841644152370597
2020-05-13,570,Washington,0.3862044836324893
2020-05-14,570,Washington,0.38813918736912073
2020-05-15,570,Washington,0.39002978960623924
2020-05-16,570,Washington,0.3919825598994105
2020-05-17,570,Washington,0.3940942695353604
2020-05-18,570,Washington,0.3964111923000856
2020-05-19,570,Washington,0.3989832655944584
2020-05-20,570,Washington,0.40183177330438685
2020-05-21,570,Washington,0.4049454982668894
2020-05-22,570,Washington,0.40828181675510755
2020-05-23,570,Washington,0.4117718744584902
2020-05-24,570,Washington,0.41532955054146065
2020-05-25,570,Washington,0.4188611768530848
2020-05-26,570,Washington,0.4222756846099218
2020-05-27,570,Washington,0.4254860520575101
2020-05-28,570,Washington,0.4283697101675103
2020-05-29,570,Washington,0.4311311970275362
2020-05-30,570,Washington,0.4337756524649612
2020-05-31,570,Washington,0.43633564518697904
2020-06-01,570,Washington,0.43886131669125916
2020-06-02,570,Washington,0.4414108170259809
2020-06-03,570,Washington,0.4440421594100113
2020-06-04,570,Washington,0.4468051342231326
2020-06-05,570,Washington,0.44973404240088194
2020-06-06,570,Washington,0.45284489025416935
2020-06-07,570,Washington,0.45613414481435266
2020-06-08,570,Washington,0.4596288184056519
2020-06-09,570,Washington,0.4631363424938847
2020-06-10,570,Washington,0.4665851379202528
2020-06-11,570,Washington,0.4699385585802134
2020-06-12,570,Washington,0.47316044465153956
2020-06-13,570,Washington,0.47621628550217165
2020-06-14,570,Washington,0.47907788774438953
2020-06-15,570,Washington,0.4817247269520816
2020-06-16,570,Washington,0.4841389597628256
2020-06-17,570,Washington,0.4863021504897847
2020-06-18,570,Washington,0.48819160848061255
2020-06-19,570,Washington,0.4897452900537627
2020-06-20,570,Washington,0.4909922805936733
2020-06-21,570,Washington,0.49199943543076496
2020-06-22,570,Washington,0.49275578314848123
2020-06-23,570,Washington,0.4932647093388314
2020-06-24,570,Washington,0.4935456043551437
2020-06-25,570,Washington,0.49363336691506904
2020-06-26,570,Washington,0.49357840996107555
2020-06-27,570,Washington,0.4934495148916413
2020-06-28,570,Washington,0.49333695096178204
2020-06-29,570,Washington,0.4933558197446291
2020-06-30,570,Washington,0.4936543747313579
2020-07-01,570,Washington,0.4944506481219534
2020-07-02,570,Washington,0.4957458909247158
2020-07-03,570,Washington,0.49763612970816207
2020-07-04,570,Washington,0.5002039488723073
2020-07-05,570,Washington,0.5034922008998722
2020-07-06,570,Washington,0.5074808439579978
2020-07-07,570,Washington,0.5120692072888036
2020-07-08,570,Washington,0.5170641089861578
2020-07-09,570,Washington,0.5221774793396196
2020-07-10,570,Washington,0.5270364638817627
2020-07-11,570,Washington,0.5312022310337001
2020-07-12,570,Washington,0.5343712550349577
2020-07-13,570,Washington,0.5358475263202318
2020-07-14,570,Washington,0.5354472349859364
2020-07-15,570,Washington,0.5331196433329762
2020-07-16,570,Washington,0.5288388774882612
2020-07-17,570,Washington,0.5226190244975972
2020-07-18,570,Washington,0.5145306364608924
2020-07-19,570,Washington,0.5047150983160871
2020-07-20,570,Washington,0.49338919817237575
2020-07-21,570,Washington,0.48084173919349554
2020-07-22,570,Washington,0.4674265583309485
2020-07-23,570,Washington,0.4535035774797412
2020-07-24,570,Washington,0.43959962585094986
2020-07-25,570,Washington,0.4260432260128242
2020-07-26,570,Washington,0.41300972279058734
2020-07-27,570,Washington,0.40069531322621055
2020-07-28,570,Washington,0.3893024258083244
2020-07-29,570,Washington,0.37901372683603074
2020-07-30,570,Washington,0.36989632362569186
2020-07-31,570,Washington,0.3619933929141023
2020-08-01,570,Washington,0.3553374914788728
2020-08-02,570,Washington,0.3499422437679137
2020-08-03,570,Washington,0.345797019959494
2020-08-04,570,Washington,0.3428946972927949
2020-08-05,570,Washington,0.34111700068502426
2020-08-06,570,Washington,0.34044962657616895
2020-08-07,570,Washington,0.3408665602124671
2020-08-08,570,Washington,0.3423157281290778
2020-08-09,570,Washington,0.34472027099189984
2020-08-10,570,Washington,0.3480173899004825
2020-08-11,570,Washington,0.3521286094906603
2020-08-12,570,Washington,0.3570299066390142
2020-08-13,570,Washington,0.3626846617999848
2020-08-14,570,Washington,0.369042006756297
2020-08-15,570,Washington,0.37604763510259603
2020-08-16,570,Washington,0.38364422658844904
2020-08-17,570,Washington,0.3917467746418123
2020-08-18,570,Washington,0.40029259518586335
2020-08-19,570,Washington,0.40920019006286507
2020-08-20,570,Washington,0.41836881185287184
2020-08-21,570,Washington,0.4276768704403803
2020-08-22,570,Washington,0.4369749731135564
2020-08-23,570,Washington,0.4460812967668809
2020-08-24,570,Washington,0.4548663288243539
2020-08-25,570,Washington,0.46297331357535526
2020-08-26,570,Washington,0.4701766434823858
2020-08-27,570,Washington,0.4763059909356081
2020-08-28,570,Washington,0.48121971219412857
2020-08-29,570,Washington,0.4848341271949878
2020-08-30,570,Washington,0.4871282707718074
2020-08-31,570,Washington,0.4881544827921902
2020-09-01,570,Washington,0.48806815406435766
2020-09-02,570,Washington,0.48714746266524994
2020-09-03,570,Washington,0.48572493532753186
2020-09-04,570,Washington,0.4841854715869526
2020-09-05,570,Washington,0.4823178610679658
2020-09-06,570,Washington,0.48053969368280963
2020-09-07,570,Washington,0.4787011675948466
2020-09-08,570,Washington,0.47668869872737873
2020-09-09,570,Washington,0.47416321603882183
2020-09-10,570,Washington,0.47150865159077654
2020-09-11,570,Washington,0.4684945493430962
2020-09-12,570,Washington,0.4653231972931663
2020-09-13,570,Washington,0.46187896255061583
2020-09-14,570,Washington,0.45832137483436386
2020-09-15,570,Washington,0.45501470216108025
2020-09-16,570,Washington,0.4518119044409562
2020-09-17,570,Washington,0.44877763076832916
2020-09-18,570,Washington,0.44678496272766083
2020-09-19,570,Washington,0.44574440015460165
2020-09-20,570,Washington,0.445157165710312
2020-09-21,570,Washington,0.44497490094707887
2020-02-01,571,West Virginia,0.0
2020-02-02,571,West Virginia,0.0
2020-02-03,571,West Virginia,0.0
2020-02-04,571,West Virginia,0.0
2020-02-05,571,West Virginia,0.0
2020-02-06,571,West Virginia,0.0
2020-02-07,571,West Virginia,0.0
2020-02-08,571,West Virginia,0.0
2020-02-09,571,West Virginia,0.0
2020-02-10,571,West Virginia,0.0
2020-02-11,571,West Virginia,0.0
2020-02-12,571,West Virginia,0.0
2020-02-13,571,West Virginia,0.0
2020-02-14,571,West Virginia,0.0
2020-02-15,571,West Virginia,0.0
2020-02-16,571,West Virginia,0.0
2020-02-17,571,West Virginia,0.0
2020-02-18,571,West Virginia,0.0
2020-02-19,571,West Virginia,4.563844442504216
2020-02-20,571,West Virginia,4.4128602957334575
2020-02-21,571,West Virginia,3.021968480309583
2020-02-22,571,West Virginia,2.145681344120883
2020-02-23,571,West Virginia,1.6347480784019188
2020-02-24,571,West Virginia,1.1481155687946836
2020-02-25,571,West Virginia,0.8950131114775451
2020-02-26,571,West Virginia,0.7560235551925221
2020-02-27,571,West Virginia,0.6774146831686021
2020-02-28,571,West Virginia,0.6334820461900795
2020-02-29,571,West Virginia,0.6115178622919901
2020-03-01,571,West Virginia,0.6040910548393067
2020-03-02,571,West Virginia,0.6069801169992197
2020-03-03,571,West Virginia,0.617727393195994
2020-03-04,571,West Virginia,0.6341811530339453
2020-03-05,571,West Virginia,0.6550744709958125
2020-03-06,571,West Virginia,0.6798281171776263
2020-03-07,571,West Virginia,0.7070316559878786
2020-03-08,571,West Virginia,0.7357273076290928
2020-03-09,571,West Virginia,0.7651385937466193
2020-03-10,571,West Virginia,0.7941636452208597
2020-03-11,571,West Virginia,0.822138913676373
2020-03-12,571,West Virginia,0.8482285737324133
2020-03-13,571,West Virginia,0.8719186142048374
2020-03-14,571,West Virginia,0.892632627513268
2020-03-15,571,West Virginia,0.9098936985909367
2020-03-16,571,West Virginia,0.9236906470795071
2020-03-17,571,West Virginia,0.9334202715103506
2020-03-18,571,West Virginia,0.9386990748757135
2020-03-19,571,West Virginia,0.9393571740792264
2020-03-20,571,West Virginia,0.9354816952893751
2020-03-21,571,West Virginia,0.9270731645499989
2020-03-22,571,West Virginia,0.914304194018001
2020-03-23,571,West Virginia,0.8978182682054113
2020-03-24,571,West Virginia,0.8771429346203186
2020-03-25,571,West Virginia,0.852993369364478
2020-03-26,571,West Virginia,0.8262221995824487
2020-03-27,571,West Virginia,0.7970633541419827
2020-03-28,571,West Virginia,0.7658129934461732
2020-03-29,571,West Virginia,0.7328022797754995
2020-03-30,571,West Virginia,0.6989778007959433
2020-03-31,571,West Virginia,0.6648084598154114
2020-04-01,571,West Virginia,0.6306099094263921
2020-04-02,571,West Virginia,0.59702053198582
2020-04-03,571,West Virginia,0.5644468980011826
2020-04-04,571,West Virginia,0.5332319676612616
2020-04-05,571,West Virginia,0.5036587294854494
2020-04-06,571,West Virginia,0.4761016731552107
2020-04-07,571,West Virginia,0.4506316540269528
2020-04-08,571,West Virginia,0.4272270688413162
2020-04-09,571,West Virginia,0.4059711181362913
2020-04-10,571,West Virginia,0.38691955792939736
2020-04-11,571,West Virginia,0.37007574243900826
2020-04-12,571,West Virginia,0.3553333739013431
2020-04-13,571,West Virginia,0.34263781384468045
2020-04-14,571,West Virginia,0.331969220258853
2020-04-15,571,West Virginia,0.32315201359801743
2020-04-16,571,West Virginia,0.3160914107496267
2020-04-17,571,West Virginia,0.31070986506950043
2020-04-18,571,West Virginia,0.3069159683237616
2020-04-19,571,West Virginia,0.30459813777944855
2020-04-20,571,West Virginia,0.30366361969820665
2020-04-21,571,West Virginia,0.3039288782265487
2020-04-22,571,West Virginia,0.3053055346422316
2020-04-23,571,West Virginia,0.3077248362001133
2020-04-24,571,West Virginia,0.31107444051046046
2020-04-25,571,West Virginia,0.31518838162038826
2020-04-26,571,West Virginia,0.3198719537945185
2020-04-27,571,West Virginia,0.3248947444426208
2020-04-28,571,West Virginia,0.3300587479328025
2020-04-29,571,West Virginia,0.33519107701051515
2020-04-30,571,West Virginia,0.3401019939732012
2020-05-01,571,West Virginia,0.3445933486188337
2020-05-02,571,West Virginia,0.3484640179987848
2020-05-03,571,West Virginia,0.35157616957879784
2020-05-04,571,West Virginia,0.3538404440076678
2020-05-05,571,West Virginia,0.3551793488626972
2020-05-06,571,West Virginia,0.35555102691102153
2020-05-07,571,West Virginia,0.3549522614667514
2020-05-08,571,West Virginia,0.3534197905475535
2020-05-09,571,West Virginia,0.3510330952830576
2020-05-10,571,West Virginia,0.3478667793518138
2020-05-11,571,West Virginia,0.34414355369152144
2020-05-12,571,West Virginia,0.3399671239793978
2020-05-13,571,West Virginia,0.3354321500992839
2020-05-14,571,West Virginia,0.33064486928986153
2020-05-15,571,West Virginia,0.3257161385413461
2020-05-16,571,West Virginia,0.3207573401007152
2020-05-17,571,West Virginia,0.3158446831662287
2020-05-18,571,West Virginia,0.31104407320597927
2020-05-19,571,West Virginia,0.30639040374844645
2020-05-20,571,West Virginia,0.30192057105144715
2020-05-21,571,West Virginia,0.29767438987177
2020-05-22,571,West Virginia,0.2936936042514805
2020-05-23,571,West Virginia,0.29002976033109035
2020-05-24,571,West Virginia,0.28676292855117924
2020-05-25,571,West Virginia,0.283796000325036
2020-05-26,571,West Virginia,0.28117258459888356
2020-05-27,571,West Virginia,0.2789319833992768
2020-05-28,571,West Virginia,0.2771090811200147
2020-05-29,571,West Virginia,0.27573337843150203
2020-05-30,571,West Virginia,0.2748274104839565
2020-05-31,571,West Virginia,0.2744035353120904
2020-06-01,571,West Virginia,0.2744609752457237
2020-06-02,571,West Virginia,0.27498329182714876
2020-06-03,571,West Virginia,0.2759376302421135
2020-06-04,571,West Virginia,0.27729666431568306
2020-06-05,571,West Virginia,0.2790419672980802
2020-06-06,571,West Virginia,0.2811660298133321
2020-06-07,571,West Virginia,0.28367124564090096
2020-06-08,571,West Virginia,0.28656084472891846
2020-06-09,571,West Virginia,0.28983906355168315
2020-06-10,571,West Virginia,0.29351037147759645
2020-06-11,571,West Virginia,0.297580692208704
2020-06-12,571,West Virginia,0.3020602554182193
2020-06-13,571,West Virginia,0.30696488248044124
2020-06-14,571,West Virginia,0.312319268852775
2020-06-15,571,West Virginia,0.3181616525169951
2020-06-16,571,West Virginia,0.32455460487432664
2020-06-17,571,West Virginia,0.3315729304081508
2020-06-18,571,West Virginia,0.3392870628484958
2020-06-19,571,West Virginia,0.34777959191397184
2020-06-20,571,West Virginia,0.35716437582602606
2020-06-21,571,West Virginia,0.3675312153853757
2020-06-22,571,West Virginia,0.37895687526187305
2020-06-23,571,West Virginia,0.39152910847299716
2020-06-24,571,West Virginia,0.4053538713712164
2020-06-25,571,West Virginia,0.42047131562909384
2020-06-26,571,West Virginia,0.43691984465536826
2020-06-27,571,West Virginia,0.45458921687160114
2020-06-28,571,West Virginia,0.4737973049639843
2020-06-29,571,West Virginia,0.49427762314723944
2020-06-30,571,West Virginia,0.5157087947006643
2020-07-01,571,West Virginia,0.5377571558510471
2020-07-02,571,West Virginia,0.5600753873027849
2020-07-03,571,West Virginia,0.5823395367838909
2020-07-04,571,West Virginia,0.6038437082402648
2020-07-05,571,West Virginia,0.6238794833230581
2020-07-06,571,West Virginia,0.6418758976190923
2020-07-07,571,West Virginia,0.657302745572271
2020-07-08,571,West Virginia,0.6696771895604828
2020-07-09,571,West Virginia,0.6785968575953104
2020-07-10,571,West Virginia,0.6837090427534275
2020-07-11,571,West Virginia,0.6848527589740161
2020-07-12,571,West Virginia,0.6822602468969649
2020-07-13,571,West Virginia,0.6761284618939725
2020-07-14,571,West Virginia,0.6666833696448204
2020-07-15,571,West Virginia,0.6544530367657583
2020-07-16,571,West Virginia,0.6400672391136875
2020-07-17,571,West Virginia,0.6240623997633518
2020-07-18,571,West Virginia,0.607008314170626
2020-07-19,571,West Virginia,0.5894624055143164
2020-07-20,571,West Virginia,0.5719012922415809
2020-07-21,571,West Virginia,0.5546723796094442
2020-07-22,571,West Virginia,0.538274923783952
2020-07-23,571,West Virginia,0.522892445924596
2020-07-24,571,West Virginia,0.5086490325596124
2020-07-25,571,West Virginia,0.49570147543960047
2020-07-26,571,West Virginia,0.48418783505184937
2020-07-27,571,West Virginia,0.4742282265968529
2020-07-28,571,West Virginia,0.4658143385005807
2020-07-29,571,West Virginia,0.4588889066106856
2020-07-30,571,West Virginia,0.4534115282277758
2020-07-31,571,West Virginia,0.44934776530941084
2020-08-01,571,West Virginia,0.4466125769877743
2020-08-02,571,West Virginia,0.4450887478538065
2020-08-03,571,West Virginia,0.44466786559092586
2020-08-04,571,West Virginia,0.4452307181482406
2020-08-05,571,West Virginia,0.44664965383723015
2020-08-06,571,West Virginia,0.44879204307487414
2020-08-07,571,West Virginia,0.45142311917021866
2020-08-08,571,West Virginia,0.4544170763112545
2020-08-09,571,West Virginia,0.45761579458131707
2020-08-10,571,West Virginia,0.46083062295780575
2020-08-11,571,West Virginia,0.46384459549394075
2020-08-12,571,West Virginia,0.4664800850071813
2020-08-13,571,West Virginia,0.46847710229714795
2020-08-14,571,West Virginia,0.46974956995048445
2020-08-15,571,West Virginia,0.4702094790255915
2020-08-16,571,West Virginia,0.46977339520562933
2020-08-17,571,West Virginia,0.46836594251534464
2020-08-18,571,West Virginia,0.46594549775926053
2020-08-19,571,West Virginia,0.4625618183249509
2020-08-20,571,West Virginia,0.4582665896130158
2020-08-21,571,West Virginia,0.4531458629123272
2020-08-22,571,West Virginia,0.4473302463771788
2020-08-23,571,West Virginia,0.44099770239416075
2020-08-24,571,West Virginia,0.4343173942944179
2020-08-25,571,West Virginia,0.42765912233027664
2020-08-26,571,West Virginia,0.4211689968317692
2020-08-27,571,West Virginia,0.41500037225640957
2020-08-28,571,West Virginia,0.40932088891946516
2020-08-29,571,West Virginia,0.4043053415236301
2020-08-30,571,West Virginia,0.4001179843663271
2020-08-31,571,West Virginia,0.3968188901797017
2020-09-01,571,West Virginia,0.39441909484205806
2020-09-02,571,West Virginia,0.39287398847777827
2020-09-03,571,West Virginia,0.3921326814953228
2020-09-04,571,West Virginia,0.392110542447522
2020-09-05,571,West Virginia,0.39266421910733607
2020-09-06,571,West Virginia,0.3935947609648216
2020-09-07,571,West Virginia,0.3947424754122813
2020-09-08,571,West Virginia,0.39594680066335186
2020-09-09,571,West Virginia,0.3977222953418412
2020-09-10,571,West Virginia,0.3993625789653659
2020-09-11,571,West Virginia,0.40122189340137604
2020-09-12,571,West Virginia,0.4034623943917434
2020-09-13,571,West Virginia,0.40596972678910587
2020-09-14,571,West Virginia,0.4091187565894191
2020-09-15,571,West Virginia,0.41213380459165333
2020-09-16,571,West Virginia,0.4152731936954313
2020-09-17,571,West Virginia,0.418183197862274
2020-09-18,571,West Virginia,0.4211341477536891
2020-09-19,571,West Virginia,0.42396403161499757
2020-09-20,571,West Virginia,0.4265171170663279
2020-09-21,571,West Virginia,0.42862558116981997
2020-02-01,572,Wisconsin,5.158615482229864e+16
2020-02-02,572,Wisconsin,2.41174745160256
2020-02-03,572,Wisconsin,1.1597699854597956
2020-02-04,572,Wisconsin,0.7784841710775107
2020-02-05,572,Wisconsin,0.6079630451964686
2020-02-06,572,Wisconsin,0.5194235483980149
2020-02-07,572,Wisconsin,0.4717508353030962
2020-02-08,572,Wisconsin,0.44799548780372866
2020-02-09,572,Wisconsin,0.44029552664975086
2020-02-10,572,Wisconsin,0.4445332570418788
2020-02-11,572,Wisconsin,0.45835294687067796
2020-02-12,572,Wisconsin,0.4804944764086399
2020-02-13,572,Wisconsin,0.5099197296403375
2020-02-14,572,Wisconsin,0.5453880797004134
2020-02-15,572,Wisconsin,0.5859698413437038
2020-02-16,572,Wisconsin,0.6307900484636471
2020-02-17,572,Wisconsin,0.6783955911412151
2020-02-18,572,Wisconsin,0.7274161830749503
2020-02-19,572,Wisconsin,0.7764426263816728
2020-02-20,572,Wisconsin,0.8241901438176217
2020-02-21,572,Wisconsin,0.87057920156536
2020-02-22,572,Wisconsin,0.9142958781418652
2020-02-23,572,Wisconsin,0.9548344956475178
2020-02-24,572,Wisconsin,0.9915722538856915
2020-02-25,572,Wisconsin,1.0245096682347896
2020-02-26,572,Wisconsin,1.055544953383076
2020-02-27,572,Wisconsin,1.0836461029275966
2020-02-28,572,Wisconsin,1.1088679575926028
2020-02-29,572,Wisconsin,1.1305832976726686
2020-03-01,572,Wisconsin,1.1491712786198416
2020-03-02,572,Wisconsin,1.1661545718785995
2020-03-03,572,Wisconsin,1.180266869254599
2020-03-04,572,Wisconsin,1.1914512185664965
2020-03-05,572,Wisconsin,1.1985948283349925
2020-03-06,572,Wisconsin,1.2016953937911758
2020-03-07,572,Wisconsin,1.2010699098156832
2020-03-08,572,Wisconsin,1.1958643963595526
2020-03-09,572,Wisconsin,1.185642354567996
2020-03-10,572,Wisconsin,1.1697281913215065
2020-03-11,572,Wisconsin,1.1480028921781233
2020-03-12,572,Wisconsin,1.1204908121652661
2020-03-13,572,Wisconsin,1.087902458054476
2020-03-14,572,Wisconsin,1.0496466516231668
2020-03-15,572,Wisconsin,1.0069452889291084
2020-03-16,572,Wisconsin,0.9610606578179728
2020-03-17,572,Wisconsin,0.9125942242703475
2020-03-18,572,Wisconsin,0.8624008659698865
2020-03-19,572,Wisconsin,0.8120194615747709
2020-03-20,572,Wisconsin,0.7623762583922974
2020-03-21,572,Wisconsin,0.7142372808490014
2020-03-22,572,Wisconsin,0.6685717302782396
2020-03-23,572,Wisconsin,0.6258155038239689
2020-03-24,572,Wisconsin,0.5863002345374276
2020-03-25,572,Wisconsin,0.5505979845397098
2020-03-26,572,Wisconsin,0.5188650943658272
2020-03-27,572,Wisconsin,0.49088292670424644
2020-03-28,572,Wisconsin,0.4666165555385463
2020-03-29,572,Wisconsin,0.446085484508524
2020-03-30,572,Wisconsin,0.4291422734188871
2020-03-31,572,Wisconsin,0.41549478771904147
2020-04-01,572,Wisconsin,0.4048419588459968
2020-04-02,572,Wisconsin,0.3968965053028026
2020-04-03,572,Wisconsin,0.3914211198435534
2020-04-04,572,Wisconsin,0.38803645443144996
2020-04-05,572,Wisconsin,0.38630653525977265
2020-04-06,572,Wisconsin,0.38604763173493234
2020-04-07,572,Wisconsin,0.3870466678734573
2020-04-08,572,Wisconsin,0.38906000454535644
2020-04-09,572,Wisconsin,0.3918144245096876
2020-04-10,572,Wisconsin,0.3950281593392187
2020-04-11,572,Wisconsin,0.3984837943108274
2020-04-12,572,Wisconsin,0.40201724371911884
2020-04-13,572,Wisconsin,0.40554116685960045
2020-04-14,572,Wisconsin,0.4089864456669388
2020-04-15,572,Wisconsin,0.4123039820922658
2020-04-16,572,Wisconsin,0.415460243432333
2020-04-17,572,Wisconsin,0.41842183956405266
2020-04-18,572,Wisconsin,0.42123104440677894
2020-04-19,572,Wisconsin,0.42395931245137936
2020-04-20,572,Wisconsin,0.4266220345327418
2020-04-21,572,Wisconsin,0.4292417027770603
2020-04-22,572,Wisconsin,0.43184579764232056
2020-04-23,572,Wisconsin,0.4344625445657817
2020-04-24,572,Wisconsin,0.43711533041058287
2020-04-25,572,Wisconsin,0.43981727326118836
2020-04-26,572,Wisconsin,0.44256732017987355
2020-04-27,572,Wisconsin,0.4454216562062887
2020-04-28,572,Wisconsin,0.44814596729000283
2020-04-29,572,Wisconsin,0.45072281265782765
2020-04-30,572,Wisconsin,0.4531312211045713
2020-05-01,572,Wisconsin,0.45534658741939915
2020-05-02,572,Wisconsin,0.45733693785553353
2020-05-03,572,Wisconsin,0.45906108102459936
2020-05-04,572,Wisconsin,0.46046741935602725
2020-05-05,572,Wisconsin,0.4614979032326545
2020-05-06,572,Wisconsin,0.4620936984623828
2020-05-07,572,Wisconsin,0.46220087911514757
2020-05-08,572,Wisconsin,0.4617593223510793
2020-05-09,572,Wisconsin,0.4607739286199043
2020-05-10,572,Wisconsin,0.4592699768692104
2020-05-11,572,Wisconsin,0.45724128699245636
2020-05-12,572,Wisconsin,0.45468174148993123
2020-05-13,572,Wisconsin,0.4515867203657391
2020-05-14,572,Wisconsin,0.44795688984198595
2020-05-15,572,Wisconsin,0.44380318397429214
2020-05-16,572,Wisconsin,0.439148603575466
2020-05-17,572,Wisconsin,0.434033759592682
2020-05-18,572,Wisconsin,0.4285228106153636
2020-05-19,572,Wisconsin,0.4227034699342896
2020-05-20,572,Wisconsin,0.4165330947161081
2020-05-21,572,Wisconsin,0.41033254653266604
2020-05-22,572,Wisconsin,0.4041694041370061
2020-05-23,572,Wisconsin,0.3980587965345074
2020-05-24,572,Wisconsin,0.3920226309398747
2020-05-25,572,Wisconsin,0.3860863265437037
2020-05-26,572,Wisconsin,0.38027595345840853
2020-05-27,572,Wisconsin,0.3746145470865418
2020-05-28,572,Wisconsin,0.3691218236969201
2020-05-29,572,Wisconsin,0.3638151880022519
2020-05-30,572,Wisconsin,0.35870919734967033
2020-05-31,572,Wisconsin,0.353817018560568
2020-06-01,572,Wisconsin,0.3491513279750609
2020-06-02,572,Wisconsin,0.3447280193052996
2020-06-03,572,Wisconsin,0.3405796106274728
2020-06-04,572,Wisconsin,0.33666061636917155
2020-06-05,572,Wisconsin,0.3329919523513602
2020-06-06,572,Wisconsin,0.32962431105265844
2020-06-07,572,Wisconsin,0.3266168309410451
2020-06-08,572,Wisconsin,0.3240344160156528
2020-06-09,572,Wisconsin,0.32194748137169904
2020-06-10,572,Wisconsin,0.32043141624212607
2020-06-11,572,Wisconsin,0.3195688914175614
2020-06-12,572,Wisconsin,0.3194488886028551
2020-06-13,572,Wisconsin,0.32016899476443217
2020-06-14,572,Wisconsin,0.32183779110555316
2020-06-15,572,Wisconsin,0.3245744343230561
2020-06-16,572,Wisconsin,0.3285046112384081
2020-06-17,572,Wisconsin,0.33372206987615644
2020-06-18,572,Wisconsin,0.3404029511310106
2020-06-19,572,Wisconsin,0.3487036976140493
2020-06-20,572,Wisconsin,0.35872413132017045
2020-06-21,572,Wisconsin,0.370540198107794
2020-06-22,572,Wisconsin,0.38419313473037564
2020-06-23,572,Wisconsin,0.3996789462193379
2020-06-24,572,Wisconsin,0.4169343911271696
2020-06-25,572,Wisconsin,0.435812775192211
2020-06-26,572,Wisconsin,0.45606419775146395
2020-06-27,572,Wisconsin,0.4773163947761374
2020-06-28,572,Wisconsin,0.4990628729555485
2020-06-29,572,Wisconsin,0.5206786191086138
2020-06-30,572,Wisconsin,0.5414444091093547
2020-07-01,572,Wisconsin,0.5605910598264139
2020-07-02,572,Wisconsin,0.5772777045227372
2020-07-03,572,Wisconsin,0.5908965401891633
2020-07-04,572,Wisconsin,0.6009717007413198
2020-07-05,572,Wisconsin,0.6071383181146185
2020-07-06,572,Wisconsin,0.6091516315915129
2020-07-07,572,Wisconsin,0.6071068111533883
2020-07-08,572,Wisconsin,0.6011584185547979
2020-07-09,572,Wisconsin,0.5915967958095508
2020-07-10,572,Wisconsin,0.5789240829694392
2020-07-11,572,Wisconsin,0.5637521266130228
2020-07-12,572,Wisconsin,0.5467036637126177
2020-07-13,572,Wisconsin,0.528562160319076
2020-07-14,572,Wisconsin,0.510010502159286
2020-07-15,572,Wisconsin,0.4915402897407128
2020-07-16,572,Wisconsin,0.4736595077217882
2020-07-17,572,Wisconsin,0.45679272729958
2020-07-18,572,Wisconsin,0.44134041449645917
2020-07-19,572,Wisconsin,0.42745379253606436
2020-07-20,572,Wisconsin,0.41528937066728977
2020-07-21,572,Wisconsin,0.40500944535524636
2020-07-22,572,Wisconsin,0.3966882000620313
2020-07-23,572,Wisconsin,0.3903232766864835
2020-07-24,572,Wisconsin,0.3858853895134452
2020-07-25,572,Wisconsin,0.3833084118119952
2020-07-26,572,Wisconsin,0.3826181229996428
2020-07-27,572,Wisconsin,0.3833624929416627
2020-07-28,572,Wisconsin,0.3854244382151875
2020-07-29,572,Wisconsin,0.38869039846001674
2020-07-30,572,Wisconsin,0.39300062951664466
2020-07-31,572,Wisconsin,0.3981492761406389
2020-08-01,572,Wisconsin,0.40388829364892714
2020-08-02,572,Wisconsin,0.4099338797413688
2020-08-03,572,Wisconsin,0.41605117778300343
2020-08-04,572,Wisconsin,0.4219845969019359
2020-08-05,572,Wisconsin,0.42756369805026573
2020-08-06,572,Wisconsin,0.4326654938227161
2020-08-07,572,Wisconsin,0.43717218332709495
2020-08-08,572,Wisconsin,0.440976702420063
2020-08-09,572,Wisconsin,0.4439902150371835
2020-08-10,572,Wisconsin,0.4461536714765497
2020-08-11,572,Wisconsin,0.447419452769912
2020-08-12,572,Wisconsin,0.44787816617082876
2020-08-13,572,Wisconsin,0.4476222374820153
2020-08-14,572,Wisconsin,0.4466943372034218
2020-08-15,572,Wisconsin,0.4451488548027216
2020-08-16,572,Wisconsin,0.44305121244727297
2020-08-17,572,Wisconsin,0.44047681165502023
2020-08-18,572,Wisconsin,0.4375125776951688
2020-08-19,572,Wisconsin,0.43423250378610295
2020-08-20,572,Wisconsin,0.4307349997280335
2020-08-21,572,Wisconsin,0.42719082221686655
2020-08-22,572,Wisconsin,0.42365274538135356
2020-08-23,572,Wisconsin,0.4201928116957841
2020-08-24,572,Wisconsin,0.41689645748507936
2020-08-25,572,Wisconsin,0.41385617835875715
2020-08-26,572,Wisconsin,0.4111690709623919
2020-08-27,572,Wisconsin,0.40893440126494124
2020-08-28,572,Wisconsin,0.407228252578691
2020-08-29,572,Wisconsin,0.4060683278010449
2020-08-30,572,Wisconsin,0.40549682525497355
2020-08-31,572,Wisconsin,0.40554683632696764
2020-09-01,572,Wisconsin,0.40622432949461584
2020-09-02,572,Wisconsin,0.4075075101187761
2020-09-03,572,Wisconsin,0.40935507113998054
2020-09-04,572,Wisconsin,0.41169291463693647
2020-09-05,572,Wisconsin,0.41438971994875146
2020-09-06,572,Wisconsin,0.417261265025985
2020-09-07,572,Wisconsin,0.42016796905569137
2020-09-08,572,Wisconsin,0.42297502004452286
2020-09-09,572,Wisconsin,0.42611917633628843
2020-09-10,572,Wisconsin,0.42921298800624386
2020-09-11,572,Wisconsin,0.43240944214225613
2020-09-12,572,Wisconsin,0.43604568818940714
2020-09-13,572,Wisconsin,0.44047182986356126
2020-09-14,572,Wisconsin,0.44570357310649567
2020-09-15,572,Wisconsin,0.4508333330877934
2020-09-16,572,Wisconsin,0.4563782684108996
2020-09-17,572,Wisconsin,0.46133870954075595
2020-09-18,572,Wisconsin,0.465595065331461
2020-09-19,572,Wisconsin,0.46921956625894873
2020-09-20,572,Wisconsin,0.47195353016142844
2020-09-21,572,Wisconsin,0.47367944278368246
2020-02-01,573,Wyoming,0.0
2020-02-02,573,Wyoming,0.0
2020-02-03,573,Wyoming,0.0
2020-02-04,573,Wyoming,0.0
2020-02-05,573,Wyoming,0.0
2020-02-06,573,Wyoming,0.0
2020-02-07,573,Wyoming,0.0
2020-02-08,573,Wyoming,0.0
2020-02-09,573,Wyoming,0.0
2020-02-10,573,Wyoming,0.0
2020-02-11,573,Wyoming,0.0
2020-02-12,573,Wyoming,0.0
2020-02-13,573,Wyoming,0.0
2020-02-14,573,Wyoming,0.0
2020-02-15,573,Wyoming,0.0
2020-02-16,573,Wyoming,0.0
2020-02-17,573,Wyoming,0.0
2020-02-18,573,Wyoming,0.0
2020-02-19,573,Wyoming,1.6865006868316517
2020-02-20,573,Wyoming,2.7341273675531457
2020-02-21,573,Wyoming,2.534111376914588
2020-02-22,573,Wyoming,1.991056331013002
2020-02-23,573,Wyoming,1.5851120961133545
2020-02-24,573,Wyoming,1.154104803939061
2020-02-25,573,Wyoming,0.9117920094520916
2020-02-26,573,Wyoming,0.7672586192795527
2020-02-27,573,Wyoming,0.675495687572896
2020-02-28,573,Wyoming,0.6136365973219335
2020-02-29,573,Wyoming,0.569933320768405
2020-03-01,573,Wyoming,0.5376541154961896
2020-03-02,573,Wyoming,0.5128892669019689
2020-03-03,573,Wyoming,0.49325308669044804
2020-03-04,573,Wyoming,0.4777227476320049
2020-03-05,573,Wyoming,0.4654441191054603
2020-03-06,573,Wyoming,0.4560982025300283
2020-03-07,573,Wyoming,0.44976307439309293
2020-03-08,573,Wyoming,0.4467745949870566
2020-03-09,573,Wyoming,0.4475993075412994
2020-03-10,573,Wyoming,0.45260205944588583
2020-03-11,573,Wyoming,0.4623009886697634
2020-03-12,573,Wyoming,0.47758477821872164
2020-03-13,573,Wyoming,0.4988058512670415
2020-03-14,573,Wyoming,0.526652189157542
2020-03-15,573,Wyoming,0.5618829177391292
2020-03-16,573,Wyoming,0.604731066909698
2020-03-17,573,Wyoming,0.6552968191910478
2020-03-18,573,Wyoming,0.7126073451729114
2020-03-19,573,Wyoming,0.7752890966071103
2020-03-20,573,Wyoming,0.8399774656393282
2020-03-21,573,Wyoming,0.9027986619952058
2020-03-22,573,Wyoming,0.9585014056312793
2020-03-23,573,Wyoming,1.0026172986539803
2020-03-24,573,Wyoming,1.0311242314380114
2020-03-25,573,Wyoming,1.041833602855094
2020-03-26,573,Wyoming,1.0336914404987256
2020-03-27,573,Wyoming,1.0074501223337045
2020-03-28,573,Wyoming,0.9636191072341762
2020-03-29,573,Wyoming,0.9057067905685094
2020-03-30,573,Wyoming,0.837644249591715
2020-03-31,573,Wyoming,0.7627031132832968
2020-04-01,573,Wyoming,0.6853029661712567
2020-04-02,573,Wyoming,0.608685736992893
2020-04-03,573,Wyoming,0.5357730621518557
2020-04-04,573,Wyoming,0.46856565315147053
2020-04-05,573,Wyoming,0.4083849449857919
2020-04-06,573,Wyoming,0.35609818293340684
2020-04-07,573,Wyoming,0.3116130108125334
2020-04-08,573,Wyoming,0.274723333437738
2020-04-09,573,Wyoming,0.24493471935702507
2020-04-10,573,Wyoming,0.2215667729565377
2020-04-11,573,Wyoming,0.20409465583753847
2020-04-12,573,Wyoming,0.1919371208878757
2020-04-13,573,Wyoming,0.18475562288219005
2020-04-14,573,Wyoming,0.18229586344726806
2020-04-15,573,Wyoming,0.18437731112630368
2020-04-16,573,Wyoming,0.1908790469547092
2020-04-17,573,Wyoming,0.20193647366830106
2020-04-18,573,Wyoming,0.2177204277498794
2020-04-19,573,Wyoming,0.23835624195042945
2020-04-20,573,Wyoming,0.26401451196881737
2020-04-21,573,Wyoming,0.29473993903877826
2020-04-22,573,Wyoming,0.33024466575464945
2020-04-23,573,Wyoming,0.36979853286988174
2020-04-24,573,Wyoming,0.41215128831586634
2020-04-25,573,Wyoming,0.4555073523294536
2020-04-26,573,Wyoming,0.49773600582011723
2020-04-27,573,Wyoming,0.536636537511864
2020-04-28,573,Wyoming,0.5702106809558337
2020-04-29,573,Wyoming,0.5968667463684176
2020-04-30,573,Wyoming,0.6154862316891676
2020-05-01,573,Wyoming,0.625682729784829
2020-05-02,573,Wyoming,0.6275785493556054
2020-05-03,573,Wyoming,0.6215932652555018
2020-05-04,573,Wyoming,0.608611143397454
2020-05-05,573,Wyoming,0.5895731404429438
2020-05-06,573,Wyoming,0.565649182394574
2020-05-07,573,Wyoming,0.5379637982795761
2020-05-08,573,Wyoming,0.5078213399469678
2020-05-09,573,Wyoming,0.4763672727109237
2020-05-10,573,Wyoming,0.4446165343047164
2020-05-11,573,Wyoming,0.41345880268371776
2020-05-12,573,Wyoming,0.38376956981282273
2020-05-13,573,Wyoming,0.35591300785689395
2020-05-14,573,Wyoming,0.33007413796019786
2020-05-15,573,Wyoming,0.3064590592034492
2020-05-16,573,Wyoming,0.2851566453276037
2020-05-17,573,Wyoming,0.26609522950265707
2020-05-18,573,Wyoming,0.24917294664319406
2020-05-19,573,Wyoming,0.2343244986144965
2020-05-20,573,Wyoming,0.22145152376310212
2020-05-21,573,Wyoming,0.21030925414737317
2020-05-22,573,Wyoming,0.20085445552952835
2020-05-23,573,Wyoming,0.1930220260608574
2020-05-24,573,Wyoming,0.18672570088173282
2020-05-25,573,Wyoming,0.181859710219832
2020-05-26,573,Wyoming,0.1783692660218308
2020-05-27,573,Wyoming,0.17614808917975885
2020-05-28,573,Wyoming,0.17526342865603756
2020-05-29,573,Wyoming,0.17577947887711984
2020-05-30,573,Wyoming,0.17775472077417076
2020-05-31,573,Wyoming,0.18123379486259364
2020-06-01,573,Wyoming,0.18630512641369784
2020-06-02,573,Wyoming,0.19310852639466916
2020-06-03,573,Wyoming,0.2018012460967185
2020-06-04,573,Wyoming,0.21252931136480133
2020-06-05,573,Wyoming,0.22541116171953288
2020-06-06,573,Wyoming,0.24052345418180335
2020-06-07,573,Wyoming,0.25788328769606833
2020-06-08,573,Wyoming,0.27750199636077005
2020-06-09,573,Wyoming,0.29925152470459065
2020-06-10,573,Wyoming,0.32293844199905414
2020-06-11,573,Wyoming,0.3482940658519936
2020-06-12,573,Wyoming,0.37501610689867443
2020-06-13,573,Wyoming,0.4025845599577558
2020-06-14,573,Wyoming,0.43036328217237096
2020-06-15,573,Wyoming,0.4576644566610768
2020-06-16,573,Wyoming,0.4836251829820221
2020-06-17,573,Wyoming,0.5073026523151255
2020-06-18,573,Wyoming,0.5278525555423629
2020-06-19,573,Wyoming,0.5444675659154129
2020-06-20,573,Wyoming,0.5565314128733129
2020-06-21,573,Wyoming,0.5632055397473802
2020-06-22,573,Wyoming,0.5645418151399798
2020-06-23,573,Wyoming,0.5605557260889802
2020-06-24,573,Wyoming,0.5513529097195783
2020-06-25,573,Wyoming,0.5371925515915993
2020-06-26,573,Wyoming,0.5188840179539821
2020-06-27,573,Wyoming,0.49726891336702134
2020-06-28,573,Wyoming,0.4731759295032863
2020-06-29,573,Wyoming,0.44763716351224964
2020-06-30,573,Wyoming,0.4215965685878762
2020-07-01,573,Wyoming,0.3959213600432504
2020-07-02,573,Wyoming,0.37145160798101495
2020-07-03,573,Wyoming,0.34893623337625645
2020-07-04,573,Wyoming,0.3288033270693183
2020-07-05,573,Wyoming,0.31149745217161284
2020-07-06,573,Wyoming,0.2973610631092905
2020-07-07,573,Wyoming,0.28658178910737636
2020-07-08,573,Wyoming,0.27934965453659893
2020-07-09,573,Wyoming,0.2758805347394735
2020-07-10,573,Wyoming,0.27621473335717756
2020-07-11,573,Wyoming,0.2805512770622053
2020-07-12,573,Wyoming,0.28906178122014564
2020-07-13,573,Wyoming,0.30184322044308887
2020-07-14,573,Wyoming,0.3188882501289612
2020-07-15,573,Wyoming,0.33999491728268333
2020-07-16,573,Wyoming,0.36478953967607913
2020-07-17,573,Wyoming,0.39266519071720574
2020-07-18,573,Wyoming,0.42266154604728257
2020-07-19,573,Wyoming,0.4534593372208871
2020-07-20,573,Wyoming,0.48348320274796247
2020-07-21,573,Wyoming,0.5110490214160157
2020-07-22,573,Wyoming,0.5346643933423494
2020-07-23,573,Wyoming,0.5530472573448582
2020-07-24,573,Wyoming,0.5652293290263107
2020-07-25,573,Wyoming,0.5709692522242613
2020-07-26,573,Wyoming,0.5703819521638368
2020-07-27,573,Wyoming,0.563919473051394
2020-07-28,573,Wyoming,0.5525062238797545
2020-07-29,573,Wyoming,0.5371067333597379
2020-07-30,573,Wyoming,0.5188003646060467
2020-07-31,573,Wyoming,0.49884281894774135
2020-08-01,573,Wyoming,0.4779906257762688
2020-08-02,573,Wyoming,0.4569660408183131
2020-08-03,573,Wyoming,0.4364453211123917
2020-08-04,573,Wyoming,0.4169132723400342
2020-08-05,573,Wyoming,0.39903722342522824
2020-08-06,573,Wyoming,0.38298956532828804
2020-08-07,573,Wyoming,0.3689358932474304
2020-08-08,573,Wyoming,0.3570876940118301
2020-08-09,573,Wyoming,0.3476665919195135
2020-08-10,573,Wyoming,0.34072373661934313
2020-08-11,573,Wyoming,0.33618866896667077
2020-08-12,573,Wyoming,0.3339745350772823
2020-08-13,573,Wyoming,0.3339274396964542
2020-08-14,573,Wyoming,0.33582116170373083
2020-08-15,573,Wyoming,0.3394689698127996
2020-08-16,573,Wyoming,0.34426845619143603
2020-08-17,573,Wyoming,0.3499374041646958
2020-08-18,573,Wyoming,0.3561686118184505
2020-08-19,573,Wyoming,0.3625955126701979
2020-08-20,573,Wyoming,0.36881198712389374
2020-08-21,573,Wyoming,0.3743923892780941
2020-08-22,573,Wyoming,0.3790063143410876
2020-08-23,573,Wyoming,0.38254607905758015
2020-08-24,573,Wyoming,0.38498217111763444
2020-08-25,573,Wyoming,0.38636575110745747
2020-08-26,573,Wyoming,0.3868115959218481
2020-08-27,573,Wyoming,0.38644911591843795
2020-08-28,573,Wyoming,0.38536495412825833
2020-08-29,573,Wyoming,0.3835442532412185
2020-08-30,573,Wyoming,0.38084583992624627
2020-08-31,573,Wyoming,0.37716477332037207
2020-09-01,573,Wyoming,0.3727876033744578
2020-09-02,573,Wyoming,0.3683151488838908
2020-09-03,573,Wyoming,0.3643137512550288
2020-09-04,573,Wyoming,0.3613074479542744
2020-09-05,573,Wyoming,0.35968400293135877
2020-09-06,573,Wyoming,0.3593378352738886
2020-09-07,573,Wyoming,0.3599446291820713
2020-09-08,573,Wyoming,0.36111706856804027
2020-09-09,573,Wyoming,0.36244556362489644
2020-09-10,573,Wyoming,0.36357711184392505
2020-09-11,573,Wyoming,0.3641462219358103
2020-09-12,573,Wyoming,0.36395891709348327
2020-09-13,573,Wyoming,0.3628850924644638
2020-09-14,573,Wyoming,0.36071640172413777
2020-09-15,573,Wyoming,0.3573500974072132
2020-09-16,573,Wyoming,0.35265063816715597
2020-09-17,573,Wyoming,0.34667868268111846
2020-09-18,573,Wyoming,0.3399156560865283
2020-09-19,573,Wyoming,0.3326394805845305
2020-09-20,573,Wyoming,0.3251453007055354
2020-09-21,573,Wyoming,0.3179068173381104
